{"_id":"graphlib","_rev":"115-d5019af5eb965f82030e815b13b0bbee","name":"graphlib","description":"A directed and undirected multi-graph library","dist-tags":{"latest":"2.1.5"},"versions":{"0.0.1":{"name":"graphlib","version":"0.0.1","description":"A directed multi-graph library","main":"graphlib.js","keywords":["graph"],"devDependencies":{"chai":"1.7.x","mocha":"1.12.x","uglify-js":"1.2.3"},"author":{"name":"Chris Pettitt","email":"chris@samsarin.com"},"repository":{"type":"git","url":"https://github.com/cpettitt/dagre.git"},"license":"MIT","testling":{"files":["test/**/*.js"],"browsers":["ie/8..latest","firefox/17..latest","firefox/nightly","chrome/22..latest","chrome/canary","opera/12..latest","opera/next","safari/5.1..latest","ipad/6.0..latest","iphone/6.0..latest","android-browser/4.2..latest"],"harness":"mocha"},"bugs":{"url":"https://github.com/cpettitt/dagre/issues"},"_id":"graphlib@0.0.1","dist":{"shasum":"2bf8c4b20726bd0f9e54e89f7949fe99f23df865","tarball":"https://registry.npmjs.org/graphlib/-/graphlib-0.0.1.tgz"},"_from":".","_npmVersion":"1.3.8","_npmUser":{"name":"cpettitt","email":"chris@samsarin.com"},"maintainers":[{"name":"cpettitt","email":"chris@samsarin.com"}],"directories":{}},"0.0.2":{"name":"graphlib","version":"0.0.2","description":"A directed multi-graph library","main":"index.js","keywords":["graph"],"devDependencies":{"browserify":"2.28.x","chai":"1.7.x","mocha":"1.12.x","uglify-js":"1.2.3"},"author":{"name":"Chris Pettitt","email":"chris@samsarin.com"},"repository":{"type":"git","url":"https://github.com/cpettitt/graphlib.git"},"license":"MIT","testling":{"files":["test/**/*.js"],"browsers":["ie/8..latest","firefox/17..latest","firefox/nightly","chrome/22..latest","chrome/canary","opera/12..latest","opera/next","safari/5.1..latest","ipad/6.0..latest","iphone/6.0..latest","android-browser/4.2..latest"],"harness":"mocha"},"bugs":{"url":"https://github.com/cpettitt/graphlib/issues"},"_id":"graphlib@0.0.2","dist":{"shasum":"439c5253bc1ff4ea264de6106c322da4e7b48552","tarball":"https://registry.npmjs.org/graphlib/-/graphlib-0.0.2.tgz"},"_from":".","_npmVersion":"1.3.8","_npmUser":{"name":"cpettitt","email":"chris@samsarin.com"},"maintainers":[{"name":"cpettitt","email":"chris@samsarin.com"}],"directories":{}},"0.0.3":{"name":"graphlib","version":"0.0.3","description":"A  multi-graph library","main":"index.js","keywords":["graph"],"devDependencies":{"browserify":"2.28.x","chai":"1.7.x","dox-foundation":"~0.5.2","mocha":"1.12.x","semver":"2.1.x","uglify-js":"1.2.3"},"author":{"name":"Chris Pettitt","email":"chris@samsarin.com"},"repository":{"type":"git","url":"https://github.com/cpettitt/graphlib.git"},"license":"MIT","testling":{"files":["test/**/*.js"],"browsers":["ie/8..latest","firefox/17..latest","firefox/nightly","chrome/22..latest","chrome/canary","opera/12..latest","opera/next","safari/5.1..latest","ipad/6.0..latest","iphone/6.0..latest","android-browser/4.2..latest"],"harness":"mocha"},"bugs":{"url":"https://github.com/cpettitt/graphlib/issues"},"_id":"graphlib@0.0.3","dist":{"shasum":"547efcf448771fdc8283737d78a4c2d7a1813bc2","tarball":"https://registry.npmjs.org/graphlib/-/graphlib-0.0.3.tgz"},"_from":".","_npmVersion":"1.3.8","_npmUser":{"name":"cpettitt","email":"chris@samsarin.com"},"maintainers":[{"name":"cpettitt","email":"chris@samsarin.com"}],"directories":{}},"0.0.4":{"name":"graphlib","version":"0.0.4","description":"A  multi-graph library","main":"index.js","keywords":["graph"],"devDependencies":{"browserify":"2.28.x","chai":"1.7.x","dox-foundation":"~0.5.2","mocha":"1.12.x","semver":"2.1.x","uglify-js":"1.2.3"},"author":{"name":"Chris Pettitt","email":"chris@samsarin.com"},"repository":{"type":"git","url":"https://github.com/cpettitt/graphlib.git"},"license":"MIT","testling":{"files":["test/**/*.js"],"browsers":["ie/8..latest","firefox/17..latest","firefox/nightly","chrome/22..latest","chrome/canary","opera/12..latest","opera/next","safari/5.1..latest","ipad/6.0..latest","iphone/6.0..latest","android-browser/4.2..latest"],"harness":"mocha"},"bugs":{"url":"https://github.com/cpettitt/graphlib/issues"},"_id":"graphlib@0.0.4","dist":{"shasum":"83f6c41cdbed84f3589e6454c5c6d4663a37d079","tarball":"https://registry.npmjs.org/graphlib/-/graphlib-0.0.4.tgz"},"_from":".","_npmVersion":"1.3.8","_npmUser":{"name":"cpettitt","email":"chris@samsarin.com"},"maintainers":[{"name":"cpettitt","email":"chris@samsarin.com"}],"directories":{}},"0.0.5":{"name":"graphlib","version":"0.0.5","description":"A  multi-graph library","main":"index.js","keywords":["graph"],"devDependencies":{"browserify":"2.28.x","chai":"1.7.x","dox-foundation":"~0.5.2","mocha":"1.12.x","semver":"2.1.x","uglify-js":"1.2.3"},"author":{"name":"Chris Pettitt","email":"chris@samsarin.com"},"repository":{"type":"git","url":"https://github.com/cpettitt/graphlib.git"},"license":"MIT","testling":{"files":["test/**/*.js"],"browsers":["ie/9..latest","firefox/17..latest","firefox/nightly","chrome/22..latest","chrome/canary","opera/12..latest","opera/next","safari/5.1..latest","ipad/6.0..latest","iphone/6.0..latest","android-browser/4.2..latest"],"harness":"mocha"},"bugs":{"url":"https://github.com/cpettitt/graphlib/issues"},"_id":"graphlib@0.0.5","dist":{"shasum":"5cdd4398b1c3c0b552164e962c9eca0bdd8fdf12","tarball":"https://registry.npmjs.org/graphlib/-/graphlib-0.0.5.tgz"},"_from":".","_npmVersion":"1.3.8","_npmUser":{"name":"cpettitt","email":"chris@samsarin.com"},"maintainers":[{"name":"cpettitt","email":"chris@samsarin.com"}],"directories":{}},"0.0.6":{"name":"graphlib","version":"0.0.6","description":"A  multi-graph library","main":"index.js","keywords":["graph"],"devDependencies":{"browserify":"2.28.x","chai":"1.7.x","dox-foundation":"~0.5.2","mocha":"1.12.x","semver":"2.1.x","uglify-js":"1.2.3"},"author":{"name":"Chris Pettitt","email":"chris@samsarin.com"},"repository":{"type":"git","url":"https://github.com/cpettitt/graphlib.git"},"license":"MIT","testling":{"files":["test/**/*.js"],"browsers":["ie/9..latest","firefox/17..latest","firefox/nightly","chrome/22..latest","chrome/canary","opera/12..latest","opera/next","safari/5.1..latest","ipad/6.0..latest","iphone/6.0..latest","android-browser/4.2..latest"],"harness":"mocha"},"bugs":{"url":"https://github.com/cpettitt/graphlib/issues"},"_id":"graphlib@0.0.6","dist":{"shasum":"24bd2500484708b421bbcfe2dc670a7601775b89","tarball":"https://registry.npmjs.org/graphlib/-/graphlib-0.0.6.tgz"},"_from":".","_npmVersion":"1.3.8","_npmUser":{"name":"cpettitt","email":"chris@samsarin.com"},"maintainers":[{"name":"cpettitt","email":"chris@samsarin.com"}],"directories":{}},"0.1.0":{"name":"graphlib","version":"0.1.0","description":"A  multi-graph library","main":"index.js","keywords":["graph"],"devDependencies":{"browserify":"2.28.x","chai":"1.7.x","dox-foundation":"~0.5.2","mocha":"1.12.x","semver":"2.1.x","uglify-js":"1.2.3"},"author":{"name":"Chris Pettitt","email":"chris@samsarin.com"},"repository":{"type":"git","url":"https://github.com/cpettitt/graphlib.git"},"license":"MIT","testling":{"files":["test/**/*.js"],"browsers":["ie/9..latest","firefox/17..latest","firefox/nightly","chrome/22..latest","chrome/canary","opera/12..latest","opera/next","safari/5.1..latest","ipad/6.0..latest","iphone/6.0..latest","android-browser/4.2..latest"],"harness":"mocha"},"bugs":{"url":"https://github.com/cpettitt/graphlib/issues"},"_id":"graphlib@0.1.0","dist":{"shasum":"ae9be495cd159b057ea5c2600ff72e6c8f09e1ef","tarball":"https://registry.npmjs.org/graphlib/-/graphlib-0.1.0.tgz"},"_from":".","_npmVersion":"1.3.8","_npmUser":{"name":"cpettitt","email":"chris@samsarin.com"},"maintainers":[{"name":"cpettitt","email":"chris@samsarin.com"}],"directories":{}},"0.1.1":{"name":"graphlib","version":"0.1.1","description":"A  multi-graph library","main":"index.js","keywords":["graph"],"devDependencies":{"browserify":"2.28.x","chai":"1.7.x","dox-foundation":"~0.5.2","mocha":"1.12.x","semver":"2.1.x","uglify-js":"1.2.3"},"author":{"name":"Chris Pettitt","email":"chris@samsarin.com"},"repository":{"type":"git","url":"https://github.com/cpettitt/graphlib.git"},"license":"MIT","testling":{"files":["test/**/*.js"],"browsers":["ie/9..latest","firefox/17..latest","firefox/nightly","chrome/22..latest","chrome/canary","opera/12..latest","opera/next","safari/5.1..latest","ipad/6.0..latest","iphone/6.0..latest","android-browser/4.2..latest"],"harness":"mocha"},"bugs":{"url":"https://github.com/cpettitt/graphlib/issues"},"_id":"graphlib@0.1.1","dist":{"shasum":"7e28d0501dd5e3e74c7d9f6a8caf96b3b168cebf","tarball":"https://registry.npmjs.org/graphlib/-/graphlib-0.1.1.tgz"},"_from":".","_npmVersion":"1.3.8","_npmUser":{"name":"cpettitt","email":"chris@samsarin.com"},"maintainers":[{"name":"cpettitt","email":"chris@samsarin.com"}],"directories":{}},"0.2.0":{"name":"graphlib","version":"0.2.0","description":"A  multi-graph library","main":"index.js","keywords":["graph"],"scripts":{},"devDependencies":{"blanket":"1.x.x","browserify":"2.28.x","chai":"1.7.x","dox-foundation":"~0.5.2","mocha":"1.12.x","semver":"2.1.x","uglify-js":"1.2.3"},"author":{"name":"Chris Pettitt","email":"chris@samsarin.com"},"repository":{"type":"git","url":"https://github.com/cpettitt/graphlib.git"},"license":"MIT","testling":{"files":["test/**/*.js"],"browsers":["ie/9..latest","firefox/17..latest","firefox/nightly","chrome/22..latest","chrome/canary","opera/12..latest","opera/next","safari/5.1..latest","ipad/6.0..latest","iphone/6.0..latest","android-browser/4.2..latest"],"harness":"mocha"},"bugs":{"url":"https://github.com/cpettitt/graphlib/issues"},"_id":"graphlib@0.2.0","dist":{"shasum":"0c64906b85731724a7d23f39828618115af3facf","tarball":"https://registry.npmjs.org/graphlib/-/graphlib-0.2.0.tgz"},"_from":".","_npmVersion":"1.3.8","_npmUser":{"name":"cpettitt","email":"chris@samsarin.com"},"maintainers":[{"name":"cpettitt","email":"chris@samsarin.com"}],"directories":{}},"0.2.1":{"name":"graphlib","version":"0.2.1","description":"A  multi-graph library","main":"index.js","keywords":["graph"],"scripts":{},"devDependencies":{"blanket":"1.x.x","browserify":"2.28.x","chai":"1.7.x","dox-foundation":"~0.5.2","mocha":"1.12.x","semver":"2.1.x","uglify-js":"1.2.3"},"author":{"name":"Chris Pettitt","email":"chris@samsarin.com"},"repository":{"type":"git","url":"https://github.com/cpettitt/graphlib.git"},"license":"MIT","testling":{"files":["test/**/*.js"],"browsers":["ie/9..latest","firefox/17..latest","firefox/nightly","chrome/22..latest","chrome/canary","opera/12..latest","opera/next","safari/5.1..latest","ipad/6.0..latest","iphone/6.0..latest","android-browser/4.2..latest"],"harness":"mocha"},"bugs":{"url":"https://github.com/cpettitt/graphlib/issues"},"_id":"graphlib@0.2.1","dist":{"shasum":"b9a454d7dc4c7cb901e398e609305f7ab11bb734","tarball":"https://registry.npmjs.org/graphlib/-/graphlib-0.2.1.tgz"},"_from":".","_npmVersion":"1.3.8","_npmUser":{"name":"cpettitt","email":"chris@samsarin.com"},"maintainers":[{"name":"cpettitt","email":"chris@samsarin.com"}],"directories":{}},"0.3.0":{"name":"graphlib","version":"0.3.0","description":"A directed and undirected multi-graph library","main":"index.js","keywords":["graph"],"scripts":{},"devDependencies":{"blanket":"1.x.x","browserify":"2.28.x","chai":"1.7.x","dox-foundation":"~0.5.2","mocha":"1.12.x","semver":"2.1.x","uglify-js":"1.2.3"},"author":{"name":"Chris Pettitt","email":"chris@samsarin.com"},"repository":{"type":"git","url":"https://github.com/cpettitt/graphlib.git"},"license":"MIT","testling":{"files":["test/**/*.js"],"browsers":["ie/9..latest","firefox/17..latest","firefox/nightly","chrome/22..latest","chrome/canary","opera/12..latest","opera/next","safari/5.1..latest","ipad/6.0..latest","iphone/6.0..latest","android-browser/4.2..latest"],"harness":"mocha"},"bugs":{"url":"https://github.com/cpettitt/graphlib/issues"},"_id":"graphlib@0.3.0","dist":{"shasum":"d9cf7e5221e1080163f89b24c711ffe2ad2fa1bc","tarball":"https://registry.npmjs.org/graphlib/-/graphlib-0.3.0.tgz"},"_from":".","_npmVersion":"1.3.8","_npmUser":{"name":"cpettitt","email":"chris@samsarin.com"},"maintainers":[{"name":"cpettitt","email":"chris@samsarin.com"}],"directories":{}},"0.3.1":{"name":"graphlib","version":"0.3.1","description":"A directed and undirected multi-graph library","main":"index.js","keywords":["graph"],"scripts":{},"devDependencies":{"blanket":"1.x.x","browserify":"2.28.x","chai":"1.7.x","dox-foundation":"~0.5.2","mocha":"1.12.x","semver":"2.1.x","uglify-js":"1.2.3"},"author":{"name":"Chris Pettitt","email":"chris@samsarin.com"},"repository":{"type":"git","url":"https://github.com/cpettitt/graphlib.git"},"license":"MIT","testling":{"files":["test/**/*.js"],"browsers":["ie/9..latest","firefox/17..latest","firefox/nightly","chrome/22..latest","chrome/canary","opera/12..latest","opera/next","safari/5.1..latest","ipad/6.0..latest","iphone/6.0..latest","android-browser/4.2..latest"],"harness":"mocha"},"bugs":{"url":"https://github.com/cpettitt/graphlib/issues"},"_id":"graphlib@0.3.1","dist":{"shasum":"a0ea4b1123bad0cf91b51a06f58eb7ae69daecc5","tarball":"https://registry.npmjs.org/graphlib/-/graphlib-0.3.1.tgz"},"_from":".","_npmVersion":"1.3.8","_npmUser":{"name":"cpettitt","email":"chris@samsarin.com"},"maintainers":[{"name":"cpettitt","email":"chris@samsarin.com"}],"directories":{}},"0.3.2":{"name":"graphlib","version":"0.3.2","description":"A directed and undirected multi-graph library","main":"index.js","keywords":["graph"],"scripts":{},"devDependencies":{"blanket":"1.x.x","browserify":"2.28.x","chai":"1.7.x","jade":"0.35.x","marked":"0.2.x","mocha":"1.12.x","semver":"2.1.x","uglify-js":"1.2.3"},"author":{"name":"Chris Pettitt","email":"chris@samsarin.com"},"repository":{"type":"git","url":"https://github.com/cpettitt/graphlib.git"},"license":"MIT","testling":{"files":["test/**/*.js"],"browsers":["ie/9..latest","firefox/17..latest","firefox/nightly","chrome/22..latest","chrome/canary","opera/12..latest","opera/next","safari/5.1..latest","ipad/6.0..latest","iphone/6.0..latest","android-browser/4.2..latest"],"harness":"mocha"},"bugs":{"url":"https://github.com/cpettitt/graphlib/issues"},"_id":"graphlib@0.3.2","dist":{"shasum":"cf6d064a5a709354a52af00c12b7d988702ea436","tarball":"https://registry.npmjs.org/graphlib/-/graphlib-0.3.2.tgz"},"_from":".","_npmVersion":"1.3.8","_npmUser":{"name":"cpettitt","email":"chris@samsarin.com"},"maintainers":[{"name":"cpettitt","email":"chris@samsarin.com"}],"directories":{}},"0.3.3":{"name":"graphlib","version":"0.3.3","description":"A directed and undirected multi-graph library","main":"index.js","keywords":["graph"],"scripts":{},"devDependencies":{"blanket":"1.x.x","browserify":"2.28.x","chai":"1.7.x","jade":"0.35.x","marked":"0.2.x","mocha":"1.12.x","semver":"2.1.x","uglify-js":"1.2.3"},"author":{"name":"Chris Pettitt","email":"chris@samsarin.com"},"repository":{"type":"git","url":"https://github.com/cpettitt/graphlib.git"},"license":"MIT","testling":{"files":["test/**/*.js"],"browsers":["ie/9..latest","firefox/17..latest","firefox/nightly","chrome/22..latest","chrome/canary","opera/12..latest","opera/next","safari/5.1..latest","ipad/6.0..latest","iphone/6.0..latest","android-browser/4.2..latest"],"harness":"mocha"},"bugs":{"url":"https://github.com/cpettitt/graphlib/issues"},"_id":"graphlib@0.3.3","dist":{"shasum":"250428c2812cf9e48f19594e0cfc4fdd200b5b8b","tarball":"https://registry.npmjs.org/graphlib/-/graphlib-0.3.3.tgz"},"_from":".","_npmVersion":"1.3.8","_npmUser":{"name":"cpettitt","email":"chris@samsarin.com"},"maintainers":[{"name":"cpettitt","email":"chris@samsarin.com"}],"directories":{}},"0.4.0":{"name":"graphlib","version":"0.4.0","description":"A directed and undirected multi-graph library","main":"index.js","keywords":["graph","algorithms"],"scripts":{},"devDependencies":{"blanket":"1.x.x","browserify":"2.28.x","chai":"1.7.x","jade":"0.35.x","marked":"0.2.x","mocha":"1.12.x","semver":"2.1.x","uglify-js":"1.2.3"},"author":{"name":"Chris Pettitt","email":"chris@samsarin.com"},"repository":{"type":"git","url":"https://github.com/cpettitt/graphlib.git"},"license":"MIT","testling":{"files":["test/**/*.js"],"browsers":["ie/8..latest","firefox/17..latest","firefox/nightly","chrome/22..latest","chrome/canary","opera/12..latest","opera/next","safari/5.1..latest","ipad/6.0..latest","iphone/6.0..latest","android-browser/4.2..latest"],"harness":"mocha"},"bugs":{"url":"https://github.com/cpettitt/graphlib/issues"},"_id":"graphlib@0.4.0","dist":{"shasum":"d36d1b95cdf13411f589525a9157da458f00f40b","tarball":"https://registry.npmjs.org/graphlib/-/graphlib-0.4.0.tgz"},"_from":".","_npmVersion":"1.3.8","_npmUser":{"name":"cpettitt","email":"chris@samsarin.com"},"maintainers":[{"name":"cpettitt","email":"chris@samsarin.com"}],"directories":{}},"0.4.1":{"name":"graphlib","version":"0.4.1","description":"A directed and undirected multi-graph library","main":"index.js","keywords":["graph","algorithms"],"scripts":{},"devDependencies":{"blanket":"1.x.x","browserify":"2.28.x","chai":"1.7.x","jade":"0.35.x","marked":"0.2.x","mocha":"1.12.x","semver":"2.1.x","uglify-js":"1.2.3"},"author":{"name":"Chris Pettitt","email":"chris@samsarin.com"},"repository":{"type":"git","url":"https://github.com/cpettitt/graphlib.git"},"license":"MIT","testling":{"files":["test/**/*.js"],"browsers":["ie/8..latest","firefox/17..latest","firefox/nightly","chrome/22..latest","chrome/canary","opera/12..latest","opera/next","safari/5.1..latest","ipad/6.0..latest","iphone/6.0..latest","android-browser/4.2..latest"],"harness":"mocha"},"bugs":{"url":"https://github.com/cpettitt/graphlib/issues"},"_id":"graphlib@0.4.1","dist":{"shasum":"db350578328a384cb35f112ed929d9a63eae29b5","tarball":"https://registry.npmjs.org/graphlib/-/graphlib-0.4.1.tgz"},"_from":".","_npmVersion":"1.3.8","_npmUser":{"name":"cpettitt","email":"chris@samsarin.com"},"maintainers":[{"name":"cpettitt","email":"chris@samsarin.com"}],"directories":{}},"0.4.2":{"name":"graphlib","version":"0.4.2","description":"A directed and undirected multi-graph library","main":"index.js","keywords":["graph","algorithms"],"scripts":{},"devDependencies":{"blanket":"1.x.x","browserify":"2.28.x","chai":"1.7.x","jade":"0.35.x","marked":"0.2.x","mocha":"1.12.x","semver":"2.1.x","uglify-js":"1.2.3"},"author":{"name":"Chris Pettitt","email":"chris@samsarin.com"},"repository":{"type":"git","url":"https://github.com/cpettitt/graphlib.git"},"license":"MIT","testling":{"files":["test/**/*.js"],"browsers":["ie/8..latest","firefox/17..latest","firefox/nightly","chrome/22..latest","chrome/canary","opera/12..latest","opera/next","safari/5.1..latest","ipad/6.0..latest","iphone/6.0..latest","android-browser/4.2..latest"],"harness":"mocha"},"bugs":{"url":"https://github.com/cpettitt/graphlib/issues"},"_id":"graphlib@0.4.2","dist":{"shasum":"d2dbaefe3839adb145139dbaec66449f7d1d9018","tarball":"https://registry.npmjs.org/graphlib/-/graphlib-0.4.2.tgz"},"_from":".","_npmVersion":"1.3.8","_npmUser":{"name":"cpettitt","email":"chris@samsarin.com"},"maintainers":[{"name":"cpettitt","email":"chris@samsarin.com"}],"directories":{}},"0.5.0":{"name":"graphlib","version":"0.5.0","description":"A directed and undirected multi-graph library","main":"index.js","keywords":["graph","algorithms"],"scripts":{},"devDependencies":{"blanket":"1.x.x","browserify":"2.28.x","chai":"1.7.x","jade":"0.35.x","marked":"0.2.x","mocha":"1.12.x","semver":"2.1.x","uglify-js":"1.2.3"},"author":{"name":"Chris Pettitt","email":"chris@samsarin.com"},"repository":{"type":"git","url":"https://github.com/cpettitt/graphlib.git"},"license":"MIT","testling":{"files":["test/**/*.js"],"browsers":["ie/8..latest","firefox/17..latest","firefox/nightly","chrome/22..latest","chrome/canary","opera/12..latest","opera/next","safari/5.1..latest","ipad/6.0..latest","iphone/6.0..latest","android-browser/4.2..latest"],"harness":"mocha"},"bugs":{"url":"https://github.com/cpettitt/graphlib/issues"},"_id":"graphlib@0.5.0","dist":{"shasum":"04d47f5db18483d2075b9484002e6d513802e224","tarball":"https://registry.npmjs.org/graphlib/-/graphlib-0.5.0.tgz"},"_from":".","_npmVersion":"1.3.8","_npmUser":{"name":"cpettitt","email":"chris@samsarin.com"},"maintainers":[{"name":"cpettitt","email":"chris@samsarin.com"}],"directories":{}},"0.5.1":{"name":"graphlib","version":"0.5.1","description":"A directed and undirected multi-graph library","main":"index.js","keywords":["graph","algorithms"],"scripts":{},"devDependencies":{"blanket":"1.x.x","browserify":"2.28.x","chai":"1.7.x","jade":"0.35.x","marked":"0.2.x","mocha":"1.12.x","semver":"2.1.x","uglify-js":"1.2.3"},"author":{"name":"Chris Pettitt","email":"chris@samsarin.com"},"repository":{"type":"git","url":"https://github.com/cpettitt/graphlib.git"},"license":"MIT","testling":{"files":["test/**/*.js"],"browsers":["ie/8..latest","firefox/17..latest","firefox/nightly","chrome/22..latest","chrome/canary","opera/12..latest","opera/next","safari/5.1..latest","ipad/6.0..latest","iphone/6.0..latest","android-browser/4.2..latest"],"harness":"mocha"},"bugs":{"url":"https://github.com/cpettitt/graphlib/issues"},"_id":"graphlib@0.5.1","dist":{"shasum":"e98e5de206fe465d6b352111a68c0ea84fa5885e","tarball":"https://registry.npmjs.org/graphlib/-/graphlib-0.5.1.tgz"},"_from":".","_npmVersion":"1.3.8","_npmUser":{"name":"cpettitt","email":"chris@samsarin.com"},"maintainers":[{"name":"cpettitt","email":"chris@samsarin.com"}],"directories":{}},"0.5.2":{"name":"graphlib","version":"0.5.2","description":"A directed and undirected multi-graph library","main":"index.js","keywords":["graph","algorithms"],"scripts":{},"devDependencies":{"blanket":"1.x.x","browserify":"2.28.x","chai":"1.7.x","jade":"0.35.x","marked":"0.2.x","mocha":"1.12.x","semver":"2.1.x","uglify-js":"1.2.3"},"author":{"name":"Chris Pettitt","email":"chris@samsarin.com"},"repository":{"type":"git","url":"https://github.com/cpettitt/graphlib.git"},"license":"MIT","testling":{"files":["test/**/*.js"],"browsers":["ie/8..latest","firefox/17..latest","firefox/nightly","chrome/22..latest","chrome/canary","opera/12..latest","opera/next","safari/5.1..latest","ipad/6.0..latest","iphone/6.0..latest","android-browser/4.2..latest"],"harness":"mocha"},"bugs":{"url":"https://github.com/cpettitt/graphlib/issues"},"_id":"graphlib@0.5.2","dist":{"shasum":"ffdc36eefe3006988ba57ff5af0f3486b10b95e7","tarball":"https://registry.npmjs.org/graphlib/-/graphlib-0.5.2.tgz"},"_from":".","_npmVersion":"1.3.8","_npmUser":{"name":"cpettitt","email":"chris@samsarin.com"},"maintainers":[{"name":"cpettitt","email":"chris@samsarin.com"}],"directories":{}},"0.5.3":{"name":"graphlib","version":"0.5.3","description":"A directed and undirected multi-graph library","main":"index.js","keywords":["graph","algorithms"],"scripts":{},"devDependencies":{"blanket":"1.x.x","browserify":"2.28.x","chai":"1.7.x","jade":"0.35.x","marked":"0.2.x","mocha":"1.12.x","semver":"2.1.x","uglify-js":"1.2.3"},"author":{"name":"Chris Pettitt","email":"chris@samsarin.com"},"repository":{"type":"git","url":"https://github.com/cpettitt/graphlib.git"},"license":"MIT","testling":{"files":["test/**/*.js"],"browsers":["ie/8..latest","firefox/17..latest","firefox/nightly","chrome/22..latest","chrome/canary","opera/12..latest","opera/next","safari/5.1..latest","ipad/6.0..latest","iphone/6.0..latest","android-browser/4.2..latest"],"harness":"mocha"},"bugs":{"url":"https://github.com/cpettitt/graphlib/issues"},"_id":"graphlib@0.5.3","dist":{"shasum":"faee41faa5b72d4e7ee7561d994d394b7a1d0240","tarball":"https://registry.npmjs.org/graphlib/-/graphlib-0.5.3.tgz"},"_from":".","_npmVersion":"1.3.8","_npmUser":{"name":"cpettitt","email":"chris@samsarin.com"},"maintainers":[{"name":"cpettitt","email":"chris@samsarin.com"}],"directories":{}},"0.5.4":{"name":"graphlib","version":"0.5.4","description":"A directed and undirected multi-graph library","main":"index.js","keywords":["graph","algorithms"],"scripts":{},"devDependencies":{"blanket":"1.x.x","browserify":"2.28.x","chai":"1.7.x","jade":"0.35.x","marked":"0.2.x","mocha":"1.12.x","semver":"2.1.x","uglify-js":"1.2.3"},"author":{"name":"Chris Pettitt","email":"chris@samsarin.com"},"repository":{"type":"git","url":"https://github.com/cpettitt/graphlib.git"},"license":"MIT","testling":{"files":["test/**/*.js"],"browsers":["ie/8..latest","firefox/17..latest","firefox/nightly","chrome/22..latest","chrome/canary","opera/12..latest","opera/next","safari/5.1..latest","ipad/6.0..latest","iphone/6.0..latest","android-browser/4.2..latest"],"harness":"mocha"},"bugs":{"url":"https://github.com/cpettitt/graphlib/issues"},"_id":"graphlib@0.5.4","dist":{"shasum":"fa439adf0a1dc7c440ee4d29a9d091162ade790e","tarball":"https://registry.npmjs.org/graphlib/-/graphlib-0.5.4.tgz"},"_from":".","_npmVersion":"1.3.8","_npmUser":{"name":"cpettitt","email":"chris@samsarin.com"},"maintainers":[{"name":"cpettitt","email":"chris@samsarin.com"}],"directories":{}},"0.5.5":{"name":"graphlib","version":"0.5.5","description":"A directed and undirected multi-graph library","main":"index.js","keywords":["graph","algorithms"],"scripts":{},"devDependencies":{"blanket":"1.x.x","browserify":"2.28.x","chai":"1.7.x","jade":"0.35.x","marked":"0.2.x","mocha":"1.12.x","semver":"2.1.x","uglify-js":"1.2.3"},"author":{"name":"Chris Pettitt","email":"chris@samsarin.com"},"repository":{"type":"git","url":"https://github.com/cpettitt/graphlib.git"},"license":"MIT","testling":{"files":["test/**/*.js"],"browsers":["ie/8..latest","firefox/17..latest","firefox/nightly","chrome/22..latest","chrome/canary","opera/12..latest","opera/next","safari/5.1..latest","ipad/6.0..latest","iphone/6.0..latest","android-browser/4.2..latest"],"harness":"mocha"},"bugs":{"url":"https://github.com/cpettitt/graphlib/issues"},"_id":"graphlib@0.5.5","dist":{"shasum":"d477106e6698e19127ac79b4804bd7d52097f8d2","tarball":"https://registry.npmjs.org/graphlib/-/graphlib-0.5.5.tgz"},"_from":".","_npmVersion":"1.3.8","_npmUser":{"name":"cpettitt","email":"chris@samsarin.com"},"maintainers":[{"name":"cpettitt","email":"chris@samsarin.com"}],"directories":{}},"0.5.6":{"name":"graphlib","version":"0.5.6","description":"A directed and undirected multi-graph library","main":"index.js","keywords":["graph","algorithms"],"scripts":{},"devDependencies":{"blanket":"1.x.x","browserify":"2.28.x","chai":"1.7.x","jade":"0.35.x","marked":"0.2.x","mocha":"1.12.x","semver":"2.1.x","uglify-js":"1.2.3"},"author":{"name":"Chris Pettitt","email":"chris@samsarin.com"},"repository":{"type":"git","url":"https://github.com/cpettitt/graphlib.git"},"license":"MIT","testling":{"files":["test/**/*.js"],"browsers":["ie/8..latest","firefox/17..latest","firefox/nightly","chrome/22..latest","chrome/canary","opera/12..latest","opera/next","safari/5.1..latest","ipad/6.0..latest","iphone/6.0..latest","android-browser/4.2..latest"],"harness":"mocha"},"bugs":{"url":"https://github.com/cpettitt/graphlib/issues"},"_id":"graphlib@0.5.6","dist":{"shasum":"e8804b0df933f02eca9590c5365bc5d031754260","tarball":"https://registry.npmjs.org/graphlib/-/graphlib-0.5.6.tgz"},"_from":".","_npmVersion":"1.3.8","_npmUser":{"name":"cpettitt","email":"chris@samsarin.com"},"maintainers":[{"name":"cpettitt","email":"chris@samsarin.com"}],"directories":{}},"0.5.7":{"name":"graphlib","version":"0.5.7","description":"A directed and undirected multi-graph library","main":"index.js","keywords":["graph","algorithms"],"scripts":{},"devDependencies":{"blanket":"1.x.x","browserify":"2.28.x","chai":"1.7.x","jade":"0.35.x","marked":"0.2.x","mocha":"1.12.x","semver":"2.1.x","uglify-js":"1.2.3"},"author":{"name":"Chris Pettitt","email":"chris@samsarin.com"},"repository":{"type":"git","url":"https://github.com/cpettitt/graphlib.git"},"license":"MIT","testling":{"files":["test/**/*.js"],"browsers":["ie/8..latest","firefox/17..latest","firefox/nightly","chrome/22..latest","chrome/canary","opera/12..latest","opera/next","safari/5.1..latest","ipad/6.0..latest","iphone/6.0..latest","android-browser/4.2..latest"],"harness":"mocha"},"bugs":{"url":"https://github.com/cpettitt/graphlib/issues"},"_id":"graphlib@0.5.7","dist":{"shasum":"8438adfb31829ca259573e1e443b22f989716c56","tarball":"https://registry.npmjs.org/graphlib/-/graphlib-0.5.7.tgz"},"_from":".","_npmVersion":"1.3.8","_npmUser":{"name":"cpettitt","email":"chris@samsarin.com"},"maintainers":[{"name":"cpettitt","email":"chris@samsarin.com"}],"directories":{}},"0.5.8":{"name":"graphlib","version":"0.5.8","description":"A directed and undirected multi-graph library","main":"index.js","keywords":["graph","algorithms"],"scripts":{},"devDependencies":{"blanket":"1.x.x","browserify":"2.28.x","chai":"1.7.x","jade":"0.35.x","marked":"0.2.x","mocha":"1.12.x","semver":"2.1.x","uglify-js":"1.2.3"},"author":{"name":"Chris Pettitt","email":"chris@samsarin.com"},"repository":{"type":"git","url":"https://github.com/cpettitt/graphlib.git"},"license":"MIT","testling":{"files":["test/**/*.js"],"browsers":["ie/8..latest","firefox/17..latest","firefox/nightly","chrome/22..latest","chrome/canary","opera/12..latest","opera/next","safari/5.1..latest","ipad/6.0..latest","iphone/6.0..latest","android-browser/4.2..latest"],"harness":"mocha"},"bugs":{"url":"https://github.com/cpettitt/graphlib/issues"},"_id":"graphlib@0.5.8","dist":{"shasum":"7ac1203991cc232115d467c99409db8a640656fe","tarball":"https://registry.npmjs.org/graphlib/-/graphlib-0.5.8.tgz"},"_from":".","_npmVersion":"1.3.8","_npmUser":{"name":"cpettitt","email":"chris@samsarin.com"},"maintainers":[{"name":"cpettitt","email":"chris@samsarin.com"}],"directories":{}},"0.5.9":{"name":"graphlib","version":"0.5.9","description":"A directed and undirected multi-graph library","main":"index.js","keywords":["graph","algorithms"],"scripts":{},"devDependencies":{"blanket":"1.x.x","browserify":"2.28.x","chai":"1.7.x","jade":"0.35.x","marked":"0.2.x","mocha":"1.12.x","semver":"2.1.x","uglify-js":"1.2.3"},"author":{"name":"Chris Pettitt","email":"chris@samsarin.com"},"repository":{"type":"git","url":"https://github.com/cpettitt/graphlib.git"},"license":"MIT","testling":{"files":["test/**/*.js"],"browsers":["ie/8..latest","firefox/17..latest","firefox/nightly","chrome/22..latest","chrome/canary","opera/12..latest","opera/next","safari/5.1..latest","ipad/6.0..latest","iphone/6.0..latest","android-browser/4.2..latest"],"harness":"mocha"},"bugs":{"url":"https://github.com/cpettitt/graphlib/issues"},"_id":"graphlib@0.5.9","dist":{"shasum":"f6bfdf6cfc6b1649c84d6ddeea81aa8156f920bb","tarball":"https://registry.npmjs.org/graphlib/-/graphlib-0.5.9.tgz"},"_from":".","_npmVersion":"1.3.8","_npmUser":{"name":"cpettitt","email":"chris@samsarin.com"},"maintainers":[{"name":"cpettitt","email":"chris@samsarin.com"}],"directories":{}},"0.5.10":{"name":"graphlib","version":"0.5.10","description":"A directed and undirected multi-graph library","main":"index.js","keywords":["graph","algorithms"],"scripts":{},"devDependencies":{"benchmark":"~1.0.0","blanket":"1.x.x","browserify":"~2.33.1","chai":"1.7.x","grunt":"~0.4.1","grunt-browserify":"~1.2.8","grunt-contrib-copy":"~0.4.1","grunt-contrib-jade":"~0.8.0","grunt-contrib-jshint":"~0.6.4","grunt-contrib-uglify":"~0.2.4","grunt-contrib-watch":"~0.5.3","grunt-mocha-cov":"0.0.7","jade":"0.35.x","marked":"0.2.x","mocha":"1.12.x","semver":"2.1.x","uglify-js":"1.2.3"},"author":{"name":"Chris Pettitt","email":"chris@samsarin.com"},"repository":{"type":"git","url":"https://github.com/cpettitt/graphlib.git"},"license":"MIT","bugs":{"url":"https://github.com/cpettitt/graphlib/issues"},"_id":"graphlib@0.5.10","dist":{"shasum":"0cd862ad4bc60642771109923d37965bfcc956e9","tarball":"https://registry.npmjs.org/graphlib/-/graphlib-0.5.10.tgz"},"_from":".","_npmVersion":"1.3.8","_npmUser":{"name":"cpettitt","email":"chris@samsarin.com"},"maintainers":[{"name":"cpettitt","email":"chris@samsarin.com"}],"directories":{}},"0.5.11":{"name":"graphlib","version":"0.5.11","description":"A directed and undirected multi-graph library","main":"index.js","keywords":["graph","algorithms"],"scripts":{},"devDependencies":{"benchmark":"~1.0.0","blanket":"1.x.x","browserify":"~2.33.1","chai":"1.7.x","grunt":"~0.4.1","grunt-browserify":"~1.2.8","grunt-contrib-copy":"~0.4.1","grunt-contrib-jade":"~0.8.0","grunt-contrib-jshint":"~0.6.4","grunt-contrib-uglify":"~0.2.4","grunt-contrib-watch":"~0.5.3","grunt-mocha-cov":"0.0.7","jade":"0.35.x","marked":"0.2.x","mocha":"1.12.x","semver":"2.1.x","uglify-js":"1.2.3"},"author":{"name":"Chris Pettitt","email":"chris@samsarin.com"},"repository":{"type":"git","url":"https://github.com/cpettitt/graphlib.git"},"license":"MIT","bugs":{"url":"https://github.com/cpettitt/graphlib/issues"},"_id":"graphlib@0.5.11","dist":{"shasum":"40152464541174d936c3cc933b85a9c5511f6f7a","tarball":"https://registry.npmjs.org/graphlib/-/graphlib-0.5.11.tgz"},"_from":".","_npmVersion":"1.3.8","_npmUser":{"name":"cpettitt","email":"chris@samsarin.com"},"maintainers":[{"name":"cpettitt","email":"chris@samsarin.com"}],"directories":{}},"0.5.12":{"name":"graphlib","version":"0.5.12","description":"A directed and undirected multi-graph library","main":"index.js","keywords":["graph","algorithms"],"scripts":{},"devDependencies":{"benchmark":"~1.0.0","blanket":"1.x.x","browserify":"~2.33.1","chai":"1.7.x","grunt":"~0.4.1","grunt-browserify":"~1.2.8","grunt-contrib-copy":"~0.4.1","grunt-contrib-jade":"~0.8.0","grunt-contrib-jshint":"~0.6.4","grunt-contrib-uglify":"~0.2.4","grunt-contrib-watch":"~0.5.3","grunt-mocha-cov":"0.0.7","jade":"0.35.x","marked":"0.2.x","mocha":"1.12.x","semver":"2.1.x","uglify-js":"1.2.3"},"author":{"name":"Chris Pettitt","email":"chris@samsarin.com"},"repository":{"type":"git","url":"https://github.com/cpettitt/graphlib.git"},"license":"MIT","bugs":{"url":"https://github.com/cpettitt/graphlib/issues"},"_id":"graphlib@0.5.12","dist":{"shasum":"4bb64ffb7641998a6c1622b7d4b867ffc0521741","tarball":"https://registry.npmjs.org/graphlib/-/graphlib-0.5.12.tgz"},"_from":".","_npmVersion":"1.3.8","_npmUser":{"name":"cpettitt","email":"chris@samsarin.com"},"maintainers":[{"name":"cpettitt","email":"chris@samsarin.com"}],"directories":{}},"0.6.0":{"name":"graphlib","version":"0.6.0","description":"A directed and undirected multi-graph library","main":"index.js","keywords":["graph","algorithms"],"scripts":{},"dependencies":{"cp-set":"1.0.0"},"devDependencies":{"benchmark":"~1.0.0","blanket":"1.x.x","browserify":"~2.33.1","chai":"1.7.x","grunt":"~0.4.1","grunt-browserify":"~1.2.8","grunt-contrib-copy":"~0.4.1","grunt-contrib-jade":"~0.8.0","grunt-contrib-jshint":"~0.6.4","grunt-contrib-uglify":"~0.2.4","grunt-contrib-watch":"~0.5.3","grunt-mocha-cov":"0.0.7","jade":"0.35.x","marked":"0.2.x","mocha":"1.12.x","semver":"2.1.x","uglify-js":"1.2.3"},"author":{"name":"Chris Pettitt","email":"chris@samsarin.com"},"repository":{"type":"git","url":"https://github.com/cpettitt/graphlib.git"},"license":"MIT","bugs":{"url":"https://github.com/cpettitt/graphlib/issues"},"_id":"graphlib@0.6.0","dist":{"shasum":"9f0fe05c7f73eb92bd6c59e008bae8e7a5c933d9","tarball":"https://registry.npmjs.org/graphlib/-/graphlib-0.6.0.tgz"},"_from":".","_npmVersion":"1.3.8","_npmUser":{"name":"cpettitt","email":"chris@samsarin.com"},"maintainers":[{"name":"cpettitt","email":"chris@samsarin.com"}],"directories":{}},"0.7.0":{"name":"graphlib","version":"0.7.0","description":"A directed and undirected multi-graph library","main":"index.js","keywords":["graph","algorithms"],"scripts":{},"dependencies":{"cp-data":"1.1.0"},"devDependencies":{"benchmark":"~1.0.0","blanket":"1.x.x","browserify":"~2.33.1","chai":"1.7.x","grunt":"~0.4.1","grunt-browserify":"~1.2.8","grunt-contrib-copy":"~0.4.1","grunt-contrib-jade":"~0.8.0","grunt-contrib-jshint":"~0.6.4","grunt-contrib-uglify":"~0.2.4","grunt-contrib-watch":"~0.5.3","grunt-mocha-cov":"0.0.7","jade":"0.35.x","marked":"0.2.x","mocha":"1.12.x","semver":"2.1.x","uglify-js":"1.2.3"},"author":{"name":"Chris Pettitt","email":"chris@samsarin.com"},"repository":{"type":"git","url":"https://github.com/cpettitt/graphlib.git"},"license":"MIT","bugs":{"url":"https://github.com/cpettitt/graphlib/issues"},"_id":"graphlib@0.7.0","dist":{"shasum":"ee0661be4f779fb211d56fb91b59b96175cc4c13","tarball":"https://registry.npmjs.org/graphlib/-/graphlib-0.7.0.tgz"},"_from":".","_npmVersion":"1.3.8","_npmUser":{"name":"cpettitt","email":"chris@samsarin.com"},"maintainers":[{"name":"cpettitt","email":"chris@samsarin.com"}],"directories":{}},"0.7.1":{"name":"graphlib","version":"0.7.1","description":"A directed and undirected multi-graph library","main":"index.js","keywords":["graph","algorithms"],"config":{"blanket":{"pattern":"lib","data-cover-never":["node_modules","test"]}},"dependencies":{"cp-data":"1.1.1"},"devDependencies":{"benchmark":"~1.0.0","blanket":"1.x.x","browserify":"~2.35.1","chai":"1.7.x","grunt":"~0.4.1","grunt-browserify":"~1.2.8","grunt-contrib-copy":"~0.4.1","grunt-contrib-jade":"~0.8.0","grunt-contrib-jshint":"~0.6.4","grunt-contrib-uglify":"~0.2.4","grunt-contrib-watch":"~0.5.3","grunt-mocha-cov":"0.0.7","jade":"0.35.x","marked":"0.2.x","mocha":"1.12.x","semver":"2.1.x","uglify-js":"1.2.3"},"author":{"name":"Chris Pettitt","email":"chris@samsarin.com"},"repository":{"type":"git","url":"https://github.com/cpettitt/graphlib.git"},"license":"MIT","_id":"graphlib@0.7.1","dist":{"shasum":"873a4add1e3cf3f769f9c184bbf18a7807129101","tarball":"https://registry.npmjs.org/graphlib/-/graphlib-0.7.1.tgz"},"_from":".","_npmVersion":"1.2.11","_npmUser":{"name":"cpettitt","email":"cpettitt@gmail.com"},"maintainers":[{"name":"cpettitt","email":"chris@samsarin.com"}],"directories":{}},"0.7.2":{"name":"graphlib","version":"0.7.2","description":"A directed and undirected multi-graph library","main":"index.js","keywords":["graph","algorithms"],"dependencies":{"cp-data":"1.1.2"},"devDependencies":{"benchmark":"~1.0.0","browserify":"~2.35.1","chai":"1.8.x","jade":"0.35.x","jshint":"2.1.x","istanbul":"~0.1.44","marked":"0.2.x","mocha":"1.12.x","semver":"2.1.x","uglify-js":"1.2.3"},"author":{"name":"Chris Pettitt","email":"chris@samsarin.com"},"repository":{"type":"git","url":"https://github.com/cpettitt/graphlib.git"},"license":"MIT","bugs":{"url":"https://github.com/cpettitt/graphlib/issues"},"homepage":"https://github.com/cpettitt/graphlib","_id":"graphlib@0.7.2","dist":{"shasum":"61107502570aa25a1f2bacd56862669a0cc59368","tarball":"https://registry.npmjs.org/graphlib/-/graphlib-0.7.2.tgz"},"_from":".","_npmVersion":"1.3.14","_npmUser":{"name":"cpettitt","email":"cpettitt@gmail.com"},"maintainers":[{"name":"cpettitt","email":"chris@samsarin.com"}],"directories":{}},"0.7.3":{"name":"graphlib","version":"0.7.3","description":"A directed and undirected multi-graph library","main":"index.js","keywords":["graph","algorithms"],"dependencies":{"cp-data":"1.1.3"},"devDependencies":{"benchmark":"~1.0.0","browserify":"~2.35.1","chai":"1.8.x","jade":"0.35.x","jshint":"2.1.x","istanbul":"~0.1.44","marked":"0.2.x","mocha":"1.12.x","semver":"2.1.x","uglify-js":"1.2.3"},"author":{"name":"Chris Pettitt","email":"chris@samsarin.com"},"repository":{"type":"git","url":"https://github.com/cpettitt/graphlib.git"},"license":"MIT","bugs":{"url":"https://github.com/cpettitt/graphlib/issues"},"homepage":"https://github.com/cpettitt/graphlib","_id":"graphlib@0.7.3","dist":{"shasum":"6c648c97de9202b8feaadf234f36d842aa91652e","tarball":"https://registry.npmjs.org/graphlib/-/graphlib-0.7.3.tgz"},"_from":".","_npmVersion":"1.3.14","_npmUser":{"name":"cpettitt","email":"cpettitt@gmail.com"},"maintainers":[{"name":"cpettitt","email":"chris@samsarin.com"}],"directories":{}},"0.7.4":{"name":"graphlib","version":"0.7.4","description":"A directed and undirected multi-graph library","main":"index.js","keywords":["graph","algorithms"],"dependencies":{"cp-data":"1.1.3"},"devDependencies":{"benchmark":"~1.0.0","browserify":"~2.35.1","chai":"1.8.x","jade":"0.35.x","jshint":"2.1.x","istanbul":"~0.1.44","marked":"0.2.x","mocha":"1.12.x","semver":"2.1.x","uglify-js":"1.2.3"},"author":{"name":"Chris Pettitt","email":"chris@samsarin.com"},"repository":{"type":"git","url":"https://github.com/cpettitt/graphlib.git"},"license":"MIT","bugs":{"url":"https://github.com/cpettitt/graphlib/issues"},"homepage":"https://github.com/cpettitt/graphlib","_id":"graphlib@0.7.4","dist":{"shasum":"41027ea381c3db06bb0c1b0be936d732859edda7","tarball":"https://registry.npmjs.org/graphlib/-/graphlib-0.7.4.tgz"},"_from":".","_npmVersion":"1.3.14","_npmUser":{"name":"cpettitt","email":"cpettitt@gmail.com"},"maintainers":[{"name":"cpettitt","email":"chris@samsarin.com"}],"directories":{}},"1.0.0-pre1":{"name":"graphlib","version":"1.0.0-pre1","description":"A directed and undirected multi-graph library","author":{"name":"Chris Pettitt","email":"cpettitt@gmail.com"},"main":"index.js","keywords":["graph","algorithms"],"dependencies":{"lodash":"^2.4.1","cp-data":"^1.1.3"},"devDependencies":{"benchmark":"^1.0.0","browserify":"^5.10.0","chai":"^1.9.1","gaze":"^0.6.4","istanbul":"^0.3.0","jscs":"^1.5.9","jshint":"^2.5.3","jshint-stylish":"^0.4.0","mocha":"^1.21.4","semver":"^3.0.1","sprintf":"^0.1.4","uglify-js":"^2.4.15"},"repository":{"type":"git","url":"https://github.com/cpettitt/graphlib.git"},"license":"MIT","bugs":{"url":"https://github.com/cpettitt/graphlib/issues"},"homepage":"https://github.com/cpettitt/graphlib","_id":"graphlib@1.0.0-pre1","_shasum":"620e8c6a2a6be3ccdb822bb64363ae3dc0472cff","_from":".","_npmVersion":"1.4.10","_npmUser":{"name":"cpettitt","email":"cpettitt@gmail.com"},"maintainers":[{"name":"cpettitt","email":"chris@samsarin.com"}],"dist":{"shasum":"620e8c6a2a6be3ccdb822bb64363ae3dc0472cff","tarball":"https://registry.npmjs.org/graphlib/-/graphlib-1.0.0-pre1.tgz"},"directories":{}},"0.8.0":{"name":"graphlib","version":"0.8.0","description":"A directed and undirected multi-graph library","author":{"name":"Chris Pettitt","email":"cpettitt@gmail.com"},"main":"index.js","keywords":["graph","algorithms"],"dependencies":{"lodash":"^2.4.1"},"devDependencies":{"benchmark":"^1.0.0","browserify":"^5.10.0","chai":"^1.9.1","gaze":"^0.6.4","istanbul":"^0.3.0","jscs":"^1.5.9","jshint":"^2.5.3","jshint-stylish":"^0.4.0","mocha":"^1.21.4","semver":"^3.0.1","sprintf":"^0.1.4","uglify-js":"^2.4.15"},"repository":{"type":"git","url":"https://github.com/cpettitt/graphlib.git"},"license":"MIT","bugs":{"url":"https://github.com/cpettitt/graphlib/issues"},"homepage":"https://github.com/cpettitt/graphlib","_id":"graphlib@0.8.0","_shasum":"7068a623ee45c0e412923100e5906b12ac67a70b","_from":".","_npmVersion":"1.4.10","_npmUser":{"name":"cpettitt","email":"cpettitt@gmail.com"},"maintainers":[{"name":"cpettitt","email":"chris@samsarin.com"}],"dist":{"shasum":"7068a623ee45c0e412923100e5906b12ac67a70b","tarball":"https://registry.npmjs.org/graphlib/-/graphlib-0.8.0.tgz"},"directories":{}},"0.8.1":{"name":"graphlib","version":"0.8.1","description":"A directed and undirected multi-graph library","author":{"name":"Chris Pettitt","email":"cpettitt@gmail.com"},"main":"index.js","keywords":["graph","algorithms"],"dependencies":{"lodash":"^2.4.1"},"devDependencies":{"benchmark":"^1.0.0","browserify":"^5.10.0","chai":"^1.9.1","gaze":"^0.6.4","istanbul":"^0.3.0","jscs":"^1.5.9","jshint":"^2.5.3","jshint-stylish":"^0.4.0","mocha":"^1.21.4","semver":"^3.0.1","sprintf":"^0.1.4","uglify-js":"^2.4.15"},"repository":{"type":"git","url":"https://github.com/cpettitt/graphlib.git"},"license":"MIT","gitHead":"5fb323be634721c4170600205e74b84481baa1a5","bugs":{"url":"https://github.com/cpettitt/graphlib/issues"},"homepage":"https://github.com/cpettitt/graphlib","_id":"graphlib@0.8.1","scripts":{},"_shasum":"368bbd28a8432d470ac2ff13c678ec84baef823a","_from":".","_npmVersion":"2.1.3","_nodeVersion":"0.10.30","_npmUser":{"name":"cpettitt","email":"cpettitt@gmail.com"},"maintainers":[{"name":"cpettitt","email":"chris@samsarin.com"}],"dist":{"shasum":"368bbd28a8432d470ac2ff13c678ec84baef823a","tarball":"https://registry.npmjs.org/graphlib/-/graphlib-0.8.1.tgz"},"directories":{}},"0.8.2":{"name":"graphlib","version":"0.8.2","description":"A directed and undirected multi-graph library","author":{"name":"Chris Pettitt","email":"cpettitt@gmail.com"},"main":"index.js","keywords":["graph","algorithms"],"dependencies":{"lodash":"^2.4.1"},"devDependencies":{"benchmark":"^1.0.0","browserify":"^5.10.0","chai":"^1.9.1","gaze":"^0.6.4","istanbul":"^0.3.0","jscs":"^1.5.9","jshint":"^2.5.3","jshint-stylish":"^0.4.0","mocha":"^1.21.4","semver":"^3.0.1","sprintf":"^0.1.4","uglify-js":"^2.4.15"},"repository":{"type":"git","url":"https://github.com/cpettitt/graphlib.git"},"license":"MIT","gitHead":"7bfc1e9666c5b7b5b6ad0570329cf32326b4488c","bugs":{"url":"https://github.com/cpettitt/graphlib/issues"},"homepage":"https://github.com/cpettitt/graphlib","_id":"graphlib@0.8.2","scripts":{},"_shasum":"5fe05ed730e8e028d6ca69e3c325df62edb7c9cc","_from":".","_npmVersion":"2.1.3","_nodeVersion":"0.10.30","_npmUser":{"name":"cpettitt","email":"cpettitt@gmail.com"},"maintainers":[{"name":"cpettitt","email":"chris@samsarin.com"}],"dist":{"shasum":"5fe05ed730e8e028d6ca69e3c325df62edb7c9cc","tarball":"https://registry.npmjs.org/graphlib/-/graphlib-0.8.2.tgz"},"directories":{}},"0.8.3":{"name":"graphlib","version":"0.8.3","description":"A directed and undirected multi-graph library","author":{"name":"Chris Pettitt","email":"cpettitt@gmail.com"},"main":"index.js","keywords":["graph","algorithms"],"dependencies":{"lodash":"^2.4.1"},"devDependencies":{"benchmark":"^1.0.0","browserify":"^5.10.0","chai":"^1.9.1","gaze":"^0.6.4","istanbul":"^0.3.0","jscs":"^1.5.9","jshint":"^2.5.3","jshint-stylish":"^0.4.0","mocha":"^1.21.4","semver":"^3.0.1","sprintf":"^0.1.4","uglify-js":"^2.4.15"},"repository":{"type":"git","url":"https://github.com/cpettitt/graphlib.git"},"license":"MIT","gitHead":"e72d76af984c9200535fa13ec01950c25364c87f","bugs":{"url":"https://github.com/cpettitt/graphlib/issues"},"homepage":"https://github.com/cpettitt/graphlib","_id":"graphlib@0.8.3","scripts":{},"_shasum":"8d236648c2bb4b4b71d7160472551b96ebaa0f6e","_from":".","_npmVersion":"2.1.3","_nodeVersion":"0.10.30","_npmUser":{"name":"cpettitt","email":"cpettitt@gmail.com"},"maintainers":[{"name":"cpettitt","email":"chris@samsarin.com"}],"dist":{"shasum":"8d236648c2bb4b4b71d7160472551b96ebaa0f6e","tarball":"https://registry.npmjs.org/graphlib/-/graphlib-0.8.3.tgz"},"directories":{}},"0.9.0":{"name":"graphlib","version":"0.9.0","description":"A directed and undirected multi-graph library","author":{"name":"Chris Pettitt","email":"cpettitt@gmail.com"},"main":"index.js","keywords":["graph","algorithms"],"dependencies":{"lodash":"^2.4.1"},"devDependencies":{"benchmark":"^1.0.0","browserify":"^6.1.0","chai":"^1.9.2","istanbul":"^0.3.2","jscs":"^1.7.3","jshint":"^2.5.6","jshint-stylish":"^1.0.0","karma":"^0.12.24","karma-chrome-launcher":"^0.1.5","karma-firefox-launcher":"^0.1.3","karma-mocha":"^0.1.9","karma-phantomjs-launcher":"^0.1.4","karma-safari-launcher":"^0.1.1","mocha":"^1.21.5","semver":"^4.1.0","sprintf":"^0.1.4","uglify-js":"^2.4.15"},"repository":{"type":"git","url":"https://github.com/cpettitt/graphlib.git"},"license":"MIT","gitHead":"378e351fc87a3922de1dd6947a1ad88643d97d1f","bugs":{"url":"https://github.com/cpettitt/graphlib/issues"},"homepage":"https://github.com/cpettitt/graphlib","_id":"graphlib@0.9.0","scripts":{},"_shasum":"acf2206e2a3c494b45c95dfe0af9c22ccec9a78f","_from":".","_npmVersion":"2.1.4","_nodeVersion":"0.10.32","_npmUser":{"name":"cpettitt","email":"cpettitt@gmail.com"},"maintainers":[{"name":"cpettitt","email":"chris@samsarin.com"}],"dist":{"shasum":"acf2206e2a3c494b45c95dfe0af9c22ccec9a78f","tarball":"https://registry.npmjs.org/graphlib/-/graphlib-0.9.0.tgz"},"directories":{}},"0.9.1":{"name":"graphlib","version":"0.9.1","description":"A directed and undirected multi-graph library","author":{"name":"Chris Pettitt","email":"cpettitt@gmail.com"},"main":"index.js","keywords":["graph","algorithms"],"dependencies":{"lodash":"^2.4.1"},"devDependencies":{"benchmark":"^1.0.0","browserify":"^6.1.0","chai":"^1.9.2","istanbul":"^0.3.2","jscs":"^1.7.3","jshint":"^2.5.6","jshint-stylish":"^1.0.0","karma":"^0.12.24","karma-chrome-launcher":"^0.1.5","karma-firefox-launcher":"^0.1.3","karma-mocha":"^0.1.9","karma-phantomjs-launcher":"^0.1.4","karma-safari-launcher":"^0.1.1","mocha":"^1.21.5","semver":"^4.1.0","sprintf":"^0.1.4","uglify-js":"^2.4.15"},"repository":{"type":"git","url":"https://github.com/cpettitt/graphlib.git"},"license":"MIT","gitHead":"9c0b60283cb96a4edfe3887dc77908cb65ea9b48","bugs":{"url":"https://github.com/cpettitt/graphlib/issues"},"homepage":"https://github.com/cpettitt/graphlib","_id":"graphlib@0.9.1","scripts":{},"_shasum":"a9559109c5b15978bbf8dfcc6d6432a2f10a0799","_from":".","_npmVersion":"2.1.4","_nodeVersion":"0.10.32","_npmUser":{"name":"cpettitt","email":"cpettitt@gmail.com"},"maintainers":[{"name":"cpettitt","email":"chris@samsarin.com"}],"dist":{"shasum":"a9559109c5b15978bbf8dfcc6d6432a2f10a0799","tarball":"https://registry.npmjs.org/graphlib/-/graphlib-0.9.1.tgz"},"directories":{}},"1.0.0":{"name":"graphlib","version":"1.0.0","description":"A directed and undirected multi-graph library","author":{"name":"Chris Pettitt","email":"cpettitt@gmail.com"},"main":"index.js","keywords":["graph","algorithms"],"dependencies":{"lodash":"^2.4.1"},"devDependencies":{"benchmark":"^1.0.0","browserify":"^6.1.0","chai":"^1.9.2","istanbul":"^0.3.2","jscs":"^1.7.3","jshint":"^2.5.6","jshint-stylish":"^1.0.0","karma":"^0.12.24","karma-chrome-launcher":"^0.1.5","karma-firefox-launcher":"^0.1.3","karma-mocha":"^0.1.9","karma-phantomjs-launcher":"^0.1.4","karma-safari-launcher":"^0.1.1","mocha":"^1.21.5","semver":"^4.1.0","sprintf":"^0.1.4","uglify-js":"^2.4.15"},"repository":{"type":"git","url":"https://github.com/cpettitt/graphlib.git"},"license":"MIT","gitHead":"35659d1746fd75b9d58bb4bf76b8ba99f7a42134","bugs":{"url":"https://github.com/cpettitt/graphlib/issues"},"homepage":"https://github.com/cpettitt/graphlib","_id":"graphlib@1.0.0","scripts":{},"_shasum":"7e582f654f9e90968ff9cbddbac59b722707276e","_from":".","_npmVersion":"2.1.4","_nodeVersion":"0.10.32","_npmUser":{"name":"cpettitt","email":"cpettitt@gmail.com"},"maintainers":[{"name":"cpettitt","email":"chris@samsarin.com"}],"dist":{"shasum":"7e582f654f9e90968ff9cbddbac59b722707276e","tarball":"https://registry.npmjs.org/graphlib/-/graphlib-1.0.0.tgz"},"directories":{}},"1.0.1":{"name":"graphlib","version":"1.0.1","description":"A directed and undirected multi-graph library","author":{"name":"Chris Pettitt","email":"cpettitt@gmail.com"},"main":"index.js","keywords":["graph","algorithms"],"dependencies":{"lodash":"^2.4.1"},"devDependencies":{"benchmark":"^1.0.0","browserify":"^6.1.0","chai":"^1.9.2","istanbul":"^0.3.2","jscs":"^1.7.3","jshint":"^2.5.6","jshint-stylish":"^1.0.0","karma":"^0.12.24","karma-chrome-launcher":"^0.1.5","karma-firefox-launcher":"^0.1.3","karma-mocha":"^0.1.9","karma-phantomjs-launcher":"^0.1.4","karma-safari-launcher":"^0.1.1","mocha":"^1.21.5","semver":"^4.1.0","sprintf":"^0.1.4","uglify-js":"^2.4.15"},"repository":{"type":"git","url":"https://github.com/cpettitt/graphlib.git"},"license":"MIT","gitHead":"53b89c943f839dce1080f91c6f5ed6f480db9261","bugs":{"url":"https://github.com/cpettitt/graphlib/issues"},"homepage":"https://github.com/cpettitt/graphlib","_id":"graphlib@1.0.1","scripts":{},"_shasum":"586813f010cc117fb29eb9ac2000c4e5eb95b290","_from":".","_npmVersion":"2.1.4","_nodeVersion":"0.10.32","_npmUser":{"name":"cpettitt","email":"cpettitt@gmail.com"},"maintainers":[{"name":"cpettitt","email":"chris@samsarin.com"}],"dist":{"shasum":"586813f010cc117fb29eb9ac2000c4e5eb95b290","tarball":"https://registry.npmjs.org/graphlib/-/graphlib-1.0.1.tgz"},"directories":{}},"1.0.2":{"name":"graphlib","version":"1.0.2","description":"A directed and undirected multi-graph library","author":{"name":"Chris Pettitt","email":"cpettitt@gmail.com"},"main":"index.js","keywords":["graph","algorithms"],"dependencies":{"lodash":"^2.4.1"},"devDependencies":{"benchmark":"^1.0.0","browserify":"^6.1.0","chai":"^1.9.2","istanbul":"^0.3.2","jscs":"^1.7.3","jshint":"^2.5.6","jshint-stylish":"^1.0.0","karma":"^0.12.24","karma-chrome-launcher":"^0.1.5","karma-firefox-launcher":"^0.1.3","karma-mocha":"^0.1.9","karma-phantomjs-launcher":"^0.1.4","karma-safari-launcher":"^0.1.1","mocha":"^1.21.5","semver":"^4.1.0","sprintf":"^0.1.4","uglify-js":"^2.4.15"},"repository":{"type":"git","url":"https://github.com/cpettitt/graphlib.git"},"license":"MIT","gitHead":"e47820dd77f3c2d8f3a06b53cb67cd2aa5cfb861","bugs":{"url":"https://github.com/cpettitt/graphlib/issues"},"homepage":"https://github.com/cpettitt/graphlib","_id":"graphlib@1.0.2","scripts":{},"_shasum":"f256858d5c2a2a436cf6179aed2622d066ff4194","_from":".","_npmVersion":"2.5.0","_nodeVersion":"0.10.32","_npmUser":{"name":"cpettitt","email":"cpettitt@gmail.com"},"maintainers":[{"name":"cpettitt","email":"chris@samsarin.com"}],"dist":{"shasum":"f256858d5c2a2a436cf6179aed2622d066ff4194","tarball":"https://registry.npmjs.org/graphlib/-/graphlib-1.0.2.tgz"},"directories":{}},"1.0.3":{"name":"graphlib","version":"1.0.3","description":"A directed and undirected multi-graph library","author":{"name":"Chris Pettitt","email":"cpettitt@gmail.com"},"main":"index.js","keywords":["graph","algorithms"],"dependencies":{"lodash":"^2.4.1"},"devDependencies":{"benchmark":"^1.0.0","browserify":"^6.1.0","chai":"^1.9.2","istanbul":"^0.3.2","jscs":"^1.7.3","jshint":"^2.5.6","jshint-stylish":"^1.0.0","karma":"^0.12.24","karma-chrome-launcher":"^0.1.5","karma-firefox-launcher":"^0.1.3","karma-mocha":"^0.1.9","karma-phantomjs-launcher":"^0.1.4","karma-safari-launcher":"^0.1.1","mocha":"^1.21.5","semver":"^4.1.0","sprintf":"^0.1.4","uglify-js":"^2.4.15"},"repository":{"type":"git","url":"https://github.com/cpettitt/graphlib.git"},"license":"MIT","gitHead":"0bcc735150ea1fbd93fe218ebf2807fe69dc1297","bugs":{"url":"https://github.com/cpettitt/graphlib/issues"},"homepage":"https://github.com/cpettitt/graphlib","_id":"graphlib@1.0.3","scripts":{},"_shasum":"5787418564f05878396321c5820982bab9b09fdd","_from":".","_npmVersion":"2.5.0","_nodeVersion":"0.10.32","_npmUser":{"name":"cpettitt","email":"cpettitt@gmail.com"},"maintainers":[{"name":"cpettitt","email":"chris@samsarin.com"}],"dist":{"shasum":"5787418564f05878396321c5820982bab9b09fdd","tarball":"https://registry.npmjs.org/graphlib/-/graphlib-1.0.3.tgz"},"directories":{}},"1.0.4":{"name":"graphlib","version":"1.0.4","description":"A directed and undirected multi-graph library","author":{"name":"Chris Pettitt","email":"cpettitt@gmail.com"},"main":"index.js","keywords":["graph","algorithms"],"dependencies":{"lodash":"^2.4.1"},"devDependencies":{"benchmark":"^1.0.0","browserify":"^6.1.0","chai":"^1.9.2","istanbul":"^0.3.2","jscs":"^1.7.3","jshint":"^2.5.6","jshint-stylish":"^1.0.0","karma":"^0.12.24","karma-chrome-launcher":"^0.1.5","karma-firefox-launcher":"^0.1.3","karma-mocha":"^0.1.9","karma-phantomjs-launcher":"^0.1.4","karma-safari-launcher":"^0.1.1","mocha":"^1.21.5","semver":"^4.1.0","sprintf":"^0.1.4","uglify-js":"^2.4.15"},"repository":{"type":"git","url":"https://github.com/cpettitt/graphlib.git"},"license":"MIT","gitHead":"394e540510d3372a5e03fc68524738a4332e099d","bugs":{"url":"https://github.com/cpettitt/graphlib/issues"},"homepage":"https://github.com/cpettitt/graphlib","_id":"graphlib@1.0.4","scripts":{},"_shasum":"77ba16b686396341c0baf13b46a2023686f1b78a","_from":".","_npmVersion":"2.5.0","_nodeVersion":"0.10.32","_npmUser":{"name":"cpettitt","email":"cpettitt@gmail.com"},"maintainers":[{"name":"cpettitt","email":"chris@samsarin.com"}],"dist":{"shasum":"77ba16b686396341c0baf13b46a2023686f1b78a","tarball":"https://registry.npmjs.org/graphlib/-/graphlib-1.0.4.tgz"},"directories":{}},"1.0.5":{"name":"graphlib","version":"1.0.5","description":"A directed and undirected multi-graph library","author":{"name":"Chris Pettitt","email":"cpettitt@gmail.com"},"main":"index.js","keywords":["graph","algorithms"],"dependencies":{"lodash":"^3.10.0"},"devDependencies":{"benchmark":"^1.0.0","browserify":"^6.1.0","chai":"^1.9.2","istanbul":"^0.3.2","jscs":"^1.7.3","jshint":"^2.5.6","jshint-stylish":"^1.0.0","karma":"^0.12.37","karma-chrome-launcher":"^0.2.0","karma-firefox-launcher":"^0.1.6","karma-mocha":"^0.2.0","karma-phantomjs-launcher":"^0.2.0","karma-safari-launcher":"^0.1.1","mocha":"^1.21.5","phantomjs":"^1.9.17","semver":"^4.1.0","sprintf":"^0.1.4","uglify-js":"^2.4.15"},"repository":{"type":"git","url":"https://github.com/cpettitt/graphlib.git"},"license":"MIT","gitHead":"52db02f4db1b0ffd8e66fa1f686c12c78d86a104","bugs":{"url":"https://github.com/cpettitt/graphlib/issues"},"homepage":"https://github.com/cpettitt/graphlib","_id":"graphlib@1.0.5","scripts":{},"_shasum":"606ac4df3a6fed88d2aaad0912763ef8f5ba99cb","_from":".","_npmVersion":"2.5.0","_nodeVersion":"0.10.32","_npmUser":{"name":"cpettitt","email":"cpettitt@gmail.com"},"maintainers":[{"name":"cpettitt","email":"chris@samsarin.com"}],"dist":{"shasum":"606ac4df3a6fed88d2aaad0912763ef8f5ba99cb","tarball":"https://registry.npmjs.org/graphlib/-/graphlib-1.0.5.tgz"},"directories":{}},"1.0.6":{"name":"graphlib","version":"1.0.6","description":"A directed and undirected multi-graph library","author":{"name":"Chris Pettitt","email":"cpettitt@gmail.com"},"main":"index.js","keywords":["graph","algorithms"],"dependencies":{"lodash":"^3.10.0"},"devDependencies":{"benchmark":"^1.0.0","browserify":"^6.1.0","chai":"^1.9.2","istanbul":"^0.3.2","jscs":"^1.7.3","jshint":"^2.5.6","jshint-stylish":"^1.0.0","karma":"^0.12.37","karma-chrome-launcher":"^0.2.0","karma-firefox-launcher":"^0.1.6","karma-mocha":"^0.2.0","karma-phantomjs-launcher":"^0.2.0","karma-safari-launcher":"^0.1.1","mocha":"^1.21.5","phantomjs":"^1.9.17","semver":"^4.1.0","sprintf":"^0.1.4","uglify-js":"^2.4.15"},"repository":{"type":"git","url":"git+https://github.com/cpettitt/graphlib.git"},"license":"MIT","gitHead":"e676f6ab9d54f921e5d1a537255e083a39c1068c","bugs":{"url":"https://github.com/cpettitt/graphlib/issues"},"homepage":"https://github.com/cpettitt/graphlib#readme","_id":"graphlib@1.0.6","scripts":{},"_shasum":"a5ad69920150896d2b7dccae96ba8131519876ee","_from":".","_npmVersion":"2.10.1","_nodeVersion":"0.12.4","_npmUser":{"name":"cpettitt","email":"cpettitt@gmail.com"},"dist":{"shasum":"a5ad69920150896d2b7dccae96ba8131519876ee","tarball":"https://registry.npmjs.org/graphlib/-/graphlib-1.0.6.tgz"},"maintainers":[{"name":"cpettitt","email":"chris@samsarin.com"}],"directories":{}},"1.0.7":{"name":"graphlib","version":"1.0.7","description":"A directed and undirected multi-graph library","author":{"name":"Chris Pettitt","email":"cpettitt@gmail.com"},"main":"index.js","keywords":["graph","algorithms"],"dependencies":{"lodash":"^3.10.0"},"devDependencies":{"benchmark":"^1.0.0","browserify":"^6.1.0","chai":"^1.9.2","istanbul":"^0.3.2","jscs":"^1.7.3","jshint":"^2.5.6","jshint-stylish":"^1.0.0","karma":"^0.12.37","karma-chrome-launcher":"^0.2.0","karma-firefox-launcher":"^0.1.6","karma-mocha":"^0.2.0","karma-phantomjs-launcher":"^0.2.0","karma-safari-launcher":"^0.1.1","mocha":"^1.21.5","phantomjs":"^1.9.17","seedrandom":"^2.4.2","semver":"^4.1.0","sprintf":"^0.1.4","uglify-js":"^2.4.15"},"repository":{"type":"git","url":"https://github.com/cpettitt/graphlib.git"},"license":"MIT","gitHead":"fbd547f8f19bd743a4344d385ee1ec37eb34279f","bugs":{"url":"https://github.com/cpettitt/graphlib/issues"},"homepage":"https://github.com/cpettitt/graphlib","_id":"graphlib@1.0.7","scripts":{},"_shasum":"0cab2df0ffe6abe070b2625bfa1edb6ec967b8b1","_from":".","_npmVersion":"2.5.0","_nodeVersion":"0.10.32","_npmUser":{"name":"cpettitt","email":"cpettitt@gmail.com"},"maintainers":[{"name":"cpettitt","email":"chris@samsarin.com"}],"dist":{"shasum":"0cab2df0ffe6abe070b2625bfa1edb6ec967b8b1","tarball":"https://registry.npmjs.org/graphlib/-/graphlib-1.0.7.tgz"},"directories":{}},"2.0.0":{"name":"graphlib","version":"2.0.0","description":"A directed and undirected multi-graph library","author":{"name":"Chris Pettitt","email":"cpettitt@gmail.com"},"main":"index.js","keywords":["graph","algorithms"],"dependencies":{"lodash":"^3.10.0"},"devDependencies":{"benchmark":"^1.0.0","browserify":"^6.1.0","chai":"^1.9.2","istanbul":"^0.3.2","jscs":"^1.7.3","jshint":"^2.5.6","jshint-stylish":"^1.0.0","karma":"^0.12.37","karma-chrome-launcher":"^0.2.0","karma-firefox-launcher":"^0.1.6","karma-mocha":"^0.2.0","karma-phantomjs-launcher":"^0.2.0","karma-safari-launcher":"^0.1.1","mocha":"^1.21.5","phantomjs":"^1.9.17","seedrandom":"^2.4.2","semver":"^4.1.0","sprintf":"^0.1.4","uglify-js":"^2.4.15"},"repository":{"type":"git","url":"git+https://github.com/cpettitt/graphlib.git"},"license":"MIT","gitHead":"4b45faff917315c1cb7446391a63152c0b34fb20","bugs":{"url":"https://github.com/cpettitt/graphlib/issues"},"homepage":"https://github.com/cpettitt/graphlib#readme","_id":"graphlib@2.0.0","scripts":{},"_shasum":"9df78121b5afef826382455825bccbd28114f691","_from":".","_npmVersion":"3.3.9","_nodeVersion":"5.0.0","_npmUser":{"name":"cpettitt","email":"cpettitt@gmail.com"},"maintainers":[{"name":"cpettitt","email":"chris@samsarin.com"}],"dist":{"shasum":"9df78121b5afef826382455825bccbd28114f691","tarball":"https://registry.npmjs.org/graphlib/-/graphlib-2.0.0.tgz"},"directories":{}},"2.1.0":{"name":"graphlib","version":"2.1.0","description":"A directed and undirected multi-graph library","author":{"name":"Chris Pettitt","email":"cpettitt@gmail.com"},"main":"index.js","keywords":["graph","algorithms"],"dependencies":{"lodash":"^3.10.0"},"devDependencies":{"benchmark":"^1.0.0","browserify":"^13.0.0","chai":"^1.9.2","istanbul":"^0.3.2","jscs":"^1.7.3","jshint":"^2.5.6","jshint-stylish":"^1.0.0","karma":"^0.12.37","karma-chrome-launcher":"^0.2.0","karma-firefox-launcher":"^0.1.6","karma-mocha":"^0.2.0","karma-phantomjs-launcher":"^0.2.0","karma-requirejs":"^0.2.5","karma-safari-launcher":"^0.1.1","mocha":"^1.21.5","phantomjs":"^1.9.17","requirejs":"^2.1.22","seedrandom":"^2.4.2","semver":"^4.1.0","sprintf":"^0.1.4","uglify-js":"^2.4.15"},"repository":{"type":"git","url":"git+https://github.com/cpettitt/graphlib.git"},"license":"MIT","gitHead":"3e29edf9c0a2bb7c10a0f38e2fce628aea6467af","bugs":{"url":"https://github.com/cpettitt/graphlib/issues"},"homepage":"https://github.com/cpettitt/graphlib#readme","_id":"graphlib@2.1.0","scripts":{},"_shasum":"3d6b92b5b54cbc333f6d5bcbc5cc8ba54f9e8026","_from":".","_npmVersion":"3.3.9","_nodeVersion":"5.0.0","_npmUser":{"name":"cpettitt","email":"cpettitt@gmail.com"},"maintainers":[{"name":"cpettitt","email":"chris@samsarin.com"}],"dist":{"shasum":"3d6b92b5b54cbc333f6d5bcbc5cc8ba54f9e8026","tarball":"https://registry.npmjs.org/graphlib/-/graphlib-2.1.0.tgz"},"_npmOperationalInternal":{"host":"packages-6-west.internal.npmjs.com","tmp":"tmp/graphlib-2.1.0.tgz_1456027314924_0.40653766761533916"},"directories":{}},"2.1.1":{"name":"graphlib","version":"2.1.1","description":"A directed and undirected multi-graph library","author":{"name":"Chris Pettitt","email":"cpettitt@gmail.com"},"main":"index.js","keywords":["graph","algorithms"],"dependencies":{"lodash":"^4.11.1"},"devDependencies":{"benchmark":"^1.0.0","browserify":"^13.0.0","chai":"^1.9.2","istanbul":"^0.3.2","jscs":"^1.7.3","jshint":"^2.5.6","jshint-stylish":"^1.0.0","karma":"^0.13.22","karma-chrome-launcher":"^0.2.0","karma-firefox-launcher":"^0.1.6","karma-mocha":"^0.2.0","karma-phantomjs-launcher":"^1.0.0","karma-requirejs":"^0.2.5","karma-safari-launcher":"^0.1.1","mocha":"^1.21.5","phantomjs-prebuilt":"^2.1.7","requirejs":"^2.1.22","seedrandom":"^2.4.2","semver":"^4.1.0","sprintf":"^0.1.4","uglify-js":"^2.4.15"},"repository":{"type":"git","url":"git+https://github.com/cpettitt/graphlib.git"},"license":"MIT","gitHead":"9bb8a2b50e3198eb8fcaf60b7fb881daf4789484","bugs":{"url":"https://github.com/cpettitt/graphlib/issues"},"homepage":"https://github.com/cpettitt/graphlib#readme","_id":"graphlib@2.1.1","scripts":{},"_shasum":"42352c52ba2f4d035cb566eb91f7395f76ebc951","_from":".","_npmVersion":"3.3.9","_nodeVersion":"5.0.0","_npmUser":{"name":"cpettitt","email":"cpettitt@gmail.com"},"maintainers":[{"name":"cpettitt","email":"chris@samsarin.com"}],"dist":{"shasum":"42352c52ba2f4d035cb566eb91f7395f76ebc951","tarball":"https://registry.npmjs.org/graphlib/-/graphlib-2.1.1.tgz"},"_npmOperationalInternal":{"host":"packages-16-east.internal.npmjs.com","tmp":"tmp/graphlib-2.1.1.tgz_1468588790461_0.0816762710455805"},"directories":{}},"2.1.2":{"name":"graphlib","version":"2.1.2","description":"A directed and undirected multi-graph library","author":{"name":"Chris Pettitt","email":"cpettitt@gmail.com"},"main":"index.js","keywords":["graph","algorithms"],"dependencies":{"lodash":"^4.11.1"},"devDependencies":{"benchmark":"^1.0.0","browserify":"^13.0.0","chai":"^1.9.2","istanbul":"^0.3.2","jscs":"^1.7.3","jshint":"^2.5.6","jshint-stylish":"^1.0.0","karma":"^0.13.22","karma-chrome-launcher":"^0.2.0","karma-firefox-launcher":"^0.1.6","karma-mocha":"^0.2.0","karma-phantomjs-launcher":"^1.0.0","karma-requirejs":"^0.2.5","karma-safari-launcher":"^0.1.1","mocha":"^1.21.5","phantomjs-prebuilt":"^2.1.7","requirejs":"^2.1.22","seedrandom":"^2.4.2","semver":"^4.1.0","sprintf":"^0.1.4","uglify-js":"^2.4.15"},"repository":{"type":"git","url":"git+https://github.com/dagrejs/graphlib.git"},"license":"MIT","gitHead":"ea074007db65525086f6bc4c29ed7256f708d75f","bugs":{"url":"https://github.com/dagrejs/graphlib/issues"},"homepage":"https://github.com/dagrejs/graphlib#readme","_id":"graphlib@2.1.2","_npmVersion":"5.6.0","_nodeVersion":"9.3.0","_npmUser":{"name":"cpettitt","email":"cpettitt@gmail.com"},"dist":{"integrity":"sha512-8/ijQCsGbE7o1msCZanY11qky+vD4itMt5VBWE73c5zYroQbs2TXrNC9jpOdcW7HnWxupy3vLKtTvB7zxP1/hQ==","shasum":"613f288bf48d7d24019a28c6ebba8736108dc659","tarball":"https://registry.npmjs.org/graphlib/-/graphlib-2.1.2.tgz"},"maintainers":[{"name":"cpettitt","email":"chris@samsarin.com"}],"_npmOperationalInternal":{"host":"s3://npm-registry-packages","tmp":"tmp/graphlib-2.1.2.tgz_1514293424816_0.38852880150079727"},"directories":{}},"2.1.5":{"name":"graphlib","version":"2.1.5","description":"A directed and undirected multi-graph library","author":{"name":"Chris Pettitt","email":"cpettitt@gmail.com"},"main":"index.js","keywords":["graph","algorithms"],"dependencies":{"lodash":"^4.11.1"},"devDependencies":{"benchmark":"^1.0.0","browserify":"^13.0.0","chai":"^1.9.2","istanbul":"^0.3.2","jscs":"^1.7.3","jshint":"^2.5.6","jshint-stylish":"^1.0.0","karma":"^0.13.22","karma-chrome-launcher":"^0.2.0","karma-firefox-launcher":"^0.1.6","karma-mocha":"^0.2.0","karma-phantomjs-launcher":"^1.0.0","karma-requirejs":"^0.2.5","karma-safari-launcher":"^0.1.1","mocha":"^1.21.5","phantomjs-prebuilt":"^2.1.7","requirejs":"^2.1.22","seedrandom":"^2.4.2","semver":"^4.1.0","sprintf":"^0.1.4","uglify-js":"^2.4.15"},"repository":{"type":"git","url":"git+https://github.com/dagrejs/graphlib.git"},"license":"MIT","gitHead":"bd166fe032fca0f71d56723585583f37cae1d09d","bugs":{"url":"https://github.com/dagrejs/graphlib/issues"},"homepage":"https://github.com/dagrejs/graphlib#readme","_id":"graphlib@2.1.5","_npmVersion":"5.6.0","_nodeVersion":"9.3.0","_npmUser":{"name":"cpettitt","email":"cpettitt@gmail.com"},"dist":{"integrity":"sha512-XvtbqCcw+EM5SqQrIetIKKD+uZVNQtDPD1goIg7K73RuRZtVI5rYMdcCVSHm/AS1sCBZ7vt0p5WgXouucHQaOA==","shasum":"6afe1afcc5148555ec799e499056795bd6938c87","tarball":"https://registry.npmjs.org/graphlib/-/graphlib-2.1.5.tgz"},"maintainers":[{"email":"cpettitt@gmail.com","name":"cpettitt"}],"_npmOperationalInternal":{"host":"s3://npm-registry-packages","tmp":"tmp/graphlib-2.1.5.tgz_1514744596559_0.3949240443762392"},"directories":{}}},"readme":"# Graphlib\n\nGraphlib is a JavaScript library that provides data structures for undirected\nand directed multi-graphs along with algorithms that can be used with them.\n\n[![Build Status](https://secure.travis-ci.org/dagrejs/graphlib.svg)](http://travis-ci.org/dagrejs/graphlib)\n\nTo learn more [see our Wiki](https://github.com/cpettitt/graphlib/wiki).\n\n# License\n\nGraphlib is licensed under the terms of the MIT License. See the\n[LICENSE](LICENSE) file\nfor details.\n\n[npm package manager]: http://npmjs.org/\n","maintainers":[{"email":"lutz.noreply@gmail.com","name":"lutzroeder"},{"email":"cpettitt@gmail.com","name":"cpettitt"}],"time":{"modified":"2018-04-09T08:33:33.863Z","created":"2013-08-24T04:25:38.702Z","0.0.1":"2013-08-24T04:25:40.243Z","0.0.2":"2013-08-25T03:55:33.004Z","0.0.3":"2013-08-28T04:00:10.453Z","0.0.4":"2013-08-29T02:26:53.244Z","0.0.5":"2013-08-30T03:27:43.616Z","0.0.6":"2013-08-31T03:59:36.744Z","0.1.0":"2013-08-31T20:18:29.202Z","0.1.1":"2013-08-31T23:34:11.414Z","0.2.0":"2013-09-02T03:19:55.935Z","0.2.1":"2013-09-02T20:47:53.045Z","0.3.0":"2013-09-03T02:59:14.617Z","0.3.1":"2013-09-05T01:26:31.027Z","0.3.2":"2013-09-06T04:29:17.468Z","0.3.3":"2013-09-07T03:41:18.512Z","0.4.0":"2013-09-08T19:25:44.383Z","0.4.1":"2013-09-08T21:31:24.286Z","0.4.2":"2013-09-09T03:54:39.164Z","0.5.0":"2013-09-13T03:14:36.821Z","0.5.1":"2013-09-13T03:45:49.393Z","0.5.2":"2013-09-14T02:39:30.580Z","0.5.3":"2013-09-14T03:02:34.795Z","0.5.4":"2013-09-15T04:41:12.275Z","0.5.5":"2013-09-15T12:54:16.722Z","0.5.6":"2013-09-15T16:38:45.307Z","0.5.7":"2013-09-21T03:50:33.971Z","0.5.8":"2013-09-22T19:48:22.235Z","0.5.9":"2013-09-24T03:32:05.078Z","0.5.10":"2013-10-06T04:04:40.258Z","0.5.11":"2013-10-06T20:30:11.565Z","0.5.12":"2013-10-07T02:41:03.616Z","0.6.0":"2013-10-15T13:37:14.892Z","0.7.0":"2013-10-16T02:05:33.576Z","0.7.1":"2013-12-20T20:29:53.761Z","0.7.2":"2014-01-10T03:37:54.462Z","0.7.3":"2014-01-31T04:28:56.702Z","0.7.4":"2014-01-31T04:45:40.373Z","1.0.0-pre1":"2014-08-26T03:24:13.067Z","0.8.0":"2014-09-26T02:16:03.227Z","0.8.1":"2014-10-08T02:42:59.205Z","0.8.2":"2014-10-11T16:15:55.076Z","0.8.3":"2014-10-16T03:15:50.136Z","0.9.0":"2014-10-19T02:33:02.083Z","0.9.1":"2014-10-19T02:46:41.036Z","1.0.0":"2014-10-22T13:30:10.346Z","1.0.1":"2014-10-29T13:10:45.899Z","1.0.2":"2015-05-15T02:11:44.087Z","1.0.3":"2015-05-15T02:19:59.144Z","1.0.4":"2015-05-22T02:05:53.944Z","1.0.5":"2015-07-08T13:49:52.728Z","1.0.6":"2015-07-10T17:33:28.771Z","1.0.7":"2015-07-19T16:34:20.438Z","2.0.0":"2015-11-23T02:09:11.261Z","2.1.0":"2016-02-21T04:01:58.019Z","2.1.1":"2016-07-15T13:19:53.130Z","2.1.2":"2017-12-26T13:03:45.120Z","2.1.5":"2017-12-31T18:23:17.852Z"},"author":{"name":"Chris Pettitt","email":"cpettitt@gmail.com"},"repository":{"type":"git","url":"git+https://github.com/dagrejs/graphlib.git"},"users":{"jden":true,"nazgull09":true,"jessaustin":true,"jsdnxx":true,"mattnorris":true,"jlagunas":true,"martinspinks":true,"sballan":true,"kodekracker":true,"danielbaak":true,"jamesgt":true},"readmeFilename":"README.md","homepage":"https://github.com/dagrejs/graphlib#readme","keywords":["graph","algorithms"],"bugs":{"url":"https://github.com/dagrejs/graphlib/issues"},"license":"MIT","_attachments":{},"_etag":"W/\"484fe9f50903733fd059f08d8d0d9022\"","_lastModified":"Sat, 26 May 2018 10:33:48 GMT"}