{"_id":"strip-bom-buf","_rev":"1-ab5e6cacfc20410b82a768fb9ccb10e6","name":"strip-bom-buf","description":"Strip UTF-8 byte order mark (BOM) from a buffer","dist-tags":{"latest":"1.0.0"},"versions":{"1.0.0":{"name":"strip-bom-buf","version":"1.0.0","description":"Strip UTF-8 byte order mark (BOM) from a buffer","license":"MIT","repository":{"type":"git","url":"git+https://github.com/sindresorhus/strip-bom-buf.git"},"author":{"name":"Sindre Sorhus","email":"sindresorhus@gmail.com","url":"sindresorhus.com"},"engines":{"node":">=4"},"scripts":{"test":"xo && ava"},"files":["index.js"],"keywords":["strip","bom","byte","order","mark","unicode","utf8","utf-8","remove","delete","trim","text","buffer"],"dependencies":{"is-utf8":"^0.2.1"},"devDependencies":{"ava":"*","xo":"*"},"gitHead":"e70cefc6e9dfd65ee7defcda9e8d281ee7fe135b","bugs":{"url":"https://github.com/sindresorhus/strip-bom-buf/issues"},"homepage":"https://github.com/sindresorhus/strip-bom-buf#readme","_id":"strip-bom-buf@1.0.0","_shasum":"1cb45aaf57530f4caf86c7f75179d2c9a51dd572","_from":".","_npmVersion":"2.15.0","_nodeVersion":"4.4.2","_npmUser":{"name":"sindresorhus","email":"sindresorhus@gmail.com"},"dist":{"shasum":"1cb45aaf57530f4caf86c7f75179d2c9a51dd572","tarball":"https://registry.npmjs.org/strip-bom-buf/-/strip-bom-buf-1.0.0.tgz"},"maintainers":[{"name":"sindresorhus","email":"sindresorhus@gmail.com"}],"_npmOperationalInternal":{"host":"packages-16-east.internal.npmjs.com","tmp":"tmp/strip-bom-buf-1.0.0.tgz_1462032549097_0.18980261753313243"},"directories":{}}},"readme":"# strip-bom-buf [![Build Status](https://travis-ci.org/sindresorhus/strip-bom-buf.svg?branch=master)](https://travis-ci.org/sindresorhus/strip-bom-buf)\n\n> Strip UTF-8 [byte order mark](http://en.wikipedia.org/wiki/Byte_order_mark#UTF-8) (BOM) from a buffer\n\nFrom Wikipedia:\n\n> The Unicode Standard permits the BOM in UTF-8, but does not require nor recommend its use. Byte order has no meaning in UTF-8.\n\n\n## Install\n\n```\n$ npm install --save strip-bom-buf\n```\n\n\n## Usage\n\n```js\nconst fs = require('fs');\nconst stripBomBuf = require('strip-bom-buf');\n\nstripBomBuf(fs.readFileSync('unicorn.txt'));\n//=> 'unicorn'\n```\n\n\n## Related\n\n- [strip-bom](https://github.com/sindresorhus/strip-bom) - String version of this module\n- [strip-bom-stream](https://github.com/sindresorhus/strip-bom-stream) - Stream version of this module\n\n\n## License\n\nMIT © [Sindre Sorhus](https://sindresorhus.com)\n","maintainers":[{"name":"sindresorhus","email":"sindresorhus@gmail.com"}],"time":{"modified":"2016-04-30T16:09:11.243Z","created":"2016-04-30T16:09:11.243Z","1.0.0":"2016-04-30T16:09:11.243Z"},"homepage":"https://github.com/sindresorhus/strip-bom-buf#readme","keywords":["strip","bom","byte","order","mark","unicode","utf8","utf-8","remove","delete","trim","text","buffer"],"repository":{"type":"git","url":"git+https://github.com/sindresorhus/strip-bom-buf.git"},"author":{"name":"Sindre Sorhus","email":"sindresorhus@gmail.com","url":"sindresorhus.com"},"bugs":{"url":"https://github.com/sindresorhus/strip-bom-buf/issues"},"license":"MIT","readmeFilename":"readme.md","_attachments":{},"_etag":"W/\"e8c4a90be991bbd622be61445e38b86d\"","_lastModified":"Sun, 27 May 2018 18:26:00 GMT"}