{"_id":"dbus-native","_rev":"44-b4c9de78582052beb707eeb3d3e59c2b","name":"dbus-native","description":"D-bus protocol implementation in native javascript","dist-tags":{"latest":"0.2.5"},"versions":{"0.0.3":{"name":"dbus-native","author":{"name":"Andrey Sidorov","email":"sidorares@yandex.com"},"version":"0.0.3","keywords":["dbus","dcop","d-bus","rpc","gnome","kde"],"description":"D-bus protocol implementation in native javascript","directories":{"lib":"lib","test":"test","examples":"examples"},"main":"index.js","maintainers":[{"name":"sidorares","email":"sidorares@yandex.ru"}],"license":"MIT","repository":{"type":"git","url":"git://github.com/sidorares/node-dbus.git"},"dependencies":{"binary":"0.2.0","byline":"2.0.3","put":"0.0.6","abstractsocket":"0.0.2"},"devDependencies":{"mocha":"*"},"scripts":{"test":"mocha","prepublish":"npm prune"},"engine":{"node":">=0.6.0"},"_npmUser":{"name":"sidorares","email":"sidorares@yandex.ru"},"_id":"dbus-native@0.0.3","optionalDependencies":{},"engines":{"node":"*"},"_engineSupported":true,"_npmVersion":"1.1.16","_nodeVersion":"v0.6.20","_defaultsLoaded":true,"dist":{"shasum":"3aa02f03f1ea806f1cd3d48340aa317ffebce5d7","tarball":"https://registry.npmjs.org/dbus-native/-/dbus-native-0.0.3.tgz"}},"0.0.4":{"name":"dbus-native","author":{"name":"Andrey Sidorov","email":"sidorares@yandex.com"},"version":"0.0.4","keywords":["dbus","dcop","d-bus","rpc","gnome","kde"],"description":"D-bus protocol implementation in native javascript","directories":{"lib":"lib","test":"test","examples":"examples"},"main":"index.js","maintainers":[{"name":"sidorares","email":"sidorares@yandex.ru"}],"license":"MIT","repository":{"type":"git","url":"http://github.com/sidorares/node-dbus.git"},"dependencies":{"binary":"0.2.0","byline":"2.0.3","put":"0.0.6","abstractsocket":"0.0.2","xml2js":"0.1.14"},"devDependencies":{"mocha":"*"},"scripts":{"test":"mocha","prepublish":"npm prune"},"engine":{"node":">=0.6.0"},"_id":"dbus-native@0.0.4","dist":{"shasum":"7d8b9dae605d32b0156f4d3e397a48ddae03d149","tarball":"https://registry.npmjs.org/dbus-native/-/dbus-native-0.0.4.tgz"},"_npmVersion":"1.1.59","_npmUser":{"name":"sidorares","email":"sidorares@yandex.ru"}},"0.0.5":{"name":"dbus-native","author":{"name":"Andrey Sidorov","email":"sidorares@yandex.com"},"version":"0.0.5","keywords":["dbus","dcop","d-bus","rpc","gnome","kde"],"description":"D-bus protocol implementation in native javascript","directories":{"lib":"lib","test":"test","examples":"examples"},"main":"index.js","maintainers":[{"name":"sidorares","email":"sidorares@yandex.ru"}],"license":"MIT","repository":{"type":"git","url":"http://github.com/sidorares/node-dbus.git"},"dependencies":{"binary":"0.2.0","byline":"2.0.3","put":"0.0.6","abstractsocket":"0.0.2","xml2js":"0.1.14"},"devDependencies":{"mocha":"*"},"scripts":{"test":"mocha","prepublish":"npm prune"},"engine":{"node":">=0.6.0"},"_id":"dbus-native@0.0.5","dist":{"shasum":"95acd11026d68d47e4e4944851c319d6980953ad","tarball":"https://registry.npmjs.org/dbus-native/-/dbus-native-0.0.5.tgz"},"_npmVersion":"1.1.59","_npmUser":{"name":"sidorares","email":"sidorares@yandex.ru"}},"0.0.7":{"name":"dbus-native","author":{"name":"Andrey Sidorov","email":"sidorares@yandex.com"},"version":"0.0.7","keywords":["dbus","dcop","d-bus","rpc","gnome","kde"],"description":"D-bus protocol implementation in native javascript","directories":{"lib":"lib","test":"test","examples":"examples"},"main":"index.js","maintainers":[{"name":"sidorares","email":"sidorares@yandex.ru"}],"license":"MIT","repository":{"type":"git","url":"http://github.com/sidorares/node-dbus.git"},"dependencies":{"binary":"0.2.0","byline":"2.0.3","put":"0.0.6","abstractsocket":"0.0.2","xml2js":"0.1.14"},"devDependencies":{"mocha":"*","buffers":"*"},"scripts":{"test":"mocha","prepublish":"npm prune"},"engine":{"node":">=0.6.0"},"_id":"dbus-native@0.0.7","dist":{"shasum":"024a2d393844f71d63fc6cf84540fbc55cd7d3b3","tarball":"https://registry.npmjs.org/dbus-native/-/dbus-native-0.0.7.tgz"},"_npmVersion":"1.1.65","_npmUser":{"name":"sidorares","email":"sidorares@yandex.com"}},"0.0.8":{"name":"dbus-native","author":{"name":"Andrey Sidorov","email":"sidorares@yandex.com"},"version":"0.0.8","keywords":["dbus","dcop","d-bus","rpc","gnome","kde"],"description":"D-bus protocol implementation in native javascript","directories":{"lib":"lib","test":"test","examples":"examples"},"main":"index.js","maintainers":[{"name":"sidorares","email":"sidorares@yandex.ru"}],"license":"MIT","repository":{"type":"git","url":"http://github.com/sidorares/node-dbus.git"},"dependencies":{"binary":"0.2.0","byline":"2.0.3","put":"0.0.6","abstractsocket":"0.0.2","xml2js":"0.1.14"},"devDependencies":{"mocha":"*","buffers":"*"},"scripts":{"test":"mocha","prepublish":"npm prune"},"engine":{"node":">=0.6.0"},"_id":"dbus-native@0.0.8","dist":{"shasum":"3830b29b78fc54d2e0a925ceb024d59fff009320","tarball":"https://registry.npmjs.org/dbus-native/-/dbus-native-0.0.8.tgz"},"_npmVersion":"1.1.65","_npmUser":{"name":"sidorares","email":"sidorares@yandex.com"}},"0.0.9":{"name":"dbus-native","author":{"name":"Andrey Sidorov","email":"sidorares@yandex.com"},"version":"0.0.9","keywords":["dbus","dcop","d-bus","rpc","gnome","kde"],"description":"D-bus protocol implementation in native javascript","directories":{"lib":"lib","test":"test","examples":"examples"},"main":"index.js","maintainers":[{"name":"sidorares","email":"sidorares@yandex.ru"}],"license":"MIT","repository":{"type":"git","url":"http://github.com/sidorares/node-dbus.git"},"bin":{"dbus2js":"./bin/dbus2js.js"},"dependencies":{"binary":"0.2.0","byline":"2.0.3","put":"0.0.6","abstractsocket":"0.0.2","xml2js":"0.1.14","optimist":"~0.3.5"},"devDependencies":{"mocha":"*","buffers":"*"},"scripts":{"test":"mocha","prepublish":"npm prune"},"engine":{"node":">=0.6.0"},"_id":"dbus-native@0.0.9","dist":{"shasum":"2e2e25b8855548252a02ee313485839a15794b1c","tarball":"https://registry.npmjs.org/dbus-native/-/dbus-native-0.0.9.tgz"},"_from":".","_npmVersion":"1.2.14","_npmUser":{"name":"sidorares","email":"sidorares@yandex.com"}},"0.0.10":{"name":"dbus-native","author":{"name":"Andrey Sidorov","email":"sidorares@yandex.com"},"version":"0.0.10","keywords":["dbus","dcop","d-bus","rpc","gnome","kde"],"description":"D-bus protocol implementation in native javascript","directories":{"lib":"lib","test":"test","examples":"examples"},"main":"index.js","maintainers":[{"name":"sidorares","email":"sidorares@yandex.ru"}],"license":"MIT","repository":{"type":"git","url":"http://github.com/sidorares/node-dbus.git"},"bin":{"dbus2js":"./bin/dbus2js.js"},"dependencies":{"binary":"0.2.0","byline":"2.0.3","put":"0.0.6","abstractsocket":"0.0.2","xml2js":"0.1.14","optimist":"~0.3.5"},"devDependencies":{"mocha":"*","buffers":"*"},"scripts":{"test":"mocha","prepublish":"npm prune"},"engine":{"node":">=0.6.0"},"_id":"dbus-native@0.0.10","dist":{"shasum":"cbed2f38e6657548128cf878b7f599f39713dfe5","tarball":"https://registry.npmjs.org/dbus-native/-/dbus-native-0.0.10.tgz"},"_from":".","_npmVersion":"1.2.14","_npmUser":{"name":"sidorares","email":"sidorares@yandex.com"}},"0.0.11":{"name":"dbus-native","author":{"name":"Andrey Sidorov","email":"sidorares@yandex.com"},"version":"0.0.11","keywords":["dbus","dcop","d-bus","rpc","gnome","kde"],"description":"D-bus protocol implementation in native javascript","directories":{"lib":"lib","test":"test","examples":"examples"},"main":"index.js","maintainers":[{"name":"sidorares","email":"sidorares@yandex.ru"}],"license":"MIT","repository":{"type":"git","url":"http://github.com/sidorares/node-dbus.git"},"bin":{"dbus2js":"./bin/dbus2js.js"},"dependencies":{"binary":"0.2.0","byline":"2.0.3","put":"0.0.6","abstractsocket":"0.0.2","xml2js":"0.1.14","optimist":"~0.3.5"},"devDependencies":{"mocha":"*","buffers":"*"},"scripts":{"test":"mocha","prepublish":"npm prune"},"engine":{"node":">=0.6.0"},"bugs":{"url":"https://github.com/sidorares/node-dbus/issues"},"_id":"dbus-native@0.0.11","dist":{"shasum":"23bb46518a813b3e4b424358ba3e209baeb99396","tarball":"https://registry.npmjs.org/dbus-native/-/dbus-native-0.0.11.tgz"},"_from":".","_npmVersion":"1.2.32","_npmUser":{"name":"sidorares","email":"sidorares@yandex.com"}},"0.0.12":{"name":"dbus-native","author":{"name":"Andrey Sidorov","email":"sidorares@yandex.com"},"version":"0.0.12","keywords":["dbus","dcop","d-bus","rpc","gnome","kde"],"description":"D-bus protocol implementation in native javascript","directories":{"lib":"lib","test":"test","examples":"examples"},"main":"index.js","maintainers":[{"name":"sidorares","email":"sidorares@yandex.ru"}],"license":"MIT","repository":{"type":"git","url":"http://github.com/sidorares/node-dbus.git"},"bin":{"dbus2js":"./bin/dbus2js.js"},"dependencies":{"binary":"0.2.0","byline":"2.0.3","put":"0.0.6","abstractsocket":"0.0.2","xml2js":"0.1.14","optimist":"~0.3.5"},"devDependencies":{"mocha":"*","buffers":"*"},"scripts":{"test":"mocha","prepublish":"npm prune"},"engine":{"node":">=0.6.0"},"bugs":{"url":"https://github.com/sidorares/node-dbus/issues"},"_id":"dbus-native@0.0.12","dist":{"shasum":"9aa201f9dc0d4f8adc47f54c316c58b387ec4a88","tarball":"https://registry.npmjs.org/dbus-native/-/dbus-native-0.0.12.tgz"},"_from":".","_npmVersion":"1.2.32","_npmUser":{"name":"sidorares","email":"sidorares@yandex.com"}},"0.0.13":{"name":"dbus-native","author":{"name":"Andrey Sidorov","email":"sidorares@yandex.com"},"version":"0.0.13","keywords":["dbus","dcop","d-bus","rpc","gnome","kde"],"description":"D-bus protocol implementation in native javascript","directories":{"lib":"lib","test":"test","examples":"examples"},"main":"index.js","maintainers":[{"name":"sidorares","email":"sidorares@yandex.ru"}],"license":"MIT","repository":{"type":"git","url":"http://github.com/sidorares/node-dbus.git"},"bin":{"dbus2js":"./bin/dbus2js.js"},"dependencies":{"binary":"0.2.0","byline":"2.0.3","put":"0.0.6","abstractsocket":"0.0.2","xml2js":"0.1.14","optimist":"~0.3.5"},"devDependencies":{"mocha":"*","buffers":"*"},"scripts":{"test":"mocha","prepublish":"npm prune"},"engine":{"node":">=0.6.0"},"bugs":{"url":"https://github.com/sidorares/node-dbus/issues"},"_id":"dbus-native@0.0.13","dist":{"shasum":"89e19b84276a8288cb71ad4eda6cfe8721cbb098","tarball":"https://registry.npmjs.org/dbus-native/-/dbus-native-0.0.13.tgz"},"_from":".","_npmVersion":"1.2.32","_npmUser":{"name":"sidorares","email":"sidorares@yandex.com"}},"0.0.14":{"name":"dbus-native","author":{"name":"Andrey Sidorov","email":"sidorares@yandex.com"},"version":"0.0.14","keywords":["dbus","dcop","d-bus","rpc","gnome","kde"],"description":"D-bus protocol implementation in native javascript","directories":{"lib":"lib","test":"test","examples":"examples"},"main":"index.js","maintainers":[{"name":"sidorares","email":"sidorares@yandex.ru"}],"license":"MIT","repository":{"type":"git","url":"http://github.com/sidorares/node-dbus.git"},"bin":{"dbus2js":"./bin/dbus2js.js"},"dependencies":{"binary":"0.2.0","byline":"2.0.3","put":"0.0.6","abstractsocket":"0.0.2","xml2js":"0.1.14","optimist":"~0.3.5"},"devDependencies":{"mocha":"*","buffers":"*"},"scripts":{"test":"mocha","prepublish":"npm prune"},"engine":{"node":">=0.6.0"},"bugs":{"url":"https://github.com/sidorares/node-dbus/issues"},"_id":"dbus-native@0.0.14","dist":{"shasum":"c919e40a040271dc64857efdaebc51a6fa9fbe4f","tarball":"https://registry.npmjs.org/dbus-native/-/dbus-native-0.0.14.tgz"},"_from":".","_npmVersion":"1.3.8","_npmUser":{"name":"sidorares","email":"sidorares@yandex.com"}},"0.0.15":{"name":"dbus-native","author":{"name":"Andrey Sidorov","email":"sidorares@yandex.com"},"version":"0.0.15","keywords":["dbus","dcop","d-bus","rpc","gnome","kde"],"description":"D-bus protocol implementation in native javascript","directories":{"lib":"lib","test":"test","examples":"examples"},"main":"index.js","maintainers":[{"name":"sidorares","email":"sidorares@yandex.ru"}],"license":"MIT","repository":{"type":"git","url":"http://github.com/sidorares/node-dbus.git"},"bin":{"dbus2js":"./bin/dbus2js.js"},"dependencies":{"abstractsocket":"0.0.2","binary":"^0.3.0","byline":"2.0.3","optimist":"~0.3.5","put":"0.0.6","xml2js":"0.1.14"},"devDependencies":{"mocha":"*","buffers":"*"},"scripts":{"test":"mocha","prepublish":"npm prune"},"engine":{"node":">=0.6.0"},"bugs":{"url":"https://github.com/sidorares/node-dbus/issues"},"homepage":"https://github.com/sidorares/node-dbus","_id":"dbus-native@0.0.15","_shasum":"8da9785fa65a1d1858db690729ddeea3f43c2bfa","_from":".","_npmVersion":"1.4.9","_npmUser":{"name":"sidorares","email":"sidorares@yandex.com"},"dist":{"shasum":"8da9785fa65a1d1858db690729ddeea3f43c2bfa","tarball":"https://registry.npmjs.org/dbus-native/-/dbus-native-0.0.15.tgz"}},"0.1.0":{"name":"dbus-native","author":{"name":"Andrey Sidorov","email":"sidorares@yandex.com"},"version":"0.1.0","keywords":["dbus","dcop","d-bus","rpc","gnome","kde"],"description":"D-bus protocol implementation in native javascript","directories":{"lib":"lib","test":"test","examples":"examples"},"main":"index.js","maintainers":[{"name":"sidorares","email":"sidorares@yandex.ru"}],"license":"MIT","repository":{"type":"git","url":"http://github.com/sidorares/node-dbus.git"},"bin":{"dbus2js":"./bin/dbus2js.js"},"dependencies":{"abstract-socket":"^0.1.0","event-stream":"^3.1.7","put":"0.0.6","xml2js":"0.1.14"},"devDependencies":{"mocha":"*"},"scripts":{"test":"mocha","prepublish":"npm prune"},"engine":{"node":">=0.10.0"},"gitHead":"4f4ec49be080d76f2dad00fa477eba77f9bcad16","bugs":{"url":"https://github.com/sidorares/node-dbus/issues"},"homepage":"https://github.com/sidorares/node-dbus","_id":"dbus-native@0.1.0","_shasum":"5c792c9a499c5d38e3857e84652dc2b909392cd3","_from":".","_npmVersion":"1.4.23","_npmUser":{"name":"sidorares","email":"sidorares@yandex.com"},"dist":{"shasum":"5c792c9a499c5d38e3857e84652dc2b909392cd3","tarball":"https://registry.npmjs.org/dbus-native/-/dbus-native-0.1.0.tgz"}},"0.1.1":{"name":"dbus-native","author":{"name":"Andrey Sidorov","email":"sidorares@yandex.com"},"version":"0.1.1","keywords":["dbus","dcop","d-bus","rpc","gnome","kde"],"description":"D-bus protocol implementation in native javascript","directories":{"lib":"lib","test":"test","examples":"examples"},"main":"index.js","maintainers":[{"name":"sidorares","email":"sidorares@yandex.ru"}],"license":"MIT","repository":{"type":"git","url":"http://github.com/sidorares/node-dbus.git"},"bin":{"dbus2js":"./bin/dbus2js.js"},"dependencies":{"abstract-socket":"^0.1.0","event-stream":"^3.1.7","put":"0.0.6","xml2js":"0.1.14"},"devDependencies":{"mocha":"*"},"scripts":{"test":"mocha","prepublish":"npm prune"},"engine":{"node":">=0.10.0"},"gitHead":"5760e4c0ac167569ddf2ab8c59ffea00dd63ce13","bugs":{"url":"https://github.com/sidorares/node-dbus/issues"},"homepage":"https://github.com/sidorares/node-dbus","_id":"dbus-native@0.1.1","_shasum":"4d45887e8c7888dbf9d5d3152e852a7dc90841d9","_from":".","_npmVersion":"1.4.28","_npmUser":{"name":"sidorares","email":"sidorares@yandex.com"},"dist":{"shasum":"4d45887e8c7888dbf9d5d3152e852a7dc90841d9","tarball":"https://registry.npmjs.org/dbus-native/-/dbus-native-0.1.1.tgz"}},"0.1.2":{"name":"dbus-native","author":{"name":"Andrey Sidorov","email":"sidorares@yandex.com"},"version":"0.1.2","keywords":["dbus","dcop","d-bus","rpc","gnome","kde"],"description":"D-bus protocol implementation in native javascript","directories":{"lib":"lib","test":"test","examples":"examples"},"main":"index.js","maintainers":[{"name":"sidorares","email":"sidorares@yandex.ru"},{"name":"gfxmonk","email":"tim@gfxmonk.net"}],"license":"MIT","repository":{"type":"git","url":"http://github.com/sidorares/node-dbus.git"},"bin":{"dbus2js":"./bin/dbus2js.js"},"dependencies":{"abstract-socket":"^0.1.0","event-stream":"^3.1.7","put":"0.0.6","xml2js":"0.1.14"},"devDependencies":{"mocha":"*"},"scripts":{"test":"mocha","prepublish":"npm prune"},"engine":{"node":">=0.10.0"},"gitHead":"8294ca12d0120304ffd8d5a2fe22adba51963a92","bugs":{"url":"https://github.com/sidorares/node-dbus/issues"},"homepage":"https://github.com/sidorares/node-dbus","_id":"dbus-native@0.1.2","_shasum":"52034352d0cabc33d64ed70dd4f361c301cfd458","_from":".","_npmVersion":"1.4.28","_npmUser":{"name":"sidorares","email":"sidorares@yandex.com"},"dist":{"shasum":"52034352d0cabc33d64ed70dd4f361c301cfd458","tarball":"https://registry.npmjs.org/dbus-native/-/dbus-native-0.1.2.tgz"}},"0.1.3":{"name":"dbus-native","author":{"name":"Andrey Sidorov","email":"sidorares@yandex.com"},"version":"0.1.3","keywords":["dbus","dcop","d-bus","rpc","gnome","kde"],"description":"D-bus protocol implementation in native javascript","directories":{"lib":"lib","test":"test","examples":"examples"},"main":"index.js","maintainers":[{"name":"sidorares","email":"sidorares@yandex.ru"},{"name":"gfxmonk","email":"tim@gfxmonk.net"}],"license":"MIT","repository":{"type":"git","url":"http://github.com/sidorares/node-dbus.git"},"bin":{"dbus2js":"./bin/dbus2js.js"},"dependencies":{"event-stream":"^3.1.7","put":"0.0.6","xml2js":"0.1.14","abstract-socket":"^0.1.0"},"optionalDependencies":{"abstract-socket":"^0.1.0"},"devDependencies":{"mocha":"*"},"scripts":{"test":"mocha","prepublish":"npm prune"},"engine":{"node":">=0.10.0"},"gitHead":"2e3bc826ac99b537e5858233b34d65f1da12dc41","bugs":{"url":"https://github.com/sidorares/node-dbus/issues"},"homepage":"https://github.com/sidorares/node-dbus","_id":"dbus-native@0.1.3","_shasum":"075856340fce026933fccaf1d13624becc883a33","_from":".","_npmVersion":"2.7.0","_nodeVersion":"1.5.1","_npmUser":{"name":"sidorares","email":"sidorares@yandex.com"},"dist":{"shasum":"075856340fce026933fccaf1d13624becc883a33","tarball":"https://registry.npmjs.org/dbus-native/-/dbus-native-0.1.3.tgz"}},"0.2.0":{"name":"dbus-native","author":{"name":"Andrey Sidorov","email":"sidorares@yandex.com"},"version":"0.2.0","keywords":["dbus","dcop","d-bus","rpc","gnome","kde"],"description":"D-bus protocol implementation in native javascript","directories":{"lib":"lib","test":"test","examples":"examples"},"main":"index.js","maintainers":[{"name":"sidorares","email":"sidorares@yandex.ru"},{"name":"gfxmonk","email":"tim@gfxmonk.net"}],"license":"MIT","repository":{"type":"git","url":"http://github.com/sidorares/node-dbus.git"},"bin":{"dbus2js":"./bin/dbus2js.js"},"dependencies":{"event-stream":"^3.1.7","put":"0.0.6","xml2js":"0.1.14","abstract-socket":"^1.0.0"},"optionalDependencies":{"abstract-socket":"^1.0.0"},"devDependencies":{"mocha":"*"},"scripts":{"test":"mocha","prepublish":"npm prune"},"engine":{"node":">=0.10.0"},"gitHead":"1d6b1ed1e09e11655259620da723bc20dd9c2237","bugs":{"url":"https://github.com/sidorares/node-dbus/issues"},"homepage":"https://github.com/sidorares/node-dbus","_id":"dbus-native@0.2.0","_shasum":"b3fe24f44298ba62bd2fa2add492d75a851a2f8e","_from":".","_npmVersion":"2.7.0","_nodeVersion":"1.5.1","_npmUser":{"name":"sidorares","email":"sidorares@yandex.com"},"dist":{"shasum":"b3fe24f44298ba62bd2fa2add492d75a851a2f8e","tarball":"https://registry.npmjs.org/dbus-native/-/dbus-native-0.2.0.tgz"}},"0.2.1":{"name":"dbus-native","author":{"name":"Andrey Sidorov","email":"sidorares@yandex.com"},"version":"0.2.1","keywords":["dbus","dcop","d-bus","rpc","gnome","kde"],"description":"D-bus protocol implementation in native javascript","directories":{"lib":"lib","test":"test","examples":"examples"},"main":"index.js","maintainers":[{"name":"sidorares","email":"sidorares@yandex.ru"},{"name":"gfxmonk","email":"tim@gfxmonk.net"}],"license":"MIT","repository":{"type":"git","url":"git+ssh://git@github.com/sidorares/node-dbus.git"},"bin":{"dbus2js":"./bin/dbus2js.js"},"dependencies":{"event-stream":"^3.1.7","put":"0.0.6","xml2js":"0.1.14","abstract-socket":"^2.0.0"},"optionalDependencies":{"abstract-socket":"^2.0.0"},"devDependencies":{"mocha":"*"},"scripts":{"test":"mocha","prepublish":"npm prune"},"engine":{"node":">=0.10.0"},"gitHead":"fb8d59bd6dc5e6ab2b879e4c209b3ef9fb788aac","bugs":{"url":"https://github.com/sidorares/node-dbus/issues"},"homepage":"https://github.com/sidorares/node-dbus#readme","_id":"dbus-native@0.2.1","_shasum":"bf69d72b62adb987069fe0c7e36e2ec1232b1e73","_from":".","_npmVersion":"3.10.3","_nodeVersion":"6.4.0","_npmUser":{"name":"sidorares","email":"sidorares@yandex.com"},"dist":{"shasum":"bf69d72b62adb987069fe0c7e36e2ec1232b1e73","tarball":"https://registry.npmjs.org/dbus-native/-/dbus-native-0.2.1.tgz"},"_npmOperationalInternal":{"host":"s3://npm-registry-packages","tmp":"tmp/dbus-native-0.2.1.tgz_1496672465775_0.5625309981405735"}},"0.2.2":{"name":"dbus-native","author":{"name":"Andrey Sidorov","email":"sidorares@yandex.com"},"version":"0.2.2","keywords":["dbus","dcop","d-bus","rpc","gnome","kde"],"description":"D-bus protocol implementation in native javascript","directories":{"lib":"lib","test":"test","examples":"examples"},"main":"index.js","maintainers":[{"name":"sidorares","email":"sidorares@yandex.ru"},{"name":"gfxmonk","email":"tim@gfxmonk.net"}],"license":"MIT","repository":{"type":"git","url":"git+ssh://git@github.com/sidorares/node-dbus.git"},"bin":{"dbus2js":"./bin/dbus2js.js"},"dependencies":{"event-stream":"^3.1.7","put":"0.0.6","xml2js":"0.1.14","abstract-socket":"^2.0.0"},"optionalDependencies":{"abstract-socket":"^2.0.0"},"devDependencies":{"mocha":"*"},"scripts":{"test":"mocha","prepublish":"npm prune"},"engine":{"node":">=0.10.0"},"gitHead":"9aa8e8dfcf2eaf85a188f289657c31c97fc8edd2","bugs":{"url":"https://github.com/sidorares/node-dbus/issues"},"homepage":"https://github.com/sidorares/node-dbus#readme","_id":"dbus-native@0.2.2","_shasum":"95ffafc33c543b0b51bce1da7c8879d4e46d9cfc","_from":".","_npmVersion":"3.10.3","_nodeVersion":"6.4.0","_npmUser":{"name":"sidorares","email":"sidorares@yandex.com"},"dist":{"shasum":"95ffafc33c543b0b51bce1da7c8879d4e46d9cfc","tarball":"https://registry.npmjs.org/dbus-native/-/dbus-native-0.2.2.tgz"},"_npmOperationalInternal":{"host":"s3://npm-registry-packages","tmp":"tmp/dbus-native-0.2.2.tgz_1499956061073_0.3850231431424618"}},"0.2.3":{"name":"dbus-native","author":{"name":"Andrey Sidorov","email":"sidorares@yandex.com"},"version":"0.2.3","keywords":["dbus","dcop","d-bus","rpc","gnome","kde"],"description":"D-bus protocol implementation in native javascript","directories":{"lib":"lib","test":"test","examples":"examples"},"main":"index.js","maintainers":[{"name":"sidorares","email":"sidorares@yandex.ru"},{"name":"gfxmonk","email":"tim@gfxmonk.net"}],"license":"MIT","repository":{"type":"git","url":"git+ssh://git@github.com/sidorares/node-dbus.git"},"bin":{"dbus2js":"./bin/dbus2js.js"},"dependencies":{"event-stream":"^3.1.7","long":"^3.0.1","put":"0.0.6","xml2js":"0.1.14","abstract-socket":"^2.0.0"},"optionalDependencies":{"abstract-socket":"^2.0.0"},"devDependencies":{"mocha":"*"},"scripts":{"test":"mocha","prepublish":"npm prune"},"engine":{"node":">=0.10.0"},"gitHead":"a6ef757feb485d9f9a6367e2dc594fd5a456d1a2","bugs":{"url":"https://github.com/sidorares/node-dbus/issues"},"homepage":"https://github.com/sidorares/node-dbus#readme","_id":"dbus-native@0.2.3","_npmVersion":"5.3.0","_nodeVersion":"8.2.0","_npmUser":{"name":"sidorares","email":"sidorares@yandex.com"},"dist":{"integrity":"sha512-6eQp/WrtlP7vf03ayw7NNcq1KNSTCb6Gx1E/bybNfMNCA4zsd1JdzgRCPuYDQxyEVVRnpXdThlVKwKokY6xJzA==","shasum":"136b8a475f84772b0d3bf5416cee86dcfb86523e","tarball":"https://registry.npmjs.org/dbus-native/-/dbus-native-0.2.3.tgz"},"_npmOperationalInternal":{"host":"s3://npm-registry-packages","tmp":"tmp/dbus-native-0.2.3.tgz_1504485651713_0.6826446156483144"}},"0.2.4":{"name":"dbus-native","author":{"name":"Andrey Sidorov","email":"sidorares@yandex.com"},"version":"0.2.4","keywords":["dbus","dcop","d-bus","rpc","gnome","kde"],"description":"D-bus protocol implementation in native javascript","directories":{"lib":"lib","test":"test","examples":"examples"},"main":"index.js","maintainers":[{"name":"gfxmonk","email":"tim@gfxmonk.net"},{"name":"sidorares","email":"sidorares@yandex.ru"}],"license":"MIT","repository":{"type":"git","url":"git+ssh://git@github.com/sidorares/node-dbus.git"},"bin":{"dbus2js":"./bin/dbus2js.js"},"dependencies":{"event-stream":"^3.1.7","hexy":"^0.2.10","long":"^3.0.1","optimist":"^0.6.1","put":"0.0.6","safe-buffer":"^5.1.1","xml2js":"0.1.14","abstract-socket":"^2.0.0"},"optionalDependencies":{"abstract-socket":"^2.0.0"},"devDependencies":{"eslint":"^4.8.0","eslint-config-prettier":"^2.6.0","eslint-plugin-markdown":"^1.0.0-beta.6","eslint-plugin-prettier":"^2.3.1","husky":"^0.14.3","lint-staged":"^5.0.0","mocha":"*","prettier":"^1.7.4"},"scripts":{"lint":"npm run lint:docs && npm run lint:code","lint:code":"eslint index.js 'bin/*.js' 'lib/**/*.js' 'test/**/*.js'","lint:docs":"eslint 'examples/**/*.js'","test":"npm run lint && npm run test:raw","test:raw":"mocha","prettier":"prettier --write index.js '{bin,lib,examples,test}/**/*.js'","prettier:docs":"prettier-markdown README.md","eslint-check":"eslint --print-config .eslintrc | eslint-config-prettier-check","precommit":"lint-staged","prepublish":"npm prune"},"lint-staged":{"*.js":["prettier --write","git add"]},"prettier":{"semi":true,"singleQuote":true,"trailingComma":"none"},"engine":{"node":">=4.0"},"gitHead":"9f6ddf5a1d96f2a691ecb52908bcbf8ddfd065aa","bugs":{"url":"https://github.com/sidorares/node-dbus/issues"},"homepage":"https://github.com/sidorares/node-dbus#readme","_id":"dbus-native@0.2.4","_npmVersion":"5.0.3","_nodeVersion":"8.1.4","_npmUser":{"name":"sidorares","email":"sidorares@yandex.com"},"dist":{"integrity":"sha512-vHM0mjJvG60EjbiZcVlSyvHTOlHHiMxtALnCA+LlVfyFWa8LhMQjKCCnM3Yx30rgL4yNAAxMAoy3JcX1OURdpw==","shasum":"91c130542743ffaf0ba8c23c1a1937a3711c47e2","tarball":"https://registry.npmjs.org/dbus-native/-/dbus-native-0.2.4.tgz","fileCount":64,"unpackedSize":142445},"_npmOperationalInternal":{"host":"s3://npm-registry-packages","tmp":"tmp/dbus-native_0.2.4_1518126594531_0.4664536938999069"}},"0.2.5":{"name":"dbus-native","author":{"name":"Andrey Sidorov","email":"sidorares@yandex.com"},"version":"0.2.5","keywords":["dbus","dcop","d-bus","rpc","gnome","kde"],"description":"D-bus protocol implementation in native javascript","directories":{"lib":"lib","test":"test","examples":"examples"},"main":"index.js","maintainers":[{"name":"gfxmonk","email":"tim@gfxmonk.net"},{"name":"sidorares","email":"sidorares@yandex.ru"}],"license":"MIT","repository":{"type":"git","url":"git+ssh://git@github.com/sidorares/node-dbus.git"},"bin":{"dbus2js":"./bin/dbus2js.js"},"dependencies":{"event-stream":"^3.1.7","hexy":"^0.2.10","long":"^3.0.1","optimist":"^0.6.1","put":"0.0.6","safe-buffer":"^5.1.1","xml2js":"0.1.14","abstract-socket":"^2.0.0"},"optionalDependencies":{"abstract-socket":"^2.0.0"},"devDependencies":{"eslint":"^4.8.0","eslint-config-prettier":"^2.6.0","eslint-plugin-markdown":"^1.0.0-beta.6","eslint-plugin-prettier":"^2.3.1","husky":"^0.14.3","lint-staged":"^5.0.0","mocha":"*","prettier":"^1.7.4"},"scripts":{"lint":"npm run lint:docs && npm run lint:code","lint:code":"eslint index.js 'bin/*.js' 'lib/**/*.js' 'test/**/*.js'","lint:docs":"eslint 'examples/**/*.js'","test":"npm run lint && npm run test:raw","test:raw":"mocha","prettier":"prettier --write index.js '{bin,lib,examples,test}/**/*.js'","prettier:docs":"prettier-markdown README.md","eslint-check":"eslint --print-config .eslintrc | eslint-config-prettier-check","precommit":"lint-staged","prepublish":"npm prune"},"lint-staged":{"*.js":["prettier --write","git add"]},"prettier":{"semi":true,"singleQuote":true,"trailingComma":"none"},"engine":{"node":">=4.0"},"gitHead":"4e19ecc6558e5aa13ace59b75d45345e770225ef","bugs":{"url":"https://github.com/sidorares/node-dbus/issues"},"homepage":"https://github.com/sidorares/node-dbus#readme","_id":"dbus-native@0.2.5","_npmVersion":"5.0.3","_nodeVersion":"8.1.4","_npmUser":{"name":"sidorares","email":"sidorares@yandex.com"},"dist":{"integrity":"sha512-ocxMKCV7QdiNhzhFSeEMhj258OGtvpANSb3oWGiotmI5h1ZIse0TMPcSLiXSpqvbYvQz2Y5RsYPMNYLWhg9eBw==","shasum":"914056f9689e2779e621c2ab8f7d2347ea607dc3","tarball":"https://registry.npmjs.org/dbus-native/-/dbus-native-0.2.5.tgz","fileCount":64,"unpackedSize":142440},"_npmOperationalInternal":{"host":"s3://npm-registry-packages","tmp":"tmp/dbus-native_0.2.5_1518227119929_0.6810396974787545"}}},"readme":"node-dbus\n===========\n\n[![Greenkeeper badge](https://badges.greenkeeper.io/sidorares/dbus-native.svg)](https://greenkeeper.io/)\nD-bus protocol client and server for node.js\n\n[![Build Status](https://secure.travis-ci.org/sidorares/dbus-native.png)](http://travis-ci.org/sidorares/dbus-native)\n\nInstallation\n------------\n\n```shell\nnpm install dbus-native\n```\nor\n\n```shell\ngit clone https://github.com/sidorares/node-dbus # clone the repo\ncd node-dbus\nnpm install # install dependencies\nsudo cp examples/com.github.sidorares.dbus.Example.conf /etc/dbus-1/system.d/ # if you want to test examples/service.js\n```\n\nUsage\n------\n\nShort example using desktop notifications service\n\n```js\nvar dbus = require('dbus-native');\nvar sessionBus = dbus.sessionBus();\nsessionBus.getService('org.freedesktop.Notifications').getInterface(\n    '/org/freedesktop/Notifications',\n    'org.freedesktop.Notifications', function(err, notifications) {\n\n    // dbus signals are EventEmitter events\n    notifications.on('ActionInvoked', function() {\n        console.log('ActionInvoked', arguments);\n    });\n    notifications.on('NotificationClosed', function() {\n        console.log('NotificationClosed', arguments);\n    });\n    notifications.Notify('exampl', 0, '', 'summary 3', 'new message text', ['xxx yyy', 'test2', 'test3', 'test4'], [],  5, function(err, id) {\n       //setTimeout(function() { n.CloseNotification(id, console.log); }, 4000);\n    });\n});\n```\n\nAPI\n---\n\n### Low level messaging: bus connection\n\n`connection = dbus.createClient(options)`\n\noptions:\n   - socket - unix socket path\n   - port - TCP port\n   - host - TCP host\n   - busAddress - encoded bus address. Default is `DBUS_SESSION_BUS_ADDRESS` environment variable. See http://dbus.freedesktop.org/doc/dbus-specification.html#addresses\n   - authMethods - array of authentication methods, which are attempted in the order provided (default:['EXTERNAL', 'DBUS_COOKIE_SHA1', 'ANONYMOUS'])\n   - ayBuffer - boolean (default:true): if true 'ay' dbus fields are returned as buffers\n   - ReturnLongjs - boolean (default:false): if true 64 bit dbus fields (x/t) are read out as Long.js objects, otherwise they are converted to numbers (which should be good up to 53 bits)\n   - ( TODO: add/document option to use adress from X11 session )\n\nconnection has only one method, `message(msg)`\n\nmessage fields:\n   - type - methodCall, methodReturn, error or signal\n   - path - object path\n   - interface\n   - destination\n   - sender\n   - member\n   - serial\n   - signature\n   - body\n   - errorName\n   - replySerial\n\nconnection signals:\n   - connect - emitted after successful authentication\n   - message\n   - error\n\nexample:\n\n```js\nvar dbus = require('dbus-native');\nvar conn = dbus.createConnection();\nconn.message({\n    path:'/org/freedesktop/DBus',\n    destination: 'org.freedesktop.DBus',\n    'interface': 'org.freedesktop.DBus',\n    member: 'Hello',\n    type: dbus.messageType.methodCall\n});\nconn.on('message', function(msg) { console.log(msg); });\n```\n\n### Note on INT64 'x' and UINT64 't'\nLong.js is used for 64 Bit support. https://github.com/dcodeIO/long.js\nThe following javascript types can be marshalled into 64 bit dbus fields:\n   - typeof 'number' up to 53bits\n   - typeof 'string' (consisting of decimal digits with no separators or '0x' prefixed hexadecimal) up to full 64bit range\n   - Long.js objects (or object with compatible properties)\n\nBy default 64 bit dbus fields are unmarshalled into a 'number' (with precision loss beyond 53 bits). Use {ReturnLongjs:true} option to return the actual Long.js object and preserve the entire 64 bits.\n\n### Links\n   - http://cgit.freedesktop.org/dbus - freedesktop reference C library\n   - https://github.com/guelfey/go.dbus\n   - https://github.com/Shouqun/node-dbus - libdbus\n   - https://github.com/Motorola-Mobility/node-dbus - libdbus\n   - https://github.com/izaakschroeder/node-dbus - libdbus\n   - https://github.com/agnat/node_libdbus\n   - https://github.com/agnat/node_dbus - native js\n   - https://github.com/cocagne/txdbus - native python + twisted\n   - http://search.cpan.org/~danberr/Net-DBus-1.0.0/ (seems to be native, but requires libdbus?)\n   - https://github.com/mvidner/ruby-dbus (native, sync)\n   - http://www.ndesk.org/DBusSharp (C#/Mono)\n   - https://github.com/lizenn/erlang-dbus/ - erlang\n   - https://github.com/mspanc/dbux/ - elixir\n   - http://0pointer.net/blog/the-new-sd-bus-api-of-systemd.html - Blog post about sb-bus and D-Bus in general\n","maintainers":[{"name":"gfxmonk","email":"tim@gfxmonk.net"},{"name":"sidorares","email":"sidorares@yandex.ru"}],"time":{"modified":"2018-02-17T18:17:50.682Z","created":"2012-08-28T21:45:09.142Z","0.0.3":"2012-08-28T21:45:13.206Z","0.0.4":"2012-09-09T08:41:26.276Z","0.0.5":"2012-09-26T10:48:37.746Z","0.0.7":"2012-12-31T12:41:21.844Z","0.0.8":"2013-01-18T04:29:04.343Z","0.0.9":"2013-04-13T23:51:26.078Z","0.0.10":"2013-06-04T06:01:54.744Z","0.0.11":"2013-08-08T15:08:48.997Z","0.0.12":"2013-09-13T01:15:49.905Z","0.0.13":"2013-09-17T04:14:15.768Z","0.0.14":"2014-03-22T12:06:00.968Z","0.0.15":"2014-06-19T11:31:55.703Z","0.1.0":"2014-10-02T00:02:26.476Z","0.1.1":"2014-10-30T11:54:55.529Z","0.1.2":"2015-02-05T22:49:45.468Z","0.1.3":"2015-03-19T00:04:57.845Z","0.2.0":"2015-03-31T22:12:25.279Z","0.2.1":"2017-06-05T14:21:05.916Z","0.2.2":"2017-07-13T14:27:41.169Z","0.2.3":"2017-09-04T00:40:51.883Z","0.2.4":"2018-02-08T21:49:54.598Z","0.2.5":"2018-02-10T01:45:20.049Z"},"author":{"name":"Andrey Sidorov","email":"sidorares@yandex.com"},"repository":{"type":"git","url":"git+ssh://git@github.com/sidorares/node-dbus.git"},"keywords":["dbus","dcop","d-bus","rpc","gnome","kde"],"bugs":{"url":"https://github.com/sidorares/node-dbus/issues"},"license":"MIT","readmeFilename":"README.md","homepage":"https://github.com/sidorares/node-dbus#readme","users":{"cef62":true,"npmrud5g":true},"_attachments":{},"_etag":"W/\"dc463d076f9aa20baf2436b96a64d56c\"","_lastModified":"Sat, 26 May 2018 21:50:17 GMT"}