{"_id":"readdir-enhanced","_rev":"22-6527bff8d2ba8aebe8ff9b9681600941","name":"readdir-enhanced","description":"fs.readdir with sync, async, and streaming APIs + filtering, recursion, absolute paths, etc.","dist-tags":{"latest":"2.2.1"},"versions":{"1.0.0":{"name":"readdir-enhanced","version":"1.0.0","description":"fs.readdir with sync, async, and streaming APIs + filtering, recursion, full paths, etc.","keywords":["fs","readdir","stream","event","recursive","deep","filter","absolute"],"author":{"name":"James Messinger","url":"http://jamesmessinger.com"},"license":"MIT","homepage":"https://github.com/bigstickcarpet/readdir-enhanced","main":"lib/index.js","scripts":{"lint":"eslint lib test --fix","test":"mocha && npm run lint","upgrade":"npm-check -u","bump":"bump --prompt --tag --push --all","release":"npm run upgrade && npm test && npm run bump && npm publish"},"repository":{"type":"git","url":"git+https://github.com/bigstickcarpet/readdir-enhanced.git"},"devDependencies":{"chai":"^3.5.0","del":"^2.2.2","eslint":"^3.3.1","mkdirp":"^0.5.1","mocha":"^3.0.2","npm-check":"^5.2.3","version-bump-prompt":"^1.5.2"},"dependencies":{"call-me-maybe":"^1.0.1","es6-promise":"^3.2.1"},"gitHead":"59bab6aab430a1c9f8768355fdf829671159971c","bugs":{"url":"https://github.com/bigstickcarpet/readdir-enhanced/issues"},"_id":"readdir-enhanced@1.0.0","_shasum":"e1ae297356f62bd8ad81bcd88b6463bef86e6a1e","_from":".","_npmVersion":"3.10.6","_nodeVersion":"6.4.0","_npmUser":{"name":"bigstickcarpet","email":"BigstickCarpet@gmail.com"},"dist":{"shasum":"e1ae297356f62bd8ad81bcd88b6463bef86e6a1e","tarball":"https://registry.npmjs.org/readdir-enhanced/-/readdir-enhanced-1.0.0.tgz"},"maintainers":[{"name":"bigstickcarpet","email":"BigstickCarpet@gmail.com"}],"_npmOperationalInternal":{"host":"packages-12-west.internal.npmjs.com","tmp":"tmp/readdir-enhanced-1.0.0.tgz_1471866424392_0.3039839346893132"},"directories":{}},"1.0.1":{"name":"readdir-enhanced","version":"1.0.1","description":"fs.readdir with sync, async, and streaming APIs + filtering, recursion, full paths, etc.","keywords":["fs","readdir","stream","event","recursive","deep","filter","absolute"],"author":{"name":"James Messinger","url":"http://jamesmessinger.com"},"license":"MIT","homepage":"https://github.com/bigstickcarpet/readdir-enhanced","main":"lib/index.js","scripts":{"lint":"eslint lib test --fix","test":"mocha && npm run lint","upgrade":"npm-check -u","bump":"bump --prompt --tag --push --all","release":"npm run upgrade && npm test && npm run bump && npm publish"},"repository":{"type":"git","url":"git+https://github.com/bigstickcarpet/readdir-enhanced.git"},"devDependencies":{"chai":"^3.5.0","del":"^2.2.2","eslint":"^3.3.1","mkdirp":"^0.5.1","mocha":"^3.0.2","npm-check":"^5.2.3","version-bump-prompt":"^1.5.2"},"dependencies":{"call-me-maybe":"^1.0.1","es6-promise":"^3.2.1"},"gitHead":"4df182696fce8175888d4affb1c734a17506060e","bugs":{"url":"https://github.com/bigstickcarpet/readdir-enhanced/issues"},"_id":"readdir-enhanced@1.0.1","_shasum":"4b62292009c240efda8232b66da7b349dbd75972","_from":".","_npmVersion":"3.10.6","_nodeVersion":"6.4.0","_npmUser":{"name":"bigstickcarpet","email":"BigstickCarpet@gmail.com"},"dist":{"shasum":"4b62292009c240efda8232b66da7b349dbd75972","tarball":"https://registry.npmjs.org/readdir-enhanced/-/readdir-enhanced-1.0.1.tgz"},"maintainers":[{"name":"bigstickcarpet","email":"BigstickCarpet@gmail.com"}],"_npmOperationalInternal":{"host":"packages-16-east.internal.npmjs.com","tmp":"tmp/readdir-enhanced-1.0.1.tgz_1471902355149_0.2850980700459331"},"directories":{}},"1.1.0":{"name":"readdir-enhanced","version":"1.1.0","description":"fs.readdir with sync, async, and streaming APIs + filtering, recursion, full paths, etc.","keywords":["fs","readdir","stream","event","recursive","deep","filter","absolute"],"author":{"name":"James Messinger","url":"http://jamesmessinger.com"},"license":"MIT","homepage":"https://github.com/bigstickcarpet/readdir-enhanced","main":"lib/index.js","scripts":{"lint":"eslint lib test --fix","test":"istanbul cover _mocha && npm run lint","upgrade":"npm-check -u","bump":"bump --prompt --tag --push --all","release":"npm run upgrade && npm test && npm run bump && npm publish"},"repository":{"type":"git","url":"git+https://github.com/bigstickcarpet/readdir-enhanced.git"},"devDependencies":{"chai":"^3.5.0","codacy-coverage":"^2.0.0","coveralls":"^2.11.12","del":"^2.2.2","eslint":"^3.3.1","istanbul":"^0.4.5","mkdirp":"^0.5.1","mocha":"^3.0.2","npm-check":"^5.2.3","version-bump-prompt":"^1.5.2"},"dependencies":{"call-me-maybe":"^1.0.1","es6-promise":"^3.2.1"},"gitHead":"7a00b0471c478b3b27389d2a58a5c14481801c26","bugs":{"url":"https://github.com/bigstickcarpet/readdir-enhanced/issues"},"_id":"readdir-enhanced@1.1.0","_shasum":"d22f3380491b6f049562d0eb3da6ed472c29379f","_from":".","_npmVersion":"3.10.6","_nodeVersion":"6.4.0","_npmUser":{"name":"bigstickcarpet","email":"BigstickCarpet@gmail.com"},"dist":{"shasum":"d22f3380491b6f049562d0eb3da6ed472c29379f","tarball":"https://registry.npmjs.org/readdir-enhanced/-/readdir-enhanced-1.1.0.tgz"},"maintainers":[{"name":"bigstickcarpet","email":"BigstickCarpet@gmail.com"}],"_npmOperationalInternal":{"host":"packages-12-west.internal.npmjs.com","tmp":"tmp/readdir-enhanced-1.1.0.tgz_1471919057891_0.8454050810541958"},"directories":{}},"1.2.0":{"name":"readdir-enhanced","version":"1.2.0","description":"fs.readdir with sync, async, and streaming APIs + filtering, recursion, full paths, etc.","keywords":["fs","readdir","stream","event","recursive","deep","filter","absolute"],"author":{"name":"James Messinger","url":"http://jamesmessinger.com"},"license":"MIT","homepage":"https://github.com/bigstickcarpet/readdir-enhanced","main":"lib/index.js","scripts":{"lint":"eslint lib test --fix","test":"mocha","cover":"istanbul cover _mocha","upgrade":"npm-check -u","bump":"bump --prompt --tag --push --all","release":"npm run upgrade && npm test && npm run bump && npm publish"},"repository":{"type":"git","url":"git+https://github.com/bigstickcarpet/readdir-enhanced.git"},"devDependencies":{"chai":"^3.5.0","codacy-coverage":"^2.0.0","coveralls":"^2.11.12","del":"^2.2.2","eslint":"^3.3.1","istanbul":"^0.4.5","mkdirp":"^0.5.1","mocha":"^3.0.2","npm-check":"^5.2.3","version-bump-prompt":"^1.5.2"},"dependencies":{"call-me-maybe":"^1.0.1","es6-promise":"^3.2.1"},"gitHead":"916a9eeb3b6564a9e5362e75966af7cba38ab4d6","bugs":{"url":"https://github.com/bigstickcarpet/readdir-enhanced/issues"},"_id":"readdir-enhanced@1.2.0","_shasum":"c4dd4ad7b6aea25597e1a7e136650a7c354bd9a0","_from":".","_npmVersion":"3.10.6","_nodeVersion":"6.4.0","_npmUser":{"name":"bigstickcarpet","email":"BigstickCarpet@gmail.com"},"dist":{"shasum":"c4dd4ad7b6aea25597e1a7e136650a7c354bd9a0","tarball":"https://registry.npmjs.org/readdir-enhanced/-/readdir-enhanced-1.2.0.tgz"},"maintainers":[{"name":"bigstickcarpet","email":"BigstickCarpet@gmail.com"}],"_npmOperationalInternal":{"host":"packages-12-west.internal.npmjs.com","tmp":"tmp/readdir-enhanced-1.2.0.tgz_1471926390478_0.7151630627922714"},"directories":{}},"1.3.0":{"name":"readdir-enhanced","version":"1.3.0","description":"fs.readdir with sync, async, and streaming APIs + filtering, recursion, full paths, etc.","keywords":["fs","readdir","stream","event","recursive","deep","filter","absolute"],"author":{"name":"James Messinger","url":"http://jamesmessinger.com"},"license":"MIT","homepage":"https://github.com/bigstickcarpet/readdir-enhanced","main":"lib/index.js","scripts":{"lint":"eslint lib test --fix","test":"mocha && npm run lint","test-only":"mocha","cover":"istanbul cover _mocha","upgrade":"npm-check -u","bump":"bump --prompt --tag --push --all","release":"npm run upgrade && npm test && npm run bump && npm publish"},"repository":{"type":"git","url":"git+https://github.com/bigstickcarpet/readdir-enhanced.git"},"devDependencies":{"chai":"^3.5.0","codacy-coverage":"^2.0.0","coveralls":"^2.11.12","del":"^2.2.2","eslint":"^3.3.1","istanbul":"^0.4.5","mkdirp":"^0.5.1","mocha":"^3.0.2","npm-check":"^5.2.3","version-bump-prompt":"^1.5.2"},"dependencies":{"call-me-maybe":"^1.0.1","es6-promise":"^3.2.1"},"gitHead":"b9615c842226cc12c58442d370408f1f34b2c086","bugs":{"url":"https://github.com/bigstickcarpet/readdir-enhanced/issues"},"_id":"readdir-enhanced@1.3.0","_shasum":"0e2ca5350b6a1eb6344d01ec715f191ea89a0a1a","_from":".","_npmVersion":"3.10.6","_nodeVersion":"6.4.0","_npmUser":{"name":"bigstickcarpet","email":"BigstickCarpet@gmail.com"},"dist":{"shasum":"0e2ca5350b6a1eb6344d01ec715f191ea89a0a1a","tarball":"https://registry.npmjs.org/readdir-enhanced/-/readdir-enhanced-1.3.0.tgz"},"maintainers":[{"name":"bigstickcarpet","email":"BigstickCarpet@gmail.com"}],"_npmOperationalInternal":{"host":"packages-12-west.internal.npmjs.com","tmp":"tmp/readdir-enhanced-1.3.0.tgz_1471992396377_0.9656153183896095"},"directories":{}},"1.3.1":{"name":"readdir-enhanced","version":"1.3.1","description":"fs.readdir with sync, async, and streaming APIs + filtering, recursion, full paths, etc.","keywords":["fs","readdir","stream","event","recursive","deep","filter","absolute"],"author":{"name":"James Messinger","url":"http://jamesmessinger.com"},"license":"MIT","homepage":"https://github.com/bigstickcarpet/readdir-enhanced","main":"lib/index.js","scripts":{"lint":"eslint lib test --fix","test":"mocha && npm run lint","test-only":"mocha","cover":"istanbul cover _mocha","upgrade":"npm-check -u","bump":"bump --prompt --tag --push --all","release":"npm run upgrade && npm test && npm run bump && npm publish"},"repository":{"type":"git","url":"git+https://github.com/bigstickcarpet/readdir-enhanced.git"},"devDependencies":{"chai":"^3.5.0","codacy-coverage":"^2.0.0","coveralls":"^2.11.12","del":"^2.2.2","eslint":"^3.3.1","istanbul":"^0.4.5","mkdirp":"^0.5.1","mocha":"^3.0.2","npm-check":"^5.2.3","version-bump-prompt":"^1.5.2"},"dependencies":{"call-me-maybe":"^1.0.1","es6-promise":"^3.2.1"},"gitHead":"c0be3c0efe96ba2e38ff1359e33e6c5b30181a84","bugs":{"url":"https://github.com/bigstickcarpet/readdir-enhanced/issues"},"_id":"readdir-enhanced@1.3.1","_shasum":"18b649dca445f369ef9d1f8f7a1881814ad9d256","_from":".","_npmVersion":"3.10.6","_nodeVersion":"6.4.0","_npmUser":{"name":"bigstickcarpet","email":"BigstickCarpet@gmail.com"},"dist":{"shasum":"18b649dca445f369ef9d1f8f7a1881814ad9d256","tarball":"https://registry.npmjs.org/readdir-enhanced/-/readdir-enhanced-1.3.1.tgz"},"maintainers":[{"name":"bigstickcarpet","email":"BigstickCarpet@gmail.com"}],"_npmOperationalInternal":{"host":"packages-12-west.internal.npmjs.com","tmp":"tmp/readdir-enhanced-1.3.1.tgz_1472039548187_0.3548069328535348"},"directories":{}},"1.3.2":{"name":"readdir-enhanced","version":"1.3.2","description":"fs.readdir with sync, async, and streaming APIs + filtering, recursion, absolute paths, etc.","keywords":["fs","readdir","stream","event","recursive","deep","filter","absolute"],"author":{"name":"James Messinger","url":"http://jamesmessinger.com"},"license":"MIT","homepage":"https://github.com/bigstickcarpet/readdir-enhanced","main":"lib/index.js","scripts":{"lint":"eslint lib test --fix","test":"mocha && npm run lint","test-only":"mocha","cover":"istanbul cover _mocha","upgrade":"npm-check -u","bump":"bump --prompt --tag --push --all","release":"npm run upgrade && npm test && npm run bump && npm publish"},"repository":{"type":"git","url":"git+https://github.com/bigstickcarpet/readdir-enhanced.git"},"devDependencies":{"chai":"^3.5.0","codacy-coverage":"^2.0.0","coveralls":"^2.11.12","del":"^2.2.2","eslint":"^3.3.1","istanbul":"^0.4.5","mkdirp":"^0.5.1","mocha":"^3.0.2","npm-check":"^5.2.3","version-bump-prompt":"^1.5.2"},"dependencies":{"call-me-maybe":"^1.0.1","es6-promise":"^3.2.1"},"gitHead":"24fdfcd88d66c2ad1febefa25aaf6426d4132228","bugs":{"url":"https://github.com/bigstickcarpet/readdir-enhanced/issues"},"_id":"readdir-enhanced@1.3.2","_shasum":"c5da073ae07ad3d6186e4f6c067255d8f61e576d","_from":".","_npmVersion":"3.10.6","_nodeVersion":"6.4.0","_npmUser":{"name":"bigstickcarpet","email":"BigstickCarpet@gmail.com"},"dist":{"shasum":"c5da073ae07ad3d6186e4f6c067255d8f61e576d","tarball":"https://registry.npmjs.org/readdir-enhanced/-/readdir-enhanced-1.3.2.tgz"},"maintainers":[{"name":"bigstickcarpet","email":"BigstickCarpet@gmail.com"}],"_npmOperationalInternal":{"host":"packages-16-east.internal.npmjs.com","tmp":"tmp/readdir-enhanced-1.3.2.tgz_1472045257512_0.3482765080407262"},"directories":{}},"1.3.3":{"name":"readdir-enhanced","version":"1.3.3","description":"fs.readdir with sync, async, and streaming APIs + filtering, recursion, absolute paths, etc.","keywords":["fs","readdir","stream","event","recursive","deep","filter","absolute"],"author":{"name":"James Messinger","url":"http://jamesmessinger.com"},"license":"MIT","homepage":"https://github.com/bigstickcarpet/readdir-enhanced","main":"lib/index.js","scripts":{"lint":"eslint lib test --fix","test":"mocha && npm run lint","test-only":"mocha","cover":"istanbul cover _mocha","upgrade":"npm-check -u","bump":"bump --prompt --tag --push --all","release":"npm run upgrade && npm test && npm run bump && npm publish"},"repository":{"type":"git","url":"git+https://github.com/bigstickcarpet/readdir-enhanced.git"},"devDependencies":{"chai":"^3.5.0","codacy-coverage":"^2.0.0","coveralls":"^2.11.12","del":"^2.2.2","eslint":"^3.3.1","istanbul":"^0.4.5","mkdirp":"^0.5.1","mocha":"^3.0.2","npm-check":"^5.2.3","version-bump-prompt":"^1.5.2"},"dependencies":{"call-me-maybe":"^1.0.1","es6-promise":"^3.2.1"},"files":["lib"],"gitHead":"764eeb23b5abc976bdc997aa70c8b6c5d8f00e5a","bugs":{"url":"https://github.com/bigstickcarpet/readdir-enhanced/issues"},"_id":"readdir-enhanced@1.3.3","_shasum":"0cfd5aaac8c15b88e12b0b975efd7ea1809b782e","_from":".","_npmVersion":"3.10.6","_nodeVersion":"6.4.0","_npmUser":{"name":"bigstickcarpet","email":"BigstickCarpet@gmail.com"},"dist":{"shasum":"0cfd5aaac8c15b88e12b0b975efd7ea1809b782e","tarball":"https://registry.npmjs.org/readdir-enhanced/-/readdir-enhanced-1.3.3.tgz"},"maintainers":[{"name":"bigstickcarpet","email":"BigstickCarpet@gmail.com"}],"_npmOperationalInternal":{"host":"packages-16-east.internal.npmjs.com","tmp":"tmp/readdir-enhanced-1.3.3.tgz_1472063582564_0.33141624834388494"},"directories":{}},"1.3.4":{"name":"readdir-enhanced","version":"1.3.4","description":"fs.readdir with sync, async, and streaming APIs + filtering, recursion, absolute paths, etc.","keywords":["fs","readdir","stream","event","recursive","deep","filter","absolute"],"author":{"name":"James Messinger","url":"http://jamesmessinger.com"},"license":"MIT","homepage":"https://github.com/bigstickcarpet/readdir-enhanced","main":"lib/index.js","scripts":{"lint":"eslint lib test --fix","test":"mocha && npm run lint","test-only":"mocha","cover":"istanbul cover _mocha","upgrade":"npm-check -u","bump":"bump --prompt --tag --push --all","release":"npm run upgrade && npm test && npm run bump && npm publish"},"repository":{"type":"git","url":"git+https://github.com/bigstickcarpet/readdir-enhanced.git"},"devDependencies":{"chai":"^3.5.0","codacy-coverage":"^2.0.0","coveralls":"^2.11.12","del":"^2.2.2","eslint":"^3.3.1","istanbul":"^0.4.5","mkdirp":"^0.5.1","mocha":"^3.0.2","npm-check":"^5.2.3","through2":"^2.0.1","version-bump-prompt":"^1.5.2"},"dependencies":{"call-me-maybe":"^1.0.1","es6-promise":"^3.2.1"},"files":["lib"],"gitHead":"359b9e1515865e10759bf2710782f837fc125894","bugs":{"url":"https://github.com/bigstickcarpet/readdir-enhanced/issues"},"_id":"readdir-enhanced@1.3.4","_shasum":"df46a3e221c672da2523fc7d2c8c8f7d0be64663","_from":".","_npmVersion":"3.10.6","_nodeVersion":"6.4.0","_npmUser":{"name":"bigstickcarpet","email":"BigstickCarpet@gmail.com"},"dist":{"shasum":"df46a3e221c672da2523fc7d2c8c8f7d0be64663","tarball":"https://registry.npmjs.org/readdir-enhanced/-/readdir-enhanced-1.3.4.tgz"},"maintainers":[{"name":"bigstickcarpet","email":"BigstickCarpet@gmail.com"}],"_npmOperationalInternal":{"host":"packages-12-west.internal.npmjs.com","tmp":"tmp/readdir-enhanced-1.3.4.tgz_1472216794627_0.94470917689614"},"directories":{}},"1.4.0":{"name":"readdir-enhanced","version":"1.4.0","description":"fs.readdir with sync, async, and streaming APIs + filtering, recursion, absolute paths, etc.","keywords":["fs","readdir","stream","event","recursive","deep","filter","absolute"],"author":{"name":"James Messinger","url":"http://jamesmessinger.com"},"license":"MIT","homepage":"https://github.com/bigstickcarpet/readdir-enhanced","main":"lib/index.js","scripts":{"lint":"eslint lib test --fix","test":"mocha && npm run lint","test-only":"mocha","cover":"istanbul cover _mocha","upgrade":"npm-check -u","bump":"bump --prompt --tag --push --all","release":"npm run upgrade && npm test && npm run bump && npm publish"},"repository":{"type":"git","url":"git+https://github.com/bigstickcarpet/readdir-enhanced.git"},"devDependencies":{"chai":"^3.5.0","codacy-coverage":"^2.0.0","coveralls":"^2.11.12","del":"^2.2.2","eslint":"^3.4.0","istanbul":"^0.4.5","mkdirp":"^0.5.1","mocha":"^3.0.2","npm-check":"^5.2.3","through2":"^2.0.1","version-bump-prompt":"^1.5.2"},"dependencies":{"call-me-maybe":"^1.0.1","es6-promise":"^3.2.1","glob-to-regexp":"^0.3.0"},"files":["lib"],"gitHead":"0154615826b5d292c446f92404b34a8406ab7c67","bugs":{"url":"https://github.com/bigstickcarpet/readdir-enhanced/issues"},"_id":"readdir-enhanced@1.4.0","_shasum":"f1b975285cb1a65679b2ef2d6fb4dbf9d9a6d197","_from":".","_npmVersion":"3.10.6","_nodeVersion":"6.4.0","_npmUser":{"name":"bigstickcarpet","email":"BigstickCarpet@gmail.com"},"dist":{"shasum":"f1b975285cb1a65679b2ef2d6fb4dbf9d9a6d197","tarball":"https://registry.npmjs.org/readdir-enhanced/-/readdir-enhanced-1.4.0.tgz"},"maintainers":[{"name":"bigstickcarpet","email":"BigstickCarpet@gmail.com"}],"_npmOperationalInternal":{"host":"packages-12-west.internal.npmjs.com","tmp":"tmp/readdir-enhanced-1.4.0.tgz_1472438140086_0.7502260298933834"},"directories":{}},"1.4.3":{"name":"readdir-enhanced","version":"1.4.3","description":"fs.readdir with sync, async, and streaming APIs + filtering, recursion, absolute paths, etc.","keywords":["fs","readdir","stream","event","recursive","deep","filter","absolute"],"author":{"name":"James Messinger","url":"http://jamesmessinger.com"},"license":"MIT","homepage":"https://github.com/bigstickcarpet/readdir-enhanced","main":"lib/index.js","scripts":{"lint":"eslint lib test --fix","test":"mocha && npm run lint","test-only":"mocha","cover":"istanbul cover _mocha","upgrade":"npm-check -u","release":"npm run upgrade && npm test && bump --prompt --tag --push --all"},"repository":{"type":"git","url":"git+https://github.com/bigstickcarpet/readdir-enhanced.git"},"devDependencies":{"chai":"^3.5.0","codacy-coverage":"^2.0.0","coveralls":"^2.11.12","del":"^2.2.2","eslint":"^3.4.0","istanbul":"^0.4.5","mkdirp":"^0.5.1","mocha":"^3.0.2","npm-check":"^5.2.3","through2":"^2.0.1","version-bump-prompt":"^1.6.3"},"dependencies":{"call-me-maybe":"^1.0.1","es6-promise":"^3.2.1","glob-to-regexp":"^0.3.0"},"files":["lib"],"gitHead":"6aca0e4ec9b0ba7d0b5b67bcfcbf992b3e27194f","bugs":{"url":"https://github.com/bigstickcarpet/readdir-enhanced/issues"},"_id":"readdir-enhanced@1.4.3","_shasum":"6949447c716499e91f07ce62ef63f4d5e3511c85","_from":".","_npmVersion":"3.10.3","_nodeVersion":"6.5.0","_npmUser":{"name":"bigstickcarpet","email":"bigstickcarpet@gmail.com"},"dist":{"shasum":"6949447c716499e91f07ce62ef63f4d5e3511c85","tarball":"https://registry.npmjs.org/readdir-enhanced/-/readdir-enhanced-1.4.3.tgz"},"maintainers":[{"name":"bigstickcarpet","email":"BigstickCarpet@gmail.com"}],"_npmOperationalInternal":{"host":"packages-12-west.internal.npmjs.com","tmp":"tmp/readdir-enhanced-1.4.3.tgz_1472919754616_0.12926350091584027"},"directories":{}},"1.4.4":{"name":"readdir-enhanced","version":"1.4.4","description":"fs.readdir with sync, async, and streaming APIs + filtering, recursion, absolute paths, etc.","keywords":["fs","readdir","stream","event","recursive","deep","filter","absolute"],"author":{"name":"James Messinger","url":"http://jamesmessinger.com"},"license":"MIT","homepage":"https://github.com/bigstickcarpet/readdir-enhanced","main":"lib/index.js","scripts":{"lint":"eslint lib test --fix","test":"mocha && npm run lint","test-only":"mocha","cover":"istanbul cover _mocha","upgrade":"npm-check -u","bump":"bump --prompt --tag --push --all","release":"npm run upgrade && npm test && npm run bump && npm publish"},"repository":{"type":"git","url":"git+https://github.com/bigstickcarpet/readdir-enhanced.git"},"devDependencies":{"chai":"^3.5.0","codacy-coverage":"^2.0.0","coveralls":"^2.11.14","del":"^2.2.2","eslint":"^3.7.1","istanbul":"^0.4.5","mkdirp":"^0.5.1","mocha":"^3.1.1","npm-check":"^5.4.0","through2":"^2.0.1","version-bump-prompt":"^1.7.1"},"dependencies":{"call-me-maybe":"^1.0.1","es6-promise":"^4.0.5","glob-to-regexp":"^0.3.0"},"files":["lib"],"gitHead":"9ab7256a2f63fbeb16509102e12b475523123f35","bugs":{"url":"https://github.com/bigstickcarpet/readdir-enhanced/issues"},"_id":"readdir-enhanced@1.4.4","_shasum":"d47acc61fe72afcebf57ac45a9361c6c4baee66d","_from":".","_npmVersion":"3.10.8","_nodeVersion":"6.4.0","_npmUser":{"name":"bigstickcarpet","email":"bigstickcarpet@gmail.com"},"dist":{"shasum":"d47acc61fe72afcebf57ac45a9361c6c4baee66d","tarball":"https://registry.npmjs.org/readdir-enhanced/-/readdir-enhanced-1.4.4.tgz"},"maintainers":[{"name":"bigstickcarpet","email":"BigstickCarpet@gmail.com"}],"_npmOperationalInternal":{"host":"packages-12-west.internal.npmjs.com","tmp":"tmp/readdir-enhanced-1.4.4.tgz_1476106047866_0.9391755720134825"},"directories":{}},"1.4.5":{"name":"readdir-enhanced","version":"1.4.5","description":"fs.readdir with sync, async, and streaming APIs + filtering, recursion, absolute paths, etc.","keywords":["fs","readdir","stream","event","recursive","deep","filter","absolute"],"author":{"name":"James Messinger","url":"http://jamesmessinger.com"},"license":"MIT","homepage":"https://github.com/bigstickcarpet/readdir-enhanced","main":"lib/index.js","scripts":{"lint":"eslint lib test --fix","test":"mocha","cover":"istanbul cover _mocha","upgrade":"npm-check -u","bump":"bump --prompt --tag --push --all","release":"npm run upgrade && npm test && npm run bump && npm publish"},"repository":{"type":"git","url":"git+https://github.com/bigstickcarpet/readdir-enhanced.git"},"devDependencies":{"chai":"^3.5.0","codacy-coverage":"^2.0.0","coveralls":"^2.11.14","del":"^2.2.2","eslint":"^3.9.0","eslint-config-modular":"^1.0.1","istanbul":"^0.4.5","mkdirp":"^0.5.1","mocha":"^3.1.2","npm-check":"^5.4.0","through2":"^2.0.1","version-bump-prompt":"^1.7.2"},"dependencies":{"call-me-maybe":"^1.0.1","es6-promise":"^4.0.5","glob-to-regexp":"^0.3.0"},"files":["lib"],"gitHead":"816b918cfef6984a23a20707c91153f841446287","bugs":{"url":"https://github.com/bigstickcarpet/readdir-enhanced/issues"},"_id":"readdir-enhanced@1.4.5","_shasum":"09f3eb583a86152b2e546f0bdae80bfff83c06f9","_from":".","_npmVersion":"3.10.9","_nodeVersion":"7.0.0","_npmUser":{"name":"bigstickcarpet","email":"bigstickcarpet@gmail.com"},"dist":{"shasum":"09f3eb583a86152b2e546f0bdae80bfff83c06f9","tarball":"https://registry.npmjs.org/readdir-enhanced/-/readdir-enhanced-1.4.5.tgz"},"maintainers":[{"name":"bigstickcarpet","email":"BigstickCarpet@gmail.com"}],"_npmOperationalInternal":{"host":"packages-12-west.internal.npmjs.com","tmp":"tmp/readdir-enhanced-1.4.5.tgz_1477834459133_0.8037094632163644"},"directories":{}},"1.5.0":{"name":"readdir-enhanced","version":"1.5.0","description":"fs.readdir with sync, async, and streaming APIs + filtering, recursion, absolute paths, etc.","keywords":["fs","readdir","stream","event","recursive","deep","filter","absolute"],"author":{"name":"James Messinger","url":"http://jamesmessinger.com"},"homepage":"https://github.com/bigstickcarpet/readdir-enhanced","repository":{"type":"git","url":"git+https://github.com/bigstickcarpet/readdir-enhanced.git"},"license":"MIT","main":"lib/index.js","files":["lib"],"scripts":{"lint":"eslint lib test --fix","test":"mocha && npm run lint","cover":"istanbul cover _mocha","upgrade":"npm-check -u","bump":"bump --prompt --tag --push --all","release":"npm run upgrade && npm test && npm run bump && npm publish"},"devDependencies":{"chai":"^3.5.0","codacy-coverage":"^2.0.1","coveralls":"^2.13.0","del":"^2.2.2","eslint":"^3.19.0","eslint-config-modular":"^4.0.0","istanbul":"^0.4.5","mkdirp":"^0.5.1","mocha":"^3.2.0","npm-check":"^5.4.0","through2":"^2.0.3","version-bump-prompt":"^3.1.0"},"dependencies":{"call-me-maybe":"^1.0.1","es6-promise":"^4.1.0","glob-to-regexp":"^0.3.0"},"gitHead":"15b4ea6fdadefaa46946ede0bf364063d197fd99","bugs":{"url":"https://github.com/bigstickcarpet/readdir-enhanced/issues"},"_id":"readdir-enhanced@1.5.0","_shasum":"701ac7827f1e87be9b1b2b38ef3b9e814932fd64","_from":".","_npmVersion":"4.2.0","_nodeVersion":"7.8.0","_npmUser":{"name":"bigstickcarpet","email":"bigstickcarpet@gmail.com"},"dist":{"shasum":"701ac7827f1e87be9b1b2b38ef3b9e814932fd64","tarball":"https://registry.npmjs.org/readdir-enhanced/-/readdir-enhanced-1.5.0.tgz"},"maintainers":[{"name":"bigstickcarpet","email":"BigstickCarpet@gmail.com"}],"_npmOperationalInternal":{"host":"packages-18-east.internal.npmjs.com","tmp":"tmp/readdir-enhanced-1.5.0.tgz_1492088130993_0.2532606616150588"},"directories":{}},"1.5.1":{"name":"readdir-enhanced","version":"1.5.1","description":"fs.readdir with sync, async, and streaming APIs + filtering, recursion, absolute paths, etc.","keywords":["fs","readdir","stream","event","recursive","deep","filter","absolute"],"author":{"name":"James Messinger","url":"http://jamesmessinger.com"},"homepage":"https://github.com/bigstickcarpet/readdir-enhanced","repository":{"type":"git","url":"git+https://github.com/bigstickcarpet/readdir-enhanced.git"},"license":"MIT","main":"lib/index.js","files":["lib"],"scripts":{"lint":"eslint lib test --fix","test":"mocha && npm run lint","cover":"istanbul cover _mocha","upgrade":"npm-check -u","bump":"bump --prompt --tag --push --all","release":"npm run upgrade && npm test && npm run bump && npm publish"},"devDependencies":{"chai":"^3.5.0","codacy-coverage":"^2.0.1","coveralls":"^2.13.0","del":"^2.2.2","eslint":"^3.19.0","eslint-config-modular":"^4.0.0","istanbul":"^0.4.5","mkdirp":"^0.5.1","mocha":"^3.2.0","npm-check":"^5.4.0","through2":"^2.0.3","version-bump-prompt":"^3.1.0"},"dependencies":{"call-me-maybe":"^1.0.1","es6-promise":"^4.1.0","glob-to-regexp":"^0.3.0"},"gitHead":"b0531fb51bf3f825c86dcdecd9c86b9b80f528da","bugs":{"url":"https://github.com/bigstickcarpet/readdir-enhanced/issues"},"_id":"readdir-enhanced@1.5.1","_shasum":"cb4a27ca06c2177eafa1e5eaf97bf393c959611b","_from":".","_npmVersion":"4.2.0","_nodeVersion":"7.8.0","_npmUser":{"name":"bigstickcarpet","email":"bigstickcarpet@gmail.com"},"dist":{"shasum":"cb4a27ca06c2177eafa1e5eaf97bf393c959611b","tarball":"https://registry.npmjs.org/readdir-enhanced/-/readdir-enhanced-1.5.1.tgz"},"maintainers":[{"name":"bigstickcarpet","email":"BigstickCarpet@gmail.com"}],"_npmOperationalInternal":{"host":"packages-12-west.internal.npmjs.com","tmp":"tmp/readdir-enhanced-1.5.1.tgz_1492089703330_0.5640871787909418"},"directories":{}},"1.5.2":{"name":"readdir-enhanced","version":"1.5.2","description":"fs.readdir with sync, async, and streaming APIs + filtering, recursion, absolute paths, etc.","keywords":["fs","readdir","stream","event","recursive","deep","filter","absolute"],"author":{"name":"James Messinger","url":"http://jamesmessinger.com"},"homepage":"https://github.com/bigstickcarpet/readdir-enhanced","repository":{"type":"git","url":"git+https://github.com/bigstickcarpet/readdir-enhanced.git"},"license":"MIT","main":"lib/index.js","files":["lib"],"scripts":{"lint":"eslint lib test --fix","test":"mocha && npm run lint","cover":"istanbul cover _mocha","upgrade":"npm-check -u","bump":"bump --prompt --tag --push --all","release":"npm run upgrade && npm test && npm run bump && npm publish"},"devDependencies":{"chai":"^3.5.0","codacy-coverage":"^2.0.1","coveralls":"^2.13.0","del":"^2.2.2","eslint":"^3.19.0","eslint-config-modular":"^4.0.0","istanbul":"^0.4.5","mkdirp":"^0.5.1","mocha":"^3.2.0","npm-check":"^5.4.0","through2":"^2.0.3","version-bump-prompt":"^3.1.0"},"dependencies":{"call-me-maybe":"^1.0.1","es6-promise":"^4.1.0","glob-to-regexp":"^0.3.0"},"gitHead":"8647975817a747f3ac5add9884b65cedd7a4fd17","bugs":{"url":"https://github.com/bigstickcarpet/readdir-enhanced/issues"},"_id":"readdir-enhanced@1.5.2","_shasum":"61463048690ac6a455b75b62fa78a88f8dc85e53","_from":".","_npmVersion":"4.2.0","_nodeVersion":"7.8.0","_npmUser":{"name":"bigstickcarpet","email":"bigstickcarpet@gmail.com"},"dist":{"shasum":"61463048690ac6a455b75b62fa78a88f8dc85e53","tarball":"https://registry.npmjs.org/readdir-enhanced/-/readdir-enhanced-1.5.2.tgz"},"maintainers":[{"name":"bigstickcarpet","email":"BigstickCarpet@gmail.com"}],"_npmOperationalInternal":{"host":"packages-18-east.internal.npmjs.com","tmp":"tmp/readdir-enhanced-1.5.2.tgz_1492089994046_0.2075894195586443"},"directories":{}},"2.0.0":{"name":"readdir-enhanced","version":"2.0.0","description":"fs.readdir with sync, async, and streaming APIs + filtering, recursion, absolute paths, etc.","keywords":["fs","readdir","stream","event","recursive","deep","filter","absolute"],"author":{"name":"James Messinger","url":"http://bigstickcarpet.com"},"homepage":"https://github.com/bigstickcarpet/readdir-enhanced","repository":{"type":"git","url":"git+https://github.com/bigstickcarpet/readdir-enhanced.git"},"license":"MIT","main":"lib/index.js","files":["lib"],"scripts":{"lint":"eslint lib test --fix","test":"mocha && npm run lint","cover":"istanbul cover _mocha","upgrade":"npm-check -u","bump":"bump --prompt --tag --push --all","release":"npm run upgrade && npm test && npm run bump && npm publish"},"devDependencies":{"chai":"^4.1.2","codacy-coverage":"^2.0.3","coveralls":"^3.0.0","del":"^3.0.0","eslint":"^4.11.0","eslint-config-modular":"^4.1.0","istanbul":"^0.4.5","mkdirp":"^0.5.1","mocha":"^4.0.1","npm-check":"^5.5.2","through2":"^2.0.3","version-bump-prompt":"^4.0.0"},"dependencies":{"call-me-maybe":"^1.0.1","es6-promise":"^4.1.1","glob-to-regexp":"^0.3.0"},"engines":{"node":">=4"},"gitHead":"2716299c4f1e3adf4f4fe3f444046a020a041847","bugs":{"url":"https://github.com/bigstickcarpet/readdir-enhanced/issues"},"_id":"readdir-enhanced@2.0.0","_npmVersion":"5.5.1","_nodeVersion":"8.4.0","_npmUser":{"name":"bigstickcarpet","email":"bigstickcarpet@gmail.com"},"dist":{"integrity":"sha512-J0qkmXQ3zu3MJJnfRWVsFYez3h/Od0fTsPeeSMfc5Zqk+TAejBvUcFXV/mbvV0PvaBu+ER8pJW5EQLEKornq0Q==","shasum":"eef0fa2ccc15f4e7dcbac9f0fd8a602185d93621","tarball":"https://registry.npmjs.org/readdir-enhanced/-/readdir-enhanced-2.0.0.tgz"},"maintainers":[{"email":"bigstickcarpet@gmail.com","name":"bigstickcarpet"}],"_npmOperationalInternal":{"host":"s3://npm-registry-packages","tmp":"tmp/readdir-enhanced-2.0.0.tgz_1510770252100_0.7034992983099073"},"directories":{}},"2.1.0":{"name":"readdir-enhanced","version":"2.1.0","description":"fs.readdir with sync, async, and streaming APIs + filtering, recursion, absolute paths, etc.","keywords":["fs","readdir","stream","event","recursive","deep","filter","absolute"],"author":{"name":"James Messinger","url":"http://bigstickcarpet.com"},"homepage":"https://github.com/bigstickcarpet/readdir-enhanced","repository":{"type":"git","url":"git+https://github.com/bigstickcarpet/readdir-enhanced.git"},"license":"MIT","main":"lib/index.js","files":["lib"],"scripts":{"lint":"eslint lib test --fix","test":"mocha && npm run lint","cover":"istanbul cover _mocha","upgrade":"npm-check -u","bump":"bump --prompt --tag --push --all","release":"npm run upgrade && npm test && npm run bump && npm publish"},"devDependencies":{"chai":"^4.1.2","codacy-coverage":"^2.0.3","coveralls":"^3.0.0","del":"^3.0.0","eslint":"^4.12.1","eslint-config-modular":"^4.1.1","istanbul":"^0.4.5","mkdirp":"^0.5.1","mocha":"^4.0.1","npm-check":"^5.5.2","through2":"^2.0.3","version-bump-prompt":"^4.0.0"},"dependencies":{"call-me-maybe":"^1.0.1","es6-promise":"^4.1.1","glob-to-regexp":"^0.3.0"},"engines":{"node":">=4"},"gitHead":"6dce763f742f45457cbff042d581226f5caeeaca","bugs":{"url":"https://github.com/bigstickcarpet/readdir-enhanced/issues"},"_id":"readdir-enhanced@2.1.0","_npmVersion":"5.6.0","_nodeVersion":"9.2.0","_npmUser":{"name":"bigstickcarpet","email":"bigstickcarpet@gmail.com"},"dist":{"integrity":"sha512-/GqGweBo+sy6T+IoF1C0FXy6a7miN4YXTnnsmgY4qPf0vLbHkA71DLHOmJapKpI2uTadAgG50Ob8+E+rF5ftdA==","shasum":"b6533e6e12f4cb6be5152f6058588f75a5609c14","tarball":"https://registry.npmjs.org/readdir-enhanced/-/readdir-enhanced-2.1.0.tgz"},"maintainers":[{"email":"bigstickcarpet@gmail.com","name":"bigstickcarpet"}],"_npmOperationalInternal":{"host":"s3://npm-registry-packages","tmp":"tmp/readdir-enhanced-2.1.0.tgz_1512146855902_0.942765363259241"},"directories":{}},"2.2.0":{"name":"readdir-enhanced","version":"2.2.0","description":"fs.readdir with sync, async, and streaming APIs + filtering, recursion, absolute paths, etc.","keywords":["fs","readdir","stream","event","recursive","deep","filter","absolute"],"author":{"name":"James Messinger","url":"http://bigstickcarpet.com"},"homepage":"https://github.com/bigstickcarpet/readdir-enhanced","repository":{"type":"git","url":"git+https://github.com/bigstickcarpet/readdir-enhanced.git"},"license":"MIT","main":"lib/index.js","files":["lib"],"scripts":{"lint":"eslint lib test --fix","test":"mocha && npm run lint","cover":"istanbul cover _mocha","upgrade":"npm-check -u","bump":"bump --prompt --tag --push --all","release":"npm run upgrade && npm test && npm run bump && npm publish"},"devDependencies":{"chai":"^4.1.2","codacy-coverage":"^2.0.3","coveralls":"^3.0.0","del":"^3.0.0","eslint":"^4.15.0","eslint-config-modular":"^4.1.1","istanbul":"^0.4.5","mkdirp":"^0.5.1","mocha":"^4.1.0","npm-check":"^5.5.2","through2":"^2.0.3","version-bump-prompt":"^4.0.0"},"dependencies":{"call-me-maybe":"^1.0.1","glob-to-regexp":"^0.3.0"},"engines":{"node":">=4"},"gitHead":"126bf8a27b619023f14915d95ddea091896194f3","bugs":{"url":"https://github.com/bigstickcarpet/readdir-enhanced/issues"},"_id":"readdir-enhanced@2.2.0","_npmVersion":"5.6.0","_nodeVersion":"9.2.0","_npmUser":{"name":"bigstickcarpet","email":"bigstickcarpet@gmail.com"},"dist":{"integrity":"sha512-FuunEbCzxs8RmTzX7tLL7gB8TCsq5MLn3/XBLZgzIDjgdExevDA3+GNVLaJmkpnCOs609C9+mbZYeFD2qgpn7A==","shasum":"f67329f2b9ce23064d4d888f802b26fd7b7a9aa5","tarball":"https://registry.npmjs.org/readdir-enhanced/-/readdir-enhanced-2.2.0.tgz"},"maintainers":[{"email":"bigstickcarpet@gmail.com","name":"bigstickcarpet"}],"_npmOperationalInternal":{"host":"s3://npm-registry-packages","tmp":"tmp/readdir-enhanced-2.2.0.tgz_1515530494745_0.7992055134382099"},"directories":{}},"2.2.1":{"name":"readdir-enhanced","version":"2.2.1","description":"fs.readdir with sync, async, and streaming APIs + filtering, recursion, absolute paths, etc.","keywords":["fs","readdir","stream","event","recursive","deep","filter","absolute"],"author":{"name":"James Messinger","url":"http://bigstickcarpet.com"},"homepage":"https://github.com/bigstickcarpet/readdir-enhanced","repository":{"type":"git","url":"git+https://github.com/bigstickcarpet/readdir-enhanced.git"},"license":"MIT","main":"lib/index.js","files":["lib"],"scripts":{"lint":"eslint lib test --fix","test":"mocha && npm run lint","cover":"istanbul cover _mocha","upgrade":"npm-check -u","bump":"bump --prompt --tag --push --all","release":"npm run upgrade && npm test && npm run bump && npm publish"},"devDependencies":{"chai":"^4.1.2","codacy-coverage":"^2.0.3","coveralls":"^3.0.0","del":"^3.0.0","eslint":"^4.15.0","eslint-config-modular":"^4.1.1","istanbul":"^0.4.5","mkdirp":"^0.5.1","mocha":"^5.0.5","npm-check":"^5.5.2","through2":"^2.0.3","version-bump-prompt":"^4.0.0"},"dependencies":{"call-me-maybe":"^1.0.1","glob-to-regexp":"^0.4.0"},"engines":{"node":">=4"},"gitHead":"8021c91cfebc47ed6f530e2c14acc4fd19cc0d55","bugs":{"url":"https://github.com/bigstickcarpet/readdir-enhanced/issues"},"_id":"readdir-enhanced@2.2.1","_npmVersion":"5.6.0","_nodeVersion":"9.11.1","_npmUser":{"name":"bigstickcarpet","email":"bigstickcarpet@gmail.com"},"dist":{"integrity":"sha512-HQxsuqoUPZ5c/jezbayF2k5KW9r2+ma3rowEAhy4mED4Ec0QmlLQbhn/9zKQIAUpOHbtFAD08dql/5HxgPtWEg==","shasum":"bd4a3b4a85a6f253724575947889db3cd76abf34","tarball":"https://registry.npmjs.org/readdir-enhanced/-/readdir-enhanced-2.2.1.tgz","fileCount":15,"unpackedSize":50928},"maintainers":[{"email":"bigstickcarpet@gmail.com","name":"bigstickcarpet"}],"directories":{},"_npmOperationalInternal":{"host":"s3://npm-registry-packages","tmp":"tmp/readdir-enhanced_2.2.1_1523222907068_0.083379696012297"}}},"readme":"Enhanced `fs.readdir()`\n=======================\n\n[![Build Status](https://api.travis-ci.org/BigstickCarpet/readdir-enhanced.svg?branch=master)](https://travis-ci.org/BigstickCarpet/readdir-enhanced)\n[![Windows Build Status](https://ci.appveyor.com/api/projects/status/github/bigstickcarpet/readdir-enhanced?svg=true&branch=master&failingText=Windows%20build%20failing&passingText=Windows%20build%20passing)](https://ci.appveyor.com/project/BigstickCarpet/readdir-enhanced/branch/master)\n\n[![Coverage Status](https://coveralls.io/repos/github/BigstickCarpet/readdir-enhanced/badge.svg?branch=master)](https://coveralls.io/github/BigstickCarpet/readdir-enhanced?branch=master)\n[![Codacy Score](https://api.codacy.com/project/badge/Grade/178a817b6c864de7813fef457c0ed5ae)](https://www.codacy.com/public/jamesmessinger/readdir-enhanced)\n[![Inline docs](http://inch-ci.org/github/BigstickCarpet/readdir-enhanced.svg?branch=master&style=shields)](http://inch-ci.org/github/BigstickCarpet/readdir-enhanced)\n[![Dependencies](https://david-dm.org/BigstickCarpet/readdir-enhanced.svg)](https://david-dm.org/BigstickCarpet/readdir-enhanced)\n\n[![npm](https://img.shields.io/npm/v/readdir-enhanced.svg?maxAge=43200)](https://www.npmjs.com/package/readdir-enhanced)\n[![License](https://img.shields.io/npm/l/readdir-enhanced.svg?maxAge=2592000)](LICENSE)\n\n`readdir-enhanced` is a [backward-compatible](#backward-compatible) drop-in replacement for [`fs.readdir()`](https://nodejs.org/api/fs.html#fs_fs_readdir_path_options_callback) and [`fs.readdirSync()`](https://nodejs.org/api/fs.html#fs_fs_readdirsync_path_options) with tons of extra features ([filtering](#filter), [recursion](#deep), [absolute paths](#basepath), [stats](#stats), and more) as well as additional APIs for Promises, Streams, and EventEmitters.\n\n\nPick Your API\n-----------------\n`readdir-enhanced` has multiple APIs, so you can pick whichever one you prefer.  There are three main APIs:\n\n- **Synchronous API**<br>\naliases: `readdir.sync`, `readdir.readdirSync`<br>\nBlocks the thread until all directory contents are read, and then returns all the results.\n\n- **Async API**<br>\naliases: `readdir`, `readdir.async`, `readdir.readdirAsync`<br>\nReads the starting directory contents asynchronously and buffers all the results until all contents have been read. Supports callback or Promise syntax (see example below).\n\n- **Streaming API**<br>\naliases: `readdir.stream`, `readdir.readdirStream`<br>\nThe streaming API reads the starting directory asynchronously and returns the results in real-time as they are read. The results can be [piped](https://nodejs.org/api/stream.html#stream_readable_pipe_destination_options) to other Node.js streams, or you can listen for specific events via the [EventEmitter](https://nodejs.org/api/events.html#events_class_eventemitter) interface. (see example below)\n\n```javascript\nvar readdir = require('readdir-enhanced');\nvar through2 = require('through2');\n\n// Synchronous API\nvar files = readdir.sync('my/directory');\n\n// Callback API\nreaddir.async('my/directory', function(err, files) { ... });\n\n// Promises API\nreaddir.async('my/directory')\n  .then(function(files) { ... })\n  .catch(function(err) { ... });\n\n// EventEmitter API\nreaddir.stream('my/directory')\n  .on('data', function(path) { ... })\n  .on('file', function(path) { ... })\n  .on('directory', function(path) { ... })\n  .on('symlink', function(path) { ... })\n  .on('error', function(err) { ... });\n\n// Streaming API\nvar stream = readdir.stream('my/directory')\n  .pipe(through2.obj(function(data, enc, next) {\n    console.log(data);\n    this.push(data);\n    next();\n  });\n```\n\n\n<a id=\"options\"></a>\nEnhanced Features\n-----------------\n`readdir-enhanced` adds several features to the built-in `fs.readdir()` function.  All of the enhanced features are opt-in, which makes `readdir-enhanced` [fully backward compatible by default](#backward-compatible).  You can enable any of the features by passing-in an `options` argument as the second parameter.\n\n\n<a id=\"deep\"></a>\n### Recursion\nBy default, `readdir-enhanced` will only return the top-level contents of the starting directory. But you can set the `deep` option to recursively traverse the subdirectories and return their contents as well.\n\n#### Crawl ALL subdirectories\n\nThe `deep` option can be set to `true` to traverse the entire directory structure.\n\n```javascript\nvar readdir = require('readdir-enhanced');\n\nreaddir('my/directory', {deep: true}, function(err, files) {\n  console.log(files);\n  // => subdir1\n  // => subdir1/file.txt\n  // => subdir1/subdir2\n  // => subdir1/subdir2/file.txt\n  // => subdir1/subdir2/subdir3\n  // => subdir1/subdir2/subdir3/file.txt\n});\n```\n\n#### Crawl to a specific depth\nThe `deep` option can be set to a number to only traverse that many levels deep.  For example, calling `readdir('my/directory', {deep: 2})` will return `subdir1/file.txt` and `subdir1/subdir2/file.txt`, but it _won't_ return `subdir1/subdir2/subdir3/file.txt`.\n\n```javascript\nvar readdir = require('readdir-enhanced');\n\nreaddir('my/directory', {deep: 2}, function(err, files) {\n  console.log(files);\n  // => subdir1\n  // => subdir1/file.txt\n  // => subdir1/subdir2\n  // => subdir1/subdir2/file.txt\n  // => subdir1/subdir2/subdir3\n});\n```\n\n#### Crawl subdirectories by name\nFor simple use-cases, you can use a [regular expression](https://developer.mozilla.org/en-US/docs/Web/JavaScript/Reference/Global_Objects/RegExp) or a [glob pattern](https://github.com/isaacs/node-glob#glob-primer) to crawl only the directories whose path matches the pattern.  The path is relative to the starting directory by default, but you can customize this via [`options.basePath`](#basepath).\n\n> **NOTE:** Glob patterns [_always_ use forward-slashes](https://github.com/isaacs/node-glob#windows), even on Windows. This _does not_ apply to regular expressions though. Regular expressions should use the appropraite path separator for the environment. Or, you can match both types of separators using `[\\\\/]`.\n\n```javascript\nvar readdir = require('readdir-enhanced');\n\n// Only crawl the \"lib\" and \"bin\" subdirectories\n// (notice that the \"node_modules\" subdirectory does NOT get crawled)\nreaddir('my/directory', {deep: /lib|bin/}, function(err, files) {\n  console.log(files);\n  // => bin\n  // => bin/cli.js\n  // => lib\n  // => lib/index.js\n  // => node_modules\n  // => package.json\n});\n```\n\n#### Custom recursion logic\nFor more advanced recursion, you can set the `deep` option to a function that accepts an [`fs.Stats`](https://nodejs.org/api/fs.html#fs_class_fs_stats) object and returns a truthy value if the starting directory should be crawled.\n\n> **NOTE:** The [`fs.Stats`](https://nodejs.org/api/fs.html#fs_class_fs_stats) object that's passed to the function has additional `path` and `depth` properties. The `path` is relative to the starting directory by default, but you can customize this via [`options.basePath`](#basepath). The `depth` is the number of subdirectories beneath the base path (see [`options.deep`](#deep)).\n\n```javascript\nvar readdir = require('readdir-enhanced');\n\n// Crawl all subdirectories, except \"node_modules\"\nfunction ignoreNodeModules (stats) {\n  return stats.path.indexOf('node_modules') === -1;\n}\n\nreaddir('my/directory', {deep: ignoreNodeModules}, function(err, files) {\n  console.log(files);\n  // => bin\n  // => bin/cli.js\n  // => lib\n  // => lib/index.js\n  // => node_modules\n  // => package.json\n});\n```\n\n\n<a id=\"filter\"></a>\n### Filtering\nThe `filter` option lets you limit the results based on any criteria you want.\n\n#### Filter by name\nFor simple use-cases, you can use a [regular expression](https://developer.mozilla.org/en-US/docs/Web/JavaScript/Reference/Global_Objects/RegExp) or a [glob pattern](https://github.com/isaacs/node-glob#glob-primer) to filter items by their path.  The path is relative to the starting directory by default, but you can customize this via [`options.basePath`](#basepath).\n\n> **NOTE:** Glob patterns [_always_ use forward-slashes](https://github.com/isaacs/node-glob#windows), even on Windows. This _does not_ apply to regular expressions though. Regular expressions should use the appropraite path separator for the environment. Or, you can match both types of separators using `[\\\\/]`.\n\n```javascript\nvar readdir = require('readdir-enhanced');\n\n// Find all .txt files\nreaddir('my/directory', {filter: '*.txt'});\n\n// Find all package.json files\nreaddir('my/directory', {filter: '**/package.json', deep: true});\n\n// Find everything with at least one number in the name\nreaddir('my/directory', {filter: /\\d+/});\n```\n\n#### Custom filtering logic\nFor more advanced filtering, you can specify a filter function that accepts an [`fs.Stats`](https://nodejs.org/api/fs.html#fs_class_fs_stats) object and returns a truthy value if the item should be included in the results.\n\n> **NOTE:** The [`fs.Stats`](https://nodejs.org/api/fs.html#fs_class_fs_stats) object that's passed to the filter function has additional `path` and `depth` properties. The `path` is relative to the starting directory by default, but you can customize this via [`options.basePath`](#basepath). The `depth` is the number of subdirectories beneath the base path (see [`options.deep`](#deep)).\n\n```javascript\nvar readdir = require('readdir-enhanced');\n\n// Only return file names containing an underscore\nfunction myFilter(stats) {\n  return stats.isFile() && stats.path.indexOf('_') >= 0;\n}\n\nreaddir('my/directory', {filter: myFilter}, function(err, files) {\n  console.log(files);\n  // => __myFile.txt\n  // => my_other_file.txt\n  // => img_1.jpg\n  // => node_modules\n});\n```\n\n\n<a id=\"basepath\"></a>\n### Base Path\nBy default all `readdir-enhanced` functions return paths that are relative to the starting directory. But you can use the `basePath` option to customize this.  The `basePath` will be prepended to all of the returned paths.  One common use-case for this is to set `basePath` to the absolute path of the starting directory, so that all of the returned paths will be absolute.\n\n```javascript\nvar readdir = require('readdir-enhanced');\nvar path = require('path');\n\n// Get absolute paths\nvar absPath = path.resolve('my/dir');\nreaddir('my/directory', {basePath: absPath}, function(err, files) {\n  console.log(files);\n  // => /absolute/path/to/my/directory/file1.txt\n  // => /absolute/path/to/my/directory/file2.txt\n  // => /absolute/path/to/my/directory/subdir\n});\n\n// Get paths relative to the working directory\nreaddir('my/directory', {basePath: 'my/directory'}, function(err, files) {\n  console.log(files);\n  // => my/directory/file1.txt\n  // => my/directory/file2.txt\n  // => my/directory/subdir\n});\n```\n\n\n<a id=\"sep\"></a>\n### Path Separator\nBy default, `readdir-enhanced` uses the correct path separator for your OS (`\\` on Windows, `/` on Linux & MacOS). But you can set the `sep` option to any separator character(s) that you want to use instead.  This is usually used to ensure consistent path separators across different OSes.\n\n```javascript\nvar readdir = require('readdir-enhanced');\n\n// Always use Windows path separators\nreaddir('my/directory', {sep: '\\\\', deep: true}, function(err, files) {\n  console.log(files);\n  // => subdir1\n  // => subdir1\\file.txt\n  // => subdir1\\subdir2\n  // => subdir1\\subdir2\\file.txt\n  // => subdir1\\subdir2\\subdir3\n  // => subdir1\\subdir2\\subdir3\\file.txt\n});\n```\n\n<a id=\"fs\"></a>\n### Custom FS methods\nBy default, `readdir-enhanced` uses the default [Node.js FileSystem module](https://nodejs.org/api/fs.html) for methods like `fs.stat`, `fs.readdir` and `fs.lstat`. But in some situations, you can want to use your own FS methods (FTP, SSH, remote drive and etc). So you can provide your own implementation of FS methods by setting `options.fs` or specific methods, such as `options.fs.stat`.\n\n```javascript\nvar readdir = require('readdir-enhanced');\n\nfunction myCustomReaddirMethod(dir, callback) {\n  callback(null, ['__myFile.txt']);\n}\n\nvar options = {\n  fs: {\n    readdir: myCustomReaddirMethod\n  }\n};\n\nreaddir('my/directory', options, function(err, files) {\n  console.log(files);\n  // => __myFile.txt\n});\n```\n\n<a id=\"stats\"></a>\nGet `fs.Stats` objects instead of strings\n------------------------\nAll of the `readdir-enhanced` functions listed above return an array of strings (paths). But in some situations, the path isn't enough information.  So, `readdir-enhanced` provides alternative versions of each function, which return an array of [`fs.Stats`](https://nodejs.org/api/fs.html#fs_class_fs_stats) objects instead of strings.  The `fs.Stats` object contains all sorts of useful information, such as the size, the creation date/time, and helper methods such as `isFile()`, `isDirectory()`, `isSymbolicLink()`, etc.\n\n> **NOTE:** The [`fs.Stats`](https://nodejs.org/api/fs.html#fs_class_fs_stats) objects that are returned also have additional `path` and `depth` properties. The `path` is relative to the starting directory by default, but you can customize this via [`options.basePath`](#basepath). The `depth` is the number of subdirectories beneath the base path (see [`options.deep`](#deep)).\n\nTo get `fs.Stats` objects instead of strings, just add the word \"Stat\" to the function name.  As with the normal functions, each one is aliased (e.g. `readdir.async.stat` is the same as `readdir.readdirAsyncStat`), so you can use whichever naming style you prefer.\n\n```javascript\nvar readdir = require('readdir-enhanced');\n\n// Synchronous API\nvar stats = readdir.sync.stat('my/directory');\nvar stats = readdir.readdirSyncStat('my/directory');\n\n// Async API\nreaddir.async.stat('my/directory', function(err, stats) { ... });\nreaddir.readdirAsyncStat('my/directory', function(err, stats) { ... });\n\n// Streaming API\nreaddir.stream.stat('my/directory')\n  .on('data', function(stat) { ... })\n  .on('file', function(stat) { ... })\n  .on('directory', function(stat) { ... })\n  .on('symlink', function(stat) { ... });\n\nreaddir.readdirStreamStat('my/directory')\n  .on('data', function(stat) { ... })\n  .on('file', function(stat) { ... })\n  .on('directory', function(stat) { ... })\n  .on('symlink', function(stat) { ... });\n\n```\n\n<a id=\"backward-compatible\"></a>\nBackward Compatible\n--------------------\n`readdir-enhanced` is fully backward-compatible with Node.js' built-in `fs.readdir()` and `fs.readdirSync()` functions, so you can use it as a drop-in replacement in existing projects without affecting existing functionality, while still being able to use the enhanced features as needed.\n\n```javascript\nvar readdir = require('readdir-enhanced');\nvar readdirSync = readdir.sync;\n\n// Use it just like Node's built-in fs.readdir function\nreaddir('my/directory', function(err, files) { ... });\n\n// Use it just like Node's built-in fs.readdirSync function\nvar files = readdirSync('my/directory');\n```\n\n\n\nContributing\n--------------------------\nI welcome any contributions, enhancements, and bug-fixes.  [File an issue](https://github.com/BigstickCarpet/readdir-enhanced/issues) on GitHub and [submit a pull request](https://github.com/BigstickCarpet/readdir-enhanced/pulls).\n\n#### Building\nTo build the project locally on your computer:\n\n1. __Clone this repo__<br>\n`git clone https://github.com/bigstickcarpet/readdir-enhanced.git`\n\n2. __Install dependencies__<br>\n`npm install`\n\n3. __Run the tests__<br>\n`npm test`\n\n\n\nLicense\n--------------------------\n`readdir-enhanced` is 100% free and open-source, under the [MIT license](LICENSE). Use it however you want.\n\n","maintainers":[{"email":"bigstickcarpet@gmail.com","name":"bigstickcarpet"}],"time":{"modified":"2018-04-08T21:28:28.813Z","created":"2016-08-22T11:47:06.416Z","1.0.0":"2016-08-22T11:47:06.416Z","1.0.1":"2016-08-22T21:45:57.173Z","1.1.0":"2016-08-23T02:24:19.887Z","1.2.0":"2016-08-23T04:26:32.529Z","1.3.0":"2016-08-23T22:46:38.167Z","1.3.1":"2016-08-24T11:52:30.153Z","1.3.2":"2016-08-24T13:27:40.100Z","1.3.3":"2016-08-24T18:33:05.297Z","1.3.4":"2016-08-26T13:06:36.335Z","1.4.0":"2016-08-29T02:35:42.162Z","1.4.3":"2016-09-03T16:22:36.752Z","1.4.4":"2016-10-10T13:27:29.667Z","1.4.5":"2016-10-30T13:34:21.225Z","1.5.0":"2017-04-13T12:55:31.830Z","1.5.1":"2017-04-13T13:21:45.230Z","1.5.2":"2017-04-13T13:26:34.920Z","2.0.0":"2017-11-15T18:24:12.695Z","2.1.0":"2017-12-01T16:47:37.022Z","2.2.0":"2018-01-09T20:41:35.847Z","2.2.1":"2018-04-08T21:28:27.137Z"},"homepage":"https://github.com/bigstickcarpet/readdir-enhanced","keywords":["fs","readdir","stream","event","recursive","deep","filter","absolute"],"repository":{"type":"git","url":"git+https://github.com/bigstickcarpet/readdir-enhanced.git"},"author":{"name":"James Messinger","url":"http://bigstickcarpet.com"},"bugs":{"url":"https://github.com/bigstickcarpet/readdir-enhanced/issues"},"license":"MIT","readmeFilename":"README.md","users":{"cedx":true},"_attachments":{},"_etag":"W/\"2867b82d4eae6def5953aa0f1da08302\"","_lastModified":"Sun, 27 May 2018 15:26:49 GMT"}