{"_id":"@dicy/core","_rev":"24-9bb72f826bc6acf0def735adfcd57c22","name":"@dicy/core","description":"Library interface to DiCy, a builder for LaTeX, knitr, literate Agda, literate Haskell and Pweave that automatically builds dependencies.","dist-tags":{"latest":"0.13.0"},"versions":{"0.1.0":{"name":"@dicy/core","version":"0.1.0","description":"Library interface to Dicy, a builder for LaTeX, knitr and literate Haskell that automatically builds dependencies.","keywords":["latex","knitr","sage","biblatex"],"bugs":{"url":"https://github.com/yitzchak/dicy/issues"},"main":"lib/main.js","scripts":{"test":"jasmine","compile":"babel -d lib/ src/","lint":"eslint --color src spec","flow-typed":"flow-typed update","prepublish":"npm run compile"},"repository":{"type":"git","url":"git+https://github.com/yitzchak/dicy.git"},"author":{"name":"Tarn Burton","email":"twburton@gmail.com"},"contributors":[],"homepage":"https://yitzchak.github.io/dicy/","engines":{"node":">=6.0.0"},"license":"MIT","dependencies":{"any-shell-escape":"^0.1.1","babel-runtime":"^6.23.0","command-join":"^2.0.0","fast-glob":"^1.0.0","fs-extra":"^3.0.0","js-yaml":"^3.8.3","lodash":"^4.17.4","micromatch":"^2.3.11","readdir-enhanced":"^1.5.2","temp":"^0.8.3","tree-kill":"^1.1.0"},"devDependencies":{"babel-cli":"^6.24.0","babel-eslint":"^7.2.1","babel-plugin-syntax-async-generators":"^6.13.0","babel-plugin-transform-class-properties":"^6.23.0","babel-plugin-transform-object-rest-spread":"^6.23.0","babel-plugin-transform-runtime":"^6.23.0","babel-plugin-transform-strict-mode":"^6.22.0","babel-preset-flow":"^6.23.0","babel-preset-latest":"^6.24.0","babel-register":"^6.24.0","eslint":"^3.18.0","eslint-config-standard":"^10.2.0","eslint-plugin-flowtype":"^2.30.4","eslint-plugin-flowtype-errors":"^3.0.3","eslint-plugin-import":"^2.2.0","eslint-plugin-node":"^4.2.2","eslint-plugin-promise":"^3.5.0","eslint-plugin-standard":"^3.0.1","flow-bin":"^0.44.0","flow-typed":"^2.0.0","jasmine":"^2.5.3"},"_id":"@dicy/core@0.1.0","_shasum":"405be1cd02bcb0c537661b876d728f6e29b66d04","_from":".","_npmVersion":"4.5.0","_nodeVersion":"7.7.3","_npmUser":{"name":"yitzchak","email":"twburton@gmail.com"},"dist":{"shasum":"405be1cd02bcb0c537661b876d728f6e29b66d04","tarball":"https://registry.npmjs.org/@dicy/core/-/core-0.1.0.tgz"},"maintainers":[{"name":"yitzchak","email":"twburton@gmail.com"}],"_npmOperationalInternal":{"host":"packages-12-west.internal.npmjs.com","tmp":"tmp/core-0.1.0.tgz_1493488043129_0.43179167923517525"},"directories":{}},"0.2.0":{"name":"@dicy/core","version":"0.2.0","description":"Library interface to DiCy, a builder for LaTeX, knitr and literate Haskell that automatically builds dependencies.","keywords":["latex","knitr","sage","biblatex"],"bugs":{"url":"https://github.com/yitzchak/dicy/issues"},"main":"lib/main.js","scripts":{"test":"jasmine","compile":"babel -d lib/ src/","lint":"eslint --color src spec","flow-typed":"flow-typed update","prepublish":"npm run compile"},"repository":{"type":"git","url":"git+https://github.com/yitzchak/dicy.git"},"author":{"name":"Tarn Burton","email":"twburton@gmail.com"},"contributors":[],"homepage":"https://yitzchak.github.io/dicy/","engines":{"node":">=6.0.0"},"license":"MIT","dependencies":{"any-shell-escape":"^0.1.1","babel-runtime":"^6.23.0","command-join":"^2.0.0","fast-glob":"^1.0.0","fs-extra":"^3.0.0","js-yaml":"^3.8.3","lodash":"^4.17.4","micromatch":"^3.0.1","readdir-enhanced":"^1.5.2","temp":"^0.8.3","tree-kill":"^1.1.0"},"devDependencies":{"babel-cli":"^6.24.1","babel-eslint":"^7.2.3","babel-plugin-syntax-async-generators":"^6.13.0","babel-plugin-transform-class-properties":"^6.24.1","babel-plugin-transform-object-rest-spread":"^6.23.0","babel-plugin-transform-runtime":"^6.23.0","babel-plugin-transform-strict-mode":"^6.24.1","babel-preset-flow":"^6.23.0","babel-preset-latest":"^6.24.1","babel-register":"^6.24.1","eslint":"^3.19.0","eslint-config-standard":"^10.2.1","eslint-plugin-flowtype":"^2.32.1","eslint-plugin-flowtype-errors":"^3.2.0","eslint-plugin-import":"^2.2.0","eslint-plugin-node":"^5.0.0","eslint-plugin-promise":"^3.5.0","eslint-plugin-standard":"^3.0.1","flow-bin":"^0.47.0","flow-typed":"^2.1.2","jasmine":"^2.6.0"},"_id":"@dicy/core@0.2.0","_shasum":"d8c3592fe705b686d0c8f689b53b364ff143c5e4","_from":".","_npmVersion":"4.6.1","_nodeVersion":"7.10.0","_npmUser":{"name":"yitzchak","email":"twburton@gmail.com"},"dist":{"shasum":"d8c3592fe705b686d0c8f689b53b364ff143c5e4","tarball":"https://registry.npmjs.org/@dicy/core/-/core-0.2.0.tgz"},"maintainers":[{"name":"yitzchak","email":"twburton@gmail.com"}],"_npmOperationalInternal":{"host":"s3://npm-registry-packages","tmp":"tmp/core-0.2.0.tgz_1496692773909_0.2176715808454901"},"directories":{}},"0.2.1":{"name":"@dicy/core","version":"0.2.1","description":"Library interface to DiCy, a builder for LaTeX, knitr and literate Haskell that automatically builds dependencies.","keywords":["latex","knitr","sage","biblatex"],"bugs":{"url":"https://github.com/yitzchak/dicy/issues"},"main":"lib/main.js","scripts":{"test":"jasmine","compile":"babel -d lib/ src/","lint":"eslint --color src spec","flow-typed":"flow-typed update","prepublish":"npm run compile"},"repository":{"type":"git","url":"git+https://github.com/yitzchak/dicy.git"},"author":{"name":"Tarn Burton","email":"twburton@gmail.com"},"contributors":[],"homepage":"https://yitzchak.github.io/dicy/","engines":{"node":">=6.0.0"},"license":"MIT","dependencies":{"any-shell-escape":"^0.1.1","babel-runtime":"^6.23.0","command-join":"^2.0.0","fast-glob":"^1.0.0","fs-extra":"^3.0.0","js-yaml":"^3.8.3","lodash":"^4.17.4","micromatch":"^3.0.1","readdir-enhanced":"^1.5.2","temp":"^0.8.3","tree-kill":"^1.1.0"},"devDependencies":{"babel-cli":"^6.24.1","babel-eslint":"^7.2.3","babel-plugin-syntax-async-generators":"^6.13.0","babel-plugin-transform-class-properties":"^6.24.1","babel-plugin-transform-object-rest-spread":"^6.23.0","babel-plugin-transform-runtime":"^6.23.0","babel-plugin-transform-strict-mode":"^6.24.1","babel-preset-flow":"^6.23.0","babel-preset-latest":"^6.24.1","babel-register":"^6.24.1","eslint":"^3.19.0","eslint-config-standard":"^10.2.1","eslint-plugin-flowtype":"^2.32.1","eslint-plugin-flowtype-errors":"^3.2.0","eslint-plugin-import":"^2.2.0","eslint-plugin-node":"^5.0.0","eslint-plugin-promise":"^3.5.0","eslint-plugin-standard":"^3.0.1","flow-bin":"^0.47.0","flow-typed":"^2.1.2","jasmine":"^2.6.0"},"_id":"@dicy/core@0.2.1","_shasum":"e8c2e1e2db6197ac11c55dfa088c4173d3044475","_from":".","_npmVersion":"4.6.1","_nodeVersion":"7.10.0","_npmUser":{"name":"yitzchak","email":"twburton@gmail.com"},"dist":{"shasum":"e8c2e1e2db6197ac11c55dfa088c4173d3044475","tarball":"https://registry.npmjs.org/@dicy/core/-/core-0.2.1.tgz"},"maintainers":[{"name":"yitzchak","email":"twburton@gmail.com"}],"_npmOperationalInternal":{"host":"s3://npm-registry-packages","tmp":"tmp/core-0.2.1.tgz_1496968367150_0.07662737625651062"},"directories":{}},"0.2.2":{"name":"@dicy/core","version":"0.2.2","description":"Library interface to DiCy, a builder for LaTeX, knitr and literate Haskell that automatically builds dependencies.","keywords":["latex","knitr","sage","biblatex"],"bugs":{"url":"https://github.com/yitzchak/dicy/issues"},"main":"lib/main.js","scripts":{"test":"jasmine","compile":"babel -d lib/ src/","lint":"eslint --color src spec","flow-typed":"flow-typed update","prepublish":"npm run compile"},"repository":{"type":"git","url":"git+https://github.com/yitzchak/dicy.git"},"author":{"name":"Tarn Burton","email":"twburton@gmail.com"},"contributors":[],"homepage":"https://yitzchak.github.io/dicy/","engines":{"node":">=6.0.0"},"license":"MIT","dependencies":{"any-shell-escape":"^0.1.1","babel-runtime":"^6.23.0","command-join":"^2.0.0","fast-glob":"^1.0.0","fs-extra":"^3.0.0","js-yaml":"^3.8.3","lodash":"^4.17.4","micromatch":"^3.0.1","readdir-enhanced":"^1.5.2","temp":"^0.8.3","tree-kill":"^1.1.0"},"devDependencies":{"babel-cli":"^6.24.1","babel-eslint":"^7.2.3","babel-plugin-syntax-async-generators":"^6.13.0","babel-plugin-transform-class-properties":"^6.24.1","babel-plugin-transform-object-rest-spread":"^6.23.0","babel-plugin-transform-runtime":"^6.23.0","babel-plugin-transform-strict-mode":"^6.24.1","babel-preset-flow":"^6.23.0","babel-preset-latest":"^6.24.1","babel-register":"^6.24.1","eslint":"^3.19.0","eslint-config-standard":"^10.2.1","eslint-plugin-flowtype":"^2.32.1","eslint-plugin-flowtype-errors":"^3.2.0","eslint-plugin-import":"^2.2.0","eslint-plugin-node":"^5.0.0","eslint-plugin-promise":"^3.5.0","eslint-plugin-standard":"^3.0.1","flow-bin":"^0.47.0","flow-typed":"^2.1.2","jasmine":"^2.6.0"},"_id":"@dicy/core@0.2.2","_shasum":"83d23328c0884f08b73e6d01bfdbaec55a830fae","_from":".","_npmVersion":"4.6.1","_nodeVersion":"7.10.0","_npmUser":{"name":"yitzchak","email":"twburton@gmail.com"},"dist":{"shasum":"83d23328c0884f08b73e6d01bfdbaec55a830fae","tarball":"https://registry.npmjs.org/@dicy/core/-/core-0.2.2.tgz"},"maintainers":[{"name":"yitzchak","email":"twburton@gmail.com"}],"_npmOperationalInternal":{"host":"s3://npm-registry-packages","tmp":"tmp/core-0.2.2.tgz_1497100653610_0.8501978642307222"},"directories":{}},"0.3.0":{"name":"@dicy/core","version":"0.3.0","description":"Library interface to DiCy, a builder for LaTeX, knitr and literate Haskell that automatically builds dependencies.","keywords":["latex","knitr","sage","biblatex"],"bugs":{"url":"https://github.com/yitzchak/dicy/issues"},"main":"lib/main.js","scripts":{"test":"jasmine","compile":"babel -d lib/ src/","lint":"eslint --color src spec","flow-typed":"flow-typed update","prepublish":"npm run compile"},"repository":{"type":"git","url":"git+https://github.com/yitzchak/dicy.git"},"author":{"name":"Tarn Burton","email":"twburton@gmail.com"},"contributors":[],"homepage":"https://yitzchak.github.io/dicy/","engines":{"node":">=6.0.0"},"license":"MIT","dependencies":{"any-shell-escape":"^0.1.1","babel-runtime":"^6.23.0","command-join":"^2.0.0","fast-glob":"^1.0.0","fs-extra":"^3.0.0","js-yaml":"^3.8.3","lodash":"^4.17.4","micromatch":"^3.0.1","readdir-enhanced":"^1.5.2","temp":"^0.8.3","tree-kill":"^1.1.0"},"devDependencies":{"babel-cli":"^6.24.1","babel-eslint":"^7.2.3","babel-plugin-syntax-async-generators":"^6.13.0","babel-plugin-transform-class-properties":"^6.24.1","babel-plugin-transform-object-rest-spread":"^6.23.0","babel-plugin-transform-runtime":"^6.23.0","babel-plugin-transform-strict-mode":"^6.24.1","babel-preset-flow":"^6.23.0","babel-preset-latest":"^6.24.1","babel-register":"^6.24.1","eslint":"^3.19.0","eslint-config-standard":"^10.2.1","eslint-plugin-flowtype":"^2.32.1","eslint-plugin-flowtype-errors":"^3.2.0","eslint-plugin-import":"^2.2.0","eslint-plugin-node":"^5.0.0","eslint-plugin-promise":"^3.5.0","eslint-plugin-standard":"^3.0.1","flow-bin":"^0.47.0","flow-typed":"^2.1.2","jasmine":"^2.6.0"},"_id":"@dicy/core@0.3.0","_shasum":"a9fb3c686b2506f1e1845769c35f2203d6924002","_from":".","_npmVersion":"4.6.1","_nodeVersion":"8.1.2","_npmUser":{"name":"yitzchak","email":"twburton@gmail.com"},"dist":{"shasum":"a9fb3c686b2506f1e1845769c35f2203d6924002","tarball":"https://registry.npmjs.org/@dicy/core/-/core-0.3.0.tgz"},"maintainers":[{"name":"yitzchak","email":"twburton@gmail.com"}],"_npmOperationalInternal":{"host":"s3://npm-registry-packages","tmp":"tmp/core-0.3.0.tgz_1498128637659_0.18444375251419842"},"directories":{}},"0.3.1":{"name":"@dicy/core","version":"0.3.1","description":"Library interface to DiCy, a builder for LaTeX, knitr and literate Haskell that automatically builds dependencies.","keywords":["latex","knitr","sage","biblatex"],"bugs":{"url":"https://github.com/yitzchak/dicy/issues"},"main":"lib/main.js","scripts":{"test":"jasmine","compile":"babel -d lib/ src/","lint":"eslint --color src spec","flow-typed":"flow-typed update","prepublish":"npm run compile"},"repository":{"type":"git","url":"git+https://github.com/yitzchak/dicy.git"},"author":{"name":"Tarn Burton","email":"twburton@gmail.com"},"contributors":[],"homepage":"https://yitzchak.github.io/dicy/","engines":{"node":">=6.0.0"},"license":"MIT","dependencies":{"any-shell-escape":"^0.1.1","babel-runtime":"^6.23.0","command-join":"^2.0.0","fast-glob":"^1.0.0","fs-extra":"^3.0.0","js-yaml":"^3.8.3","lodash":"^4.17.4","micromatch":"^3.0.1","readdir-enhanced":"^1.5.2","temp":"^0.8.3","tree-kill":"^1.1.0"},"devDependencies":{"babel-cli":"^6.24.1","babel-eslint":"^7.2.3","babel-plugin-syntax-async-generators":"^6.13.0","babel-plugin-transform-class-properties":"^6.24.1","babel-plugin-transform-object-rest-spread":"^6.23.0","babel-plugin-transform-runtime":"^6.23.0","babel-plugin-transform-strict-mode":"^6.24.1","babel-preset-flow":"^6.23.0","babel-preset-latest":"^6.24.1","babel-register":"^6.24.1","eslint":"^3.19.0","eslint-config-standard":"^10.2.1","eslint-plugin-flowtype":"^2.32.1","eslint-plugin-flowtype-errors":"^3.2.0","eslint-plugin-import":"^2.2.0","eslint-plugin-node":"^5.0.0","eslint-plugin-promise":"^3.5.0","eslint-plugin-standard":"^3.0.1","flow-bin":"^0.47.0","flow-typed":"^2.1.2","jasmine":"^2.6.0"},"_id":"@dicy/core@0.3.1","_shasum":"9f529efcab4779e6ed652bfa0f86c61cdb2108ca","_from":".","_npmVersion":"4.6.1","_nodeVersion":"8.1.2","_npmUser":{"name":"yitzchak","email":"twburton@gmail.com"},"dist":{"shasum":"9f529efcab4779e6ed652bfa0f86c61cdb2108ca","tarball":"https://registry.npmjs.org/@dicy/core/-/core-0.3.1.tgz"},"maintainers":[{"name":"yitzchak","email":"twburton@gmail.com"}],"_npmOperationalInternal":{"host":"s3://npm-registry-packages","tmp":"tmp/core-0.3.1.tgz_1498218102885_0.6143466993235052"},"directories":{}},"0.3.2":{"name":"@dicy/core","version":"0.3.2","description":"Library interface to DiCy, a builder for LaTeX, knitr and literate Haskell that automatically builds dependencies.","keywords":["latex","knitr","sage","biblatex"],"bugs":{"url":"https://github.com/yitzchak/dicy/issues"},"main":"lib/main.js","scripts":{"test":"jasmine","compile":"babel -d lib/ src/","lint":"eslint --color src spec","flow-typed":"flow-typed update","prepublish":"npm run compile"},"repository":{"type":"git","url":"git+https://github.com/yitzchak/dicy.git"},"author":{"name":"Tarn Burton","email":"twburton@gmail.com"},"contributors":[],"homepage":"https://yitzchak.github.io/dicy/","engines":{"node":">=6.0.0"},"license":"MIT","dependencies":{"any-shell-escape":"^0.1.1","babel-runtime":"^6.23.0","command-join":"^2.0.0","fast-glob":"^1.0.0","fs-extra":"^3.0.0","js-yaml":"^3.8.3","lodash":"^4.17.4","micromatch":"^3.0.1","readdir-enhanced":"^1.5.2","temp":"^0.8.3","tree-kill":"^1.1.0"},"devDependencies":{"babel-cli":"^6.24.1","babel-eslint":"^7.2.3","babel-plugin-syntax-async-generators":"^6.13.0","babel-plugin-transform-class-properties":"^6.24.1","babel-plugin-transform-object-rest-spread":"^6.23.0","babel-plugin-transform-runtime":"^6.23.0","babel-plugin-transform-strict-mode":"^6.24.1","babel-preset-flow":"^6.23.0","babel-preset-latest":"^6.24.1","babel-register":"^6.24.1","eslint":"^3.19.0","eslint-config-standard":"^10.2.1","eslint-plugin-flowtype":"^2.32.1","eslint-plugin-flowtype-errors":"^3.2.0","eslint-plugin-import":"^2.2.0","eslint-plugin-node":"^5.0.0","eslint-plugin-promise":"^3.5.0","eslint-plugin-standard":"^3.0.1","flow-bin":"^0.47.0","flow-typed":"^2.1.2","jasmine":"^2.6.0"},"_id":"@dicy/core@0.3.2","_shasum":"98080e24e863147872a43d8811201cddbe0ed400","_from":".","_npmVersion":"4.6.1","_nodeVersion":"8.1.2","_npmUser":{"name":"yitzchak","email":"twburton@gmail.com"},"dist":{"shasum":"98080e24e863147872a43d8811201cddbe0ed400","tarball":"https://registry.npmjs.org/@dicy/core/-/core-0.3.2.tgz"},"maintainers":[{"name":"yitzchak","email":"twburton@gmail.com"}],"_npmOperationalInternal":{"host":"s3://npm-registry-packages","tmp":"tmp/core-0.3.2.tgz_1498225062581_0.48792309523560107"},"directories":{}},"0.4.0":{"name":"@dicy/core","version":"0.4.0","description":"Library interface to DiCy, a builder for LaTeX, knitr and literate Haskell that automatically builds dependencies.","keywords":["latex","knitr","sage","biblatex"],"bugs":{"url":"https://github.com/yitzchak/dicy/issues"},"main":"lib/main.js","scripts":{"test":"jasmine","compile":"rm -rf lib && babel -d lib/ src/","prepublish":"npm run compile"},"repository":{"type":"git","url":"git+https://github.com/yitzchak/dicy.git"},"author":{"name":"Tarn Burton","email":"twburton@gmail.com"},"contributors":[],"homepage":"https://yitzchak.github.io/dicy/","engines":{"node":">=6.0.0"},"license":"MIT","dependencies":{"any-shell-escape":"^0.1.1","babel-runtime":"^6.23.0","command-join":"^2.0.0","fast-glob":"^1.0.1","fs-extra":"^3.0.1","js-yaml":"^3.8.4","lodash":"^4.17.4","micromatch":"^3.0.1","readdir-enhanced":"^1.5.2","temp":"^0.8.3","tree-kill":"^1.1.0"},"devDependencies":{"babel-cli":"^6.24.1","babel-eslint":"^7.2.3","babel-plugin-syntax-async-generators":"^6.13.0","babel-plugin-transform-class-properties":"^6.24.1","babel-plugin-transform-object-rest-spread":"^6.23.0","babel-plugin-transform-runtime":"^6.23.0","babel-plugin-transform-strict-mode":"^6.24.1","babel-preset-flow":"^6.23.0","babel-preset-latest":"^6.24.1","babel-register":"^6.24.1","jasmine":"^2.6.0"},"_id":"@dicy/core@0.4.0","_shasum":"e57037bdfdc2806740558a54c20f71f131651aa6","_from":".","_npmVersion":"4.6.1","_nodeVersion":"8.1.2","_npmUser":{"name":"yitzchak","email":"twburton@gmail.com"},"dist":{"shasum":"e57037bdfdc2806740558a54c20f71f131651aa6","tarball":"https://registry.npmjs.org/@dicy/core/-/core-0.4.0.tgz"},"maintainers":[{"name":"yitzchak","email":"twburton@gmail.com"}],"_npmOperationalInternal":{"host":"s3://npm-registry-packages","tmp":"tmp/core-0.4.0.tgz_1499024979928_0.805661435239017"},"directories":{}},"0.4.1":{"name":"@dicy/core","version":"0.4.1","description":"Library interface to DiCy, a builder for LaTeX, knitr and literate Haskell that automatically builds dependencies.","keywords":["latex","knitr","sage","biblatex"],"bugs":{"url":"https://github.com/yitzchak/dicy/issues"},"main":"lib/main.js","scripts":{"test":"jasmine","compile":"rm -rf lib && babel -d lib/ src/","prepublish":"npm run compile"},"repository":{"type":"git","url":"git+https://github.com/yitzchak/dicy.git"},"author":{"name":"Tarn Burton","email":"twburton@gmail.com"},"contributors":[],"homepage":"https://yitzchak.github.io/dicy/","engines":{"node":">=6.0.0"},"license":"MIT","dependencies":{"any-shell-escape":"^0.1.1","babel-runtime":"^6.23.0","command-join":"^2.0.0","fast-glob":"^1.0.1","fs-extra":"^3.0.1","js-yaml":"^3.8.4","lodash":"^4.17.4","micromatch":"^3.0.1","readdir-enhanced":"^1.5.2","temp":"^0.8.3","tree-kill":"^1.1.0"},"devDependencies":{"babel-cli":"^6.24.1","babel-eslint":"^7.2.3","babel-plugin-syntax-async-generators":"^6.13.0","babel-plugin-transform-class-properties":"^6.24.1","babel-plugin-transform-object-rest-spread":"^6.23.0","babel-plugin-transform-runtime":"^6.23.0","babel-plugin-transform-strict-mode":"^6.24.1","babel-preset-flow":"^6.23.0","babel-preset-latest":"^6.24.1","babel-register":"^6.24.1","jasmine":"^2.6.0"},"_id":"@dicy/core@0.4.1","_shasum":"c63d361f06c2a7fad4e5d0eee67d81f9285b6f68","_from":".","_npmVersion":"4.6.1","_nodeVersion":"8.1.3","_npmUser":{"name":"yitzchak","email":"twburton@gmail.com"},"dist":{"shasum":"c63d361f06c2a7fad4e5d0eee67d81f9285b6f68","tarball":"https://registry.npmjs.org/@dicy/core/-/core-0.4.1.tgz"},"maintainers":[{"name":"yitzchak","email":"twburton@gmail.com"}],"_npmOperationalInternal":{"host":"s3://npm-registry-packages","tmp":"tmp/core-0.4.1.tgz_1499209618628_0.3727384733501822"},"directories":{}},"0.5.0":{"name":"@dicy/core","version":"0.5.0","description":"Library interface to DiCy, a builder for LaTeX, knitr, literate Agda and literate Haskell that automatically builds dependencies.","keywords":["latex","knitr","sage","biblatex"],"bugs":{"url":"https://github.com/yitzchak/dicy/issues"},"main":"lib/main.js","scripts":{"test":"jasmine","compile":"rm -rf lib && babel -d lib/ src/","prepublish":"npm run compile"},"repository":{"type":"git","url":"git+https://github.com/yitzchak/dicy.git"},"author":{"name":"Tarn Burton","email":"twburton@gmail.com"},"contributors":[],"homepage":"https://yitzchak.github.io/dicy/","engines":{"node":">=6.0.0"},"license":"MIT","dependencies":{"babel-runtime":"^6.23.0","command-join":"^2.0.0","fast-glob":"^1.0.1","fs-extra":"^3.0.1","js-yaml":"^3.8.4","lodash":"^4.17.4","micromatch":"^3.0.1","readdir-enhanced":"^1.5.2","temp":"^0.8.3","tree-kill":"^1.1.0"},"devDependencies":{"babel-cli":"^6.24.1","babel-eslint":"^7.2.3","babel-plugin-syntax-async-generators":"^6.13.0","babel-plugin-transform-class-properties":"^6.24.1","babel-plugin-transform-object-rest-spread":"^6.23.0","babel-plugin-transform-runtime":"^6.23.0","babel-plugin-transform-strict-mode":"^6.24.1","babel-preset-flow":"^6.23.0","babel-preset-latest":"^6.24.1","babel-register":"^6.24.1","jasmine":"^2.6.0"},"_id":"@dicy/core@0.5.0","_shasum":"afe4697e922f9e246de0a33b1aeebe1dc1f9775f","_from":".","_npmVersion":"4.6.1","_nodeVersion":"8.1.3","_npmUser":{"name":"yitzchak","email":"twburton@gmail.com"},"dist":{"shasum":"afe4697e922f9e246de0a33b1aeebe1dc1f9775f","tarball":"https://registry.npmjs.org/@dicy/core/-/core-0.5.0.tgz"},"maintainers":[{"name":"yitzchak","email":"twburton@gmail.com"}],"_npmOperationalInternal":{"host":"s3://npm-registry-packages","tmp":"tmp/core-0.5.0.tgz_1499906939392_0.3221759593579918"},"directories":{}},"0.6.0":{"name":"@dicy/core","version":"0.6.0","description":"Library interface to DiCy, a builder for LaTeX, knitr, literate Agda and literate Haskell that automatically builds dependencies.","keywords":["latex","knitr","sage","biblatex"],"bugs":{"url":"https://github.com/yitzchak/dicy/issues"},"main":"lib/main.js","scripts":{"test":"jasmine","compile":"rm -rf lib && babel -d lib/ src/","prepublish":"npm run compile"},"repository":{"type":"git","url":"git+https://github.com/yitzchak/dicy.git"},"author":{"name":"Tarn Burton","email":"twburton@gmail.com"},"contributors":[],"homepage":"https://yitzchak.github.io/dicy/","engines":{"node":">=6.0.0"},"license":"MIT","dependencies":{"babel-runtime":"^6.23.0","command-join":"^2.0.0","fast-glob":"^1.0.1","fs-extra":"^4.0.0","js-yaml":"^3.8.4","lodash":"^4.17.4","micromatch":"^3.0.1","readdir-enhanced":"^1.5.2","temp":"^0.8.3","tree-kill":"^1.1.0"},"devDependencies":{"babel-cli":"^6.24.1","babel-eslint":"^7.2.3","babel-plugin-syntax-async-generators":"^6.13.0","babel-plugin-transform-class-properties":"^6.24.1","babel-plugin-transform-object-rest-spread":"^6.23.0","babel-plugin-transform-runtime":"^6.23.0","babel-plugin-transform-strict-mode":"^6.24.1","babel-preset-flow":"^6.23.0","babel-preset-latest":"^6.24.1","babel-register":"^6.24.1","jasmine":"^2.6.0"},"_id":"@dicy/core@0.6.0","_npmVersion":"5.2.0","_nodeVersion":"8.1.4","_npmUser":{"name":"yitzchak","email":"twburton@gmail.com"},"dist":{"integrity":"sha512-GVWuuJFvlyfGAHSHMtPdtIpLbGItEHrYlLaqvulHKxANUjffCYcq0kglG5s8hG4PPiEb+wXAh3WTDu5Sghd1Rw==","shasum":"313a7d2612d4eece8a6620562b42a40862350702","tarball":"https://registry.npmjs.org/@dicy/core/-/core-0.6.0.tgz"},"maintainers":[{"name":"yitzchak","email":"twburton@gmail.com"}],"_npmOperationalInternal":{"host":"s3://npm-registry-packages","tmp":"tmp/core-0.6.0.tgz_1500253016230_0.660485188709572"},"directories":{}},"0.7.0":{"name":"@dicy/core","version":"0.7.0","description":"Library interface to DiCy, a builder for LaTeX, knitr, literate Agda and literate Haskell that automatically builds dependencies.","keywords":["latex","knitr","sage","biblatex"],"bugs":{"url":"https://github.com/yitzchak/dicy/issues"},"main":"lib/main.js","scripts":{"test":"jasmine","compile":"rm -rf lib && babel -d lib/ src/","prepublish":"npm run compile"},"repository":{"type":"git","url":"git+https://github.com/yitzchak/dicy.git"},"author":{"name":"Tarn Burton","email":"twburton@gmail.com"},"contributors":[],"homepage":"https://yitzchak.github.io/dicy/","engines":{"node":">=6.0.0"},"license":"MIT","dependencies":{"babel-runtime":"^6.23.0","command-join":"^2.0.0","fast-glob":"^1.0.1","fs-extra":"^4.0.0","graphlib":"^2.1.1","js-yaml":"^3.8.4","lodash":"^4.17.4","micromatch":"^3.0.1","readdir-enhanced":"^1.5.2","temp":"^0.8.3","tree-kill":"^1.1.0"},"devDependencies":{"babel-cli":"^6.24.1","babel-eslint":"^7.2.3","babel-plugin-syntax-async-generators":"^6.13.0","babel-plugin-transform-class-properties":"^6.24.1","babel-plugin-transform-object-rest-spread":"^6.23.0","babel-plugin-transform-runtime":"^6.23.0","babel-plugin-transform-strict-mode":"^6.24.1","babel-preset-flow":"^6.23.0","babel-preset-latest":"^6.24.1","babel-register":"^6.24.1","jasmine":"^2.6.0"},"_id":"@dicy/core@0.7.0","_npmVersion":"5.3.0","_nodeVersion":"8.1.4","_npmUser":{"name":"yitzchak","email":"twburton@gmail.com"},"dist":{"integrity":"sha512-+pKysOMyx6rmNIgeeDn8MWlKicTj32Wo76Ax1qpxNQask/VbWrUlKDhVIp+AOg7H4zLCwErcXRXqkgb6vMX0fg==","shasum":"3fb6f62c291059bc08db8e8aa694b709e499478d","tarball":"https://registry.npmjs.org/@dicy/core/-/core-0.7.0.tgz"},"maintainers":[{"name":"yitzchak","email":"twburton@gmail.com"}],"_npmOperationalInternal":{"host":"s3://npm-registry-packages","tmp":"tmp/core-0.7.0.tgz_1501110823074_0.11629509669728577"},"directories":{}},"0.8.0":{"name":"@dicy/core","version":"0.8.0","description":"Library interface to DiCy, a builder for LaTeX, knitr, literate Agda and literate Haskell that automatically builds dependencies.","keywords":["latex","knitr","sage","biblatex"],"bugs":{"url":"https://github.com/yitzchak/dicy/issues"},"main":"lib/main.js","scripts":{"test":"jasmine","compile":"rimraf lib && babel -d lib/ src/","prepublish":"npm run compile"},"repository":{"type":"git","url":"git+https://github.com/yitzchak/dicy.git"},"author":{"name":"Tarn Burton","email":"twburton@gmail.com"},"contributors":[],"homepage":"https://yitzchak.github.io/dicy/","engines":{"node":">=6.0.0"},"license":"MIT","dependencies":{"babel-runtime":"^6.23.0","command-join":"^2.0.0","fast-glob":"^1.0.1","fs-extra":"^4.0.0","graphlib":"^2.1.1","js-yaml":"^3.8.4","lodash":"^4.17.4","micromatch":"^3.0.1","readdir-enhanced":"^1.5.2","temp":"^0.8.3","tree-kill":"^1.1.0","yargs-parser":"^7.0.0"},"devDependencies":{"babel-cli":"^6.24.1","babel-eslint":"^7.2.3","babel-plugin-syntax-async-generators":"^6.13.0","babel-plugin-transform-class-properties":"^6.24.1","babel-plugin-transform-object-rest-spread":"^6.23.0","babel-plugin-transform-runtime":"^6.23.0","babel-plugin-transform-strict-mode":"^6.24.1","babel-preset-flow":"^6.23.0","babel-preset-latest":"^6.24.1","babel-register":"^6.24.1","jasmine":"^2.6.0","rimraf":"^2.6.1"},"_id":"@dicy/core@0.8.0","_npmVersion":"5.3.0","_nodeVersion":"8.2.1","_npmUser":{"name":"yitzchak","email":"twburton@gmail.com"},"dist":{"integrity":"sha512-cQqo5ykohZSJu7ybIpCS+QieeLd1yCV1oMirxKej1zgfPL87u0aBzAm+dleCjAI9wNIihPCljgpBYEflvW8Dhw==","shasum":"6ce4b243dadc69dea2b6cd73f10a005019366e1c","tarball":"https://registry.npmjs.org/@dicy/core/-/core-0.8.0.tgz"},"maintainers":[{"name":"yitzchak","email":"twburton@gmail.com"}],"_npmOperationalInternal":{"host":"s3://npm-registry-packages","tmp":"tmp/core-0.8.0.tgz_1502793051420_0.89257074566558"},"directories":{}},"0.9.0":{"name":"@dicy/core","version":"0.9.0","description":"Library interface to DiCy, a builder for LaTeX, knitr, literate Agda and literate Haskell that automatically builds dependencies.","keywords":["latex","knitr","sage","biblatex"],"bugs":{"url":"https://github.com/yitzchak/dicy/issues"},"main":"lib/main.js","scripts":{"test":"jasmine","compile":"rimraf lib && babel -d lib/ src/","prepublish":"npm run compile"},"repository":{"type":"git","url":"git+https://github.com/yitzchak/dicy.git"},"author":{"name":"Tarn Burton","email":"twburton@gmail.com"},"contributors":[],"homepage":"https://yitzchak.github.io/dicy/","engines":{"node":">=6.0.0"},"license":"MIT","dependencies":{"babel-runtime":"^6.23.0","command-join":"^2.0.0","fast-glob":"^1.0.1","fs-extra":"^4.0.0","graphlib":"^2.1.1","js-yaml":"^3.8.4","lodash":"^4.17.4","micromatch":"^3.0.1","readdir-enhanced":"^1.5.2","temp":"^0.8.3","tree-kill":"^1.1.0","yargs-parser":"^7.0.0"},"devDependencies":{"babel-cli":"^6.24.1","babel-eslint":"^7.2.3","babel-plugin-transform-class-properties":"^6.24.1","babel-plugin-transform-runtime":"^6.23.0","babel-plugin-transform-strict-mode":"^6.24.1","babel-preset-env":"^1.6.0","babel-preset-flow":"^6.23.0","babel-preset-stage-3":"^6.24.1","babel-register":"^6.24.1","jasmine":"^2.6.0","rimraf":"^2.6.1"},"_id":"@dicy/core@0.9.0","_npmVersion":"5.3.0","_nodeVersion":"8.4.0","_npmUser":{"name":"yitzchak","email":"twburton@gmail.com"},"dist":{"integrity":"sha512-zVxpnWxvWNjsftAibJxXrF5rIUJQkyXIJuK7PdUOmlX2uScmfgvpBJHO5c8Iy3JOLztGbrzqj9QKPctsFEcjeA==","shasum":"06e6354b2978c924fd06ca81a8fd72e46d4aff53","tarball":"https://registry.npmjs.org/@dicy/core/-/core-0.9.0.tgz"},"maintainers":[{"name":"yitzchak","email":"twburton@gmail.com"}],"_npmOperationalInternal":{"host":"s3://npm-registry-packages","tmp":"tmp/core-0.9.0.tgz_1504537697069_0.45914659556001425"},"directories":{}},"0.9.1":{"name":"@dicy/core","version":"0.9.1","description":"Library interface to DiCy, a builder for LaTeX, knitr, literate Agda and literate Haskell that automatically builds dependencies.","keywords":["latex","knitr","sage","biblatex"],"bugs":{"url":"https://github.com/yitzchak/dicy/issues"},"main":"lib/main.js","scripts":{"test":"jasmine","compile":"rimraf lib && babel -d lib/ src/","prepublish":"npm run compile"},"repository":{"type":"git","url":"git+https://github.com/yitzchak/dicy.git"},"author":{"name":"Tarn Burton","email":"twburton@gmail.com"},"contributors":[],"homepage":"https://yitzchak.github.io/dicy/","engines":{"node":">=6.0.0"},"license":"MIT","dependencies":{"babel-runtime":"^6.23.0","command-join":"^2.0.0","fast-glob":"^1.0.1","fs-extra":"^4.0.0","graphlib":"^2.1.1","js-yaml":"^3.8.4","lodash":"^4.17.4","micromatch":"^3.0.1","readdir-enhanced":"^1.5.2","temp":"^0.8.3","tree-kill":"^1.1.0","yargs-parser":"^7.0.0"},"devDependencies":{"babel-cli":"^6.24.1","babel-eslint":"^7.2.3","babel-plugin-transform-class-properties":"^6.24.1","babel-plugin-transform-runtime":"^6.23.0","babel-plugin-transform-strict-mode":"^6.24.1","babel-preset-env":"^1.6.0","babel-preset-flow":"^6.23.0","babel-preset-stage-3":"^6.24.1","babel-register":"^6.24.1","jasmine":"^2.6.0","rimraf":"^2.6.1"},"_id":"@dicy/core@0.9.1","_npmVersion":"5.3.0","_nodeVersion":"8.4.0","_npmUser":{"name":"yitzchak","email":"twburton@gmail.com"},"dist":{"integrity":"sha512-ljEuQDkdlpeUdm41BfFGUzE2O3BmYpMR7FEl90Cfx/PHpapocOuVTSj494EL998zKoVSeZiHRzZjDotqpWH6xw==","shasum":"545800021df98b8d4b5a243966e4ce85db6f6d6e","tarball":"https://registry.npmjs.org/@dicy/core/-/core-0.9.1.tgz"},"maintainers":[{"name":"yitzchak","email":"twburton@gmail.com"}],"_npmOperationalInternal":{"host":"s3://npm-registry-packages","tmp":"tmp/core-0.9.1.tgz_1504574277045_0.3504214333370328"},"directories":{}},"0.10.0":{"name":"@dicy/core","version":"0.10.0","description":"Library interface to DiCy, a builder for LaTeX, knitr, literate Agda and literate Haskell that automatically builds dependencies.","keywords":["latex","knitr","sage","biblatex"],"bugs":{"url":"https://github.com/yitzchak/dicy/issues"},"main":"lib/main.js","scripts":{"test":"jasmine","compile":"rimraf lib && babel -d lib/ src/","prepublish":"npm run compile"},"repository":{"type":"git","url":"git+https://github.com/yitzchak/dicy.git"},"author":{"name":"Tarn Burton","email":"twburton@gmail.com"},"contributors":[],"homepage":"https://yitzchak.github.io/dicy/","engines":{"node":">=6.0.0"},"license":"MIT","dependencies":{"babel-runtime":"^6.25.0","command-join":"^2.0.0","fast-glob":"^1.0.1","fs-extra":"^4.0.1","graphlib":"^2.1.1","js-yaml":"^3.9.1","lodash":"^4.17.4","micromatch":"^3.0.1","readdir-enhanced":"^1.5.2","semver":"^5.4.1","temp":"^0.8.3","tree-kill":"^1.1.0","yargs-parser":"^7.0.0"},"devDependencies":{"babel-cli":"^6.24.1","babel-eslint":"^7.2.3","babel-plugin-transform-class-properties":"^6.24.1","babel-plugin-transform-runtime":"^6.23.0","babel-plugin-transform-strict-mode":"^6.24.1","babel-preset-env":"^1.6.0","babel-preset-flow":"^6.23.0","babel-preset-stage-3":"^6.24.1","babel-register":"^6.24.1","jasmine":"^2.6.0","rimraf":"^2.6.1"},"_id":"@dicy/core@0.10.0","_npmVersion":"5.3.0","_nodeVersion":"8.5.0","_npmUser":{"name":"yitzchak","email":"twburton@gmail.com"},"dist":{"integrity":"sha512-zpH6fbzRmaU+1QHCPHBdHSEzsRcI4VfL89sn1bwb7tqymTen3kJ/SMi4XSTIsXFm7ikDm6yONSZsjCC5aBXCTQ==","shasum":"c864d844660d5dc6947c86695a3eb3e1584cc570","tarball":"https://registry.npmjs.org/@dicy/core/-/core-0.10.0.tgz"},"maintainers":[{"name":"yitzchak","email":"twburton@gmail.com"}],"_npmOperationalInternal":{"host":"s3://npm-registry-packages","tmp":"tmp/core-0.10.0.tgz_1506370553956_0.2626436797436327"},"directories":{}},"0.10.1":{"name":"@dicy/core","version":"0.10.1","description":"Library interface to DiCy, a builder for LaTeX, knitr, literate Agda, literate Haskell and Pweave that automatically builds dependencies.","keywords":["latex","knitr","sage","biblatex"],"bugs":{"url":"https://github.com/yitzchak/dicy/issues"},"main":"lib/main.js","scripts":{"test":"jasmine","compile":"rimraf lib && babel -d lib/ src/","prepublish":"npm run compile"},"repository":{"type":"git","url":"git+https://github.com/yitzchak/dicy.git"},"author":{"name":"Tarn Burton","email":"twburton@gmail.com"},"contributors":[],"homepage":"https://yitzchak.github.io/dicy/","engines":{"node":">=6.0.0"},"license":"MIT","dependencies":{"babel-runtime":"^6.25.0","command-join":"^2.0.0","fast-glob":"^1.0.1","fs-extra":"^4.0.1","graphlib":"^2.1.1","js-yaml":"^3.9.1","lodash":"^4.17.4","micromatch":"^3.0.1","readdir-enhanced":"^1.5.2","semver":"^5.4.1","temp":"^0.8.3","tree-kill":"^1.1.0","yargs-parser":"^7.0.0"},"devDependencies":{"babel-cli":"^6.24.1","babel-eslint":"^8.0.0","babel-plugin-transform-class-properties":"^6.24.1","babel-plugin-transform-runtime":"^6.23.0","babel-plugin-transform-strict-mode":"^6.24.1","babel-preset-env":"^1.6.0","babel-preset-flow":"^6.23.0","babel-preset-stage-3":"^6.24.1","babel-register":"^6.24.1","jasmine":"^2.7.0","rimraf":"^2.6.1"},"_id":"@dicy/core@0.10.1","_npmVersion":"5.3.0","_nodeVersion":"8.5.0","_npmUser":{"name":"yitzchak","email":"twburton@gmail.com"},"dist":{"integrity":"sha512-eIiO5AO4L8uxyb3Py8r+C5ji/v88JXtLVwPDjg5y3JQGgVxwrRQUhjt1GB2tbNeOFMRJ2buMeNOxz0wLmm3IXA==","shasum":"930bb03c641b430a662ce9c80f02ed074ec84590","tarball":"https://registry.npmjs.org/@dicy/core/-/core-0.10.1.tgz"},"maintainers":[{"name":"yitzchak","email":"twburton@gmail.com"}],"_npmOperationalInternal":{"host":"s3://npm-registry-packages","tmp":"tmp/core-0.10.1.tgz_1506814911224_0.9966843302827328"},"directories":{}},"0.11.0":{"name":"@dicy/core","version":"0.11.0","description":"Library interface to DiCy, a builder for LaTeX, knitr, literate Agda, literate Haskell and Pweave that automatically builds dependencies.","keywords":["latex","knitr","sage","biblatex"],"bugs":{"url":"https://github.com/yitzchak/dicy/issues"},"main":"lib/main.js","scripts":{"test":"jasmine","compile":"rimraf lib && babel -d lib/ src/","prepublish":"npm run compile"},"repository":{"type":"git","url":"git+https://github.com/yitzchak/dicy.git"},"author":{"name":"Tarn Burton","email":"twburton@gmail.com"},"contributors":[],"homepage":"https://yitzchak.github.io/dicy/","engines":{"node":">=6.0.0"},"license":"MIT","dependencies":{"babel-runtime":"^6.26.0","command-join":"^2.0.0","fast-glob":"^1.0.1","fs-extra":"^4.0.2","graphlib":"^2.1.1","js-yaml":"^3.10.0","lodash":"^4.17.4","micromatch":"^3.1.0","readdir-enhanced":"^1.5.2","semver":"^5.4.1","temp":"^0.8.3","tree-kill":"^1.2.0","yargs-parser":"^8.0.0"},"devDependencies":{"babel-cli":"^6.24.1","babel-eslint":"^8.0.0","babel-plugin-transform-class-properties":"^6.24.1","babel-plugin-transform-runtime":"^6.23.0","babel-plugin-transform-strict-mode":"^6.24.1","babel-preset-env":"^1.6.0","babel-preset-flow":"6.23.0","babel-preset-stage-3":"^6.24.1","babel-register":"^6.24.1","jasmine":"^2.7.0","rimraf":"^2.6.1"},"_id":"@dicy/core@0.11.0","_npmVersion":"5.4.2","_nodeVersion":"8.6.0","_npmUser":{"name":"yitzchak","email":"twburton@gmail.com"},"dist":{"integrity":"sha512-ATyVYQe99IuSaBiUg/Y8RAhenX5wOKUPAXYG6lIdepgBK9H7gWOVyvKkGcW27xqy26j/lXCCKxCLBXbX0hIziw==","shasum":"289a82f453d154c59281fafc44f6ee01476ca8e7","tarball":"https://registry.npmjs.org/@dicy/core/-/core-0.11.0.tgz"},"maintainers":[{"name":"yitzchak","email":"twburton@gmail.com"}],"_npmOperationalInternal":{"host":"s3://npm-registry-packages","tmp":"tmp/core-0.11.0.tgz_1508972065932_0.10239033284597099"},"directories":{}},"0.12.0-pre.0":{"name":"@dicy/core","version":"0.12.0-pre.0","description":"Library interface to DiCy, a builder for LaTeX, knitr, literate Agda, literate Haskell and Pweave that automatically builds dependencies.","keywords":["latex","knitr","sage","biblatex"],"bugs":{"url":"https://github.com/yitzchak/dicy/issues"},"main":"lib/main.js","types":"types/main.d.ts","scripts":{"test":"jasmine-ts","compile":"rimraf lib && tsc","prepublish":"npm run compile"},"repository":{"type":"git","url":"git+https://github.com/yitzchak/dicy.git"},"author":{"name":"Tarn Burton","email":"twburton@gmail.com"},"contributors":[],"homepage":"https://yitzchak.github.io/dicy/","engines":{"node":">=6.9.0"},"license":"MIT","dependencies":{"@dicy/types":"^0.12.0-pre.0","command-join":"^2.0.0","fast-glob":"^1.0.1","file-uri-to-path":"^1.0.0","file-url":"^2.0.2","fs-extra":"^4.0.2","graphlib":"^2.1.1","js-yaml":"^3.10.0","lodash":"^4.17.4","micromatch":"^3.1.4","readdir-enhanced":"^2.0.0","semver":"^5.4.1","temp":"^0.8.3","tree-kill":"^1.2.0","yargs-parser":"^8.0.0"},"devDependencies":{"@types/file-url":"^2.0.0","@types/fs-extra":"^4.0.3","@types/graphlib":"^2.1.4","@types/jasmine":"^2.6.2","@types/js-yaml":"^3.9.1","@types/lodash":"^4.14.80","@types/node":"^8.0.47","@types/semver":"^5.4.0","@types/temp":"^0.8.31","jasmine":"^2.8.0","jasmine-ts":"^0.2.1","rimraf":"^2.6.2","typescript":"^2.5.3"},"_id":"@dicy/core@0.12.0-pre.0","_npmVersion":"5.5.1","_nodeVersion":"8.8.1","_npmUser":{"name":"yitzchak","email":"twburton@gmail.com"},"dist":{"integrity":"sha512-CQ8tU9EcB7/chcfucX2Lbf/Lq1ivW0RyObbJWYcKayIHT88YUEEGHCzmcne/btiI3KF9L1M/mXRJVPbBU2bptA==","shasum":"a5bcc59c02eae100401f6cee6bb5ce7d4fd7192f","tarball":"https://registry.npmjs.org/@dicy/core/-/core-0.12.0-pre.0.tgz"},"maintainers":[{"name":"yitzchak","email":"twburton@gmail.com"}],"_npmOperationalInternal":{"host":"s3://npm-registry-packages","tmp":"tmp/core-0.12.0-pre.0.tgz_1511050697992_0.6494122149888426"},"directories":{}},"0.12.0":{"name":"@dicy/core","version":"0.12.0","description":"Library interface to DiCy, a builder for LaTeX, knitr, literate Agda, literate Haskell and Pweave that automatically builds dependencies.","keywords":["latex","knitr","sage","biblatex"],"bugs":{"url":"https://github.com/yitzchak/dicy/issues"},"main":"lib/main.js","types":"types/main.d.ts","scripts":{"test":"jasmine-ts","compile":"rimraf lib && tsc","prepublish":"npm run compile"},"repository":{"type":"git","url":"git+https://github.com/yitzchak/dicy.git"},"author":{"name":"Tarn Burton","email":"twburton@gmail.com"},"contributors":[],"homepage":"https://yitzchak.github.io/dicy/","engines":{"node":">=6.9.0"},"license":"MIT","dependencies":{"@dicy/types":"^0.12.0","command-join":"^2.0.0","fast-glob":"^1.0.1","file-uri-to-path":"^1.0.0","file-url":"^2.0.2","fs-extra":"^4.0.2","graphlib":"^2.1.1","js-yaml":"^3.10.0","lodash":"^4.17.4","micromatch":"^3.1.4","readdir-enhanced":"^2.0.0","semver":"^5.4.1","temp":"^0.8.3","tree-kill":"^1.2.0","yargs-parser":"^8.0.0"},"devDependencies":{"@types/file-url":"^2.0.0","@types/fs-extra":"^4.0.3","@types/graphlib":"^2.1.4","@types/jasmine":"^2.6.2","@types/js-yaml":"^3.9.1","@types/lodash":"^4.14.80","@types/node":"^8.0.47","@types/semver":"^5.4.0","@types/temp":"^0.8.31","jasmine":"^2.8.0","jasmine-ts":"^0.2.1","rimraf":"^2.6.2","typescript":"^2.5.3"},"_id":"@dicy/core@0.12.0","_npmVersion":"5.5.1","_nodeVersion":"9.2.0","_npmUser":{"name":"yitzchak","email":"twburton@gmail.com"},"dist":{"integrity":"sha512-KPHT7Kbaph0oiGFOLFBl40YnVMI25DbzeXmX3emNCgMAq2VEKUdj7+YHXm3Rp7jjgsiynEuS5g3mq8sPecuTww==","shasum":"8a4a8cf42d9efd2e0dbe91d17c285493fa44b7e1","tarball":"https://registry.npmjs.org/@dicy/core/-/core-0.12.0.tgz"},"maintainers":[{"name":"yitzchak","email":"twburton@gmail.com"}],"_npmOperationalInternal":{"host":"s3://npm-registry-packages","tmp":"tmp/core-0.12.0.tgz_1511661236936_0.8265344449318945"},"directories":{}},"0.12.1":{"name":"@dicy/core","version":"0.12.1","description":"Library interface to DiCy, a builder for LaTeX, knitr, literate Agda, literate Haskell and Pweave that automatically builds dependencies.","keywords":["latex","knitr","sage","biblatex"],"bugs":{"url":"https://github.com/yitzchak/dicy/issues"},"main":"lib/main.js","types":"types/main.d.ts","scripts":{"test":"jasmine-ts","compile":"rimraf lib && tsc","prepublish":"npm run compile"},"repository":{"type":"git","url":"git+https://github.com/yitzchak/dicy.git"},"author":{"name":"Tarn Burton","email":"twburton@gmail.com"},"contributors":[],"homepage":"https://yitzchak.github.io/dicy/","engines":{"node":">=6.9.0"},"license":"MIT","dependencies":{"@dicy/types":"^0.12.0","command-join":"^2.0.0","fast-glob":"^1.0.1","file-uri-to-path":"^1.0.0","file-url":"^2.0.2","fs-extra":"^4.0.2","graphlib":"^2.1.1","js-yaml":"^3.10.0","lodash":"^4.17.4","micromatch":"^3.1.4","readdir-enhanced":"^2.0.0","semver":"^5.4.1","temp":"^0.8.3","tree-kill":"^1.2.0","yargs-parser":"^8.0.0"},"devDependencies":{"@types/file-url":"^2.0.0","@types/fs-extra":"^4.0.3","@types/graphlib":"^2.1.4","@types/jasmine":"^2.6.2","@types/jasmine-expect":"^3.6.1","@types/js-yaml":"^3.9.1","@types/lodash":"^4.14.80","@types/node":"^8.0.47","@types/semver":"^5.4.0","@types/temp":"^0.8.31","jasmine":"^2.8.0","jasmine-expect":"^3.8.1","jasmine-ts":"^0.2.1","rimraf":"^2.6.2","typescript":"^2.5.3"},"_id":"@dicy/core@0.12.1","_npmVersion":"5.5.1","_nodeVersion":"9.2.0","_npmUser":{"name":"yitzchak","email":"twburton@gmail.com"},"dist":{"integrity":"sha512-xRM8sij00cRvRcWwbbr2zLZLivfr9efnRO/x+1v9ZFNtHyweCz5PLIE3JVIISlVl0gKBGsBXV4QXajc9lQlQLQ==","shasum":"62b6cec5dc06dfb0d99ce47e9a26e735c7c247c0","tarball":"https://registry.npmjs.org/@dicy/core/-/core-0.12.1.tgz"},"maintainers":[{"name":"yitzchak","email":"twburton@gmail.com"}],"_npmOperationalInternal":{"host":"s3://npm-registry-packages","tmp":"tmp/core-0.12.1.tgz_1511986980839_0.9301321043167263"},"directories":{}},"0.12.2":{"name":"@dicy/core","version":"0.12.2","description":"Library interface to DiCy, a builder for LaTeX, knitr, literate Agda, literate Haskell and Pweave that automatically builds dependencies.","keywords":["latex","knitr","sage","biblatex"],"bugs":{"url":"https://github.com/yitzchak/dicy/issues"},"main":"lib/main.js","types":"types/main.d.ts","scripts":{"test":"jasmine-ts","compile":"rimraf lib && tsc","prepublish":"npm run compile"},"repository":{"type":"git","url":"git+https://github.com/yitzchak/dicy.git"},"author":{"name":"Tarn Burton","email":"twburton@gmail.com"},"contributors":[],"homepage":"https://yitzchak.github.io/dicy/","engines":{"node":">=6.9.0"},"license":"MIT","dependencies":{"@dicy/types":"^0.12.2","command-join":"^2.0.0","fast-glob":"^1.0.1","file-uri-to-path":"^1.0.0","file-url":"^2.0.2","fs-extra":"^4.0.2","graphlib":"^2.1.1","js-yaml":"^3.10.0","lodash":"^4.17.4","micromatch":"^3.1.4","readdir-enhanced":"^2.0.0","semver":"^5.4.1","temp":"^0.8.3","tree-kill":"^1.2.0","yargs-parser":"^8.0.0"},"devDependencies":{"@types/file-url":"^2.0.0","@types/fs-extra":"^4.0.3","@types/graphlib":"^2.1.4","@types/jasmine":"^2.6.2","@types/jasmine-expect":"^3.6.1","@types/js-yaml":"^3.9.1","@types/lodash":"^4.14.80","@types/node":"^8.0.47","@types/semver":"^5.4.0","@types/temp":"^0.8.31","jasmine":"^2.8.0","jasmine-expect":"^3.8.1","jasmine-ts":"^0.2.1","rimraf":"^2.6.2","typescript":"^2.5.3"},"_id":"@dicy/core@0.12.2","_npmVersion":"5.5.1","_nodeVersion":"9.2.0","_npmUser":{"name":"yitzchak","email":"twburton@gmail.com"},"dist":{"integrity":"sha512-ob35kKUZQFy3230cbnAIKowO5sFw++EIQO1T6uFfvzAuvkYzF0NVsnVy5aMlhBrxJA6I3csyHIY+vNzBRXNXXQ==","shasum":"8fc5b0d875a1bcff070d0400696a387b51d257c2","tarball":"https://registry.npmjs.org/@dicy/core/-/core-0.12.2.tgz"},"maintainers":[{"name":"yitzchak","email":"twburton@gmail.com"}],"_npmOperationalInternal":{"host":"s3://npm-registry-packages","tmp":"tmp/core-0.12.2.tgz_1512227292985_0.3245921165216714"},"directories":{}},"0.12.3":{"name":"@dicy/core","version":"0.12.3","description":"Library interface to DiCy, a builder for LaTeX, knitr, literate Agda, literate Haskell and Pweave that automatically builds dependencies.","keywords":["latex","knitr","sage","biblatex"],"bugs":{"url":"https://github.com/yitzchak/dicy/issues"},"main":"lib/main.js","types":"types/main.d.ts","scripts":{"test":"jasmine-ts","compile":"rimraf lib && tsc","prepublish":"npm run compile"},"repository":{"type":"git","url":"git+https://github.com/yitzchak/dicy.git"},"author":{"name":"Tarn Burton","email":"twburton@gmail.com"},"contributors":[],"homepage":"https://yitzchak.github.io/dicy/","engines":{"node":">=6.9.0"},"license":"MIT","dependencies":{"@dicy/types":"^0.12.3","command-join":"^2.0.0","fast-glob":"^1.0.1","file-uri-to-path":"^1.0.0","file-url":"^2.0.2","fs-extra":"^4.0.3","graphlib":"^2.1.1","js-yaml":"^3.10.0","lodash":"^4.17.4","micromatch":"^3.1.4","readdir-enhanced":"^2.1.0","semver":"^5.4.1","temp":"^0.8.3","tree-kill":"^1.2.0","yargs-parser":"^8.0.0"},"devDependencies":{"@types/file-url":"^2.0.0","@types/fs-extra":"^4.0.5","@types/graphlib":"^2.1.4","@types/jasmine":"^2.8.2","@types/jasmine-expect":"^3.6.1","@types/js-yaml":"^3.10.1","@types/lodash":"^4.14.88","@types/node":"^8.0.56","@types/semver":"^5.4.0","@types/temp":"^0.8.31","jasmine":"^2.8.0","jasmine-expect":"^3.8.1","jasmine-ts":"^0.2.1","rimraf":"^2.6.2","typescript":"^2.6.2"},"_id":"@dicy/core@0.12.3","_npmVersion":"5.5.1","_nodeVersion":"9.2.0","_npmUser":{"name":"yitzchak","email":"twburton@gmail.com"},"dist":{"integrity":"sha512-kAGqXifl3l44kkCzEiO0L9rdeskOLcCt4p4e8K1d2queJphzsOt+fFVmv2L/0eWA+7ix6aC41yUQ6qREEgaFSQ==","shasum":"6427a5a710573a1edfaa8c18520750f03be0048c","tarball":"https://registry.npmjs.org/@dicy/core/-/core-0.12.3.tgz"},"maintainers":[{"name":"yitzchak","email":"twburton@gmail.com"}],"_npmOperationalInternal":{"host":"s3://npm-registry-packages","tmp":"tmp/core-0.12.3.tgz_1512911624866_0.4067636467516422"},"directories":{}},"0.13.0":{"name":"@dicy/core","version":"0.13.0","description":"Library interface to DiCy, a builder for LaTeX, knitr, literate Agda, literate Haskell and Pweave that automatically builds dependencies.","keywords":["latex","knitr","sage","biblatex"],"bugs":{"url":"https://github.com/yitzchak/dicy/issues"},"main":"lib/main.js","types":"types/main.d.ts","scripts":{"test":"jasmine-ts","compile":"rimraf lib && tsc","prepublish":"npm run compile"},"repository":{"type":"git","url":"git+https://github.com/yitzchak/dicy.git"},"author":{"name":"Tarn Burton","email":"twburton@gmail.com"},"contributors":[],"homepage":"https://yitzchak.github.io/dicy/","engines":{"node":">=6.9.0"},"license":"MIT","dependencies":{"@dicy/types":"^0.13.0","command-join":"^2.0.0","fast-glob":"^2.0.4","file-uri-to-path":"^1.0.0","file-url":"^2.0.2","fs-extra":"^5.0.0","graphlib":"^2.1.5","js-yaml":"^3.10.0","lodash":"^4.17.5","micromatch":"^3.1.5","readdir-enhanced":"^2.2.0","semver":"^5.5.0","temp":"^0.8.3","tree-kill":"^1.2.0","yargs-parser":"^9.0.2"},"devDependencies":{"@types/file-url":"^2.0.0","@types/fs-extra":"^5.0.0","@types/graphlib":"^2.1.4","@types/jasmine":"^2.8.6","@types/js-yaml":"^3.10.1","@types/lodash":"^4.14.102","@types/node":"^9.4.6","@types/semver":"^5.4.0","@types/temp":"^0.8.31","jasmine":"^3.0.0","jasmine-expect":"^3.8.3","jasmine-ts":"^0.2.1","rimraf":"^2.6.2","typescript":"^2.7.2"},"_id":"@dicy/core@0.13.0","_npmVersion":"5.7.1","_nodeVersion":"9.8.0","_npmUser":{"name":"yitzchak","email":"twburton@gmail.com"},"dist":{"integrity":"sha512-lw3w47xyHCcpr7HFHuqQDZcOSYm7PeDej4r9nKoHQkRUGIRVfwmAN46suW/aypeCAAkOkleMuBOWPSXNTZ5+bw==","shasum":"dd2cca236e1f11bede4059d8cd8dfe425a54da87","tarball":"https://registry.npmjs.org/@dicy/core/-/core-0.13.0.tgz","fileCount":75,"unpackedSize":273595},"maintainers":[{"name":"yitzchak","email":"twburton@gmail.com"}],"directories":{},"_npmOperationalInternal":{"host":"s3://npm-registry-packages","tmp":"tmp/core_0.13.0_1521022133465_0.5729859668215138"}}},"readme":"# @dicy/core\n\n[![Build Status][travis svg]][travis]\n[![Windows Build Status][appveyor svg]][appveyor]\n[![Dependency Status][dependency svg]][dependency]\n[![devDependency Status][devdependency svg]][devdependency]\n\nThis package is a library interface to DiCy, a JavaScript/TypeScript based\nbuilder for LaTeX, knitr, Literate Agda, Literate Haskell, and Pweave that\nautomatically builds dependencies. DiCy parses and filters output logs and error\nmessages generated during build and can build projects that utilize the\nfollowing programs to process files.\n\n-   Bibliographies — Biber, BibTeX, BibTeX8, BibTeXu, pBibTeX, upBibTeX\n-   Graphics Creation — Asymptote, MetaPost\n-   Image/File Conversion — dvipdfm, dvipdfmx, dvips, dvisvgm, epstopdf, pdf2ps,\n    ps2pdf\n-   Indexing/Glossaries — bib2gls, makeglossaries, makeindex, mendex,\n    splitindex, texindy, upmendex\n-   LaTeX Engines — LaTeX, LuaLaTeX, pdfLaTeX, pLaTeX, upLaTeX, XeLaTeX\n-   Literate Programming/Reproducible Research — Agda, knitr, lhs2TeX,\n    patchSynctex, PythonTeX, Pweave, SageTeX\n\nMore information, including installation and API documentation is available at\nthe [DiCy][] website.\n\n## License\n\nThis project is licensed under the MIT License - see the LICENSE.md file for\ndetails.\n\n[appveyor svg]: https://ci.appveyor.com/api/projects/status/s3unjr8c90bhcd99?svg=true\n\n[appveyor]: https://ci.appveyor.com/project/yitzchak/dicy/branch/master\n\n[dependency svg]: https://david-dm.org/yitzchak/dicy.svg?path=packages%2Fcore\n\n[dependency]: https://david-dm.org/yitzchak/dicy?path=packages%2Fcore\n\n[devdependency svg]: https://david-dm.org/yitzchak/dicy/dev-status.svg?path=packages%2Fcore\n\n[dicy]: https://yitzchak.github.io/dicy/\n\n[devdependency]: https://david-dm.org/yitzchak/dicy?type=dev&path=packages%2Fcore\n\n[travis svg]: https://travis-ci.org/yitzchak/dicy.svg?branch=master\n\n[travis]: https://travis-ci.org/yitzchak/dicy\n","maintainers":[{"name":"yitzchak","email":"twburton@gmail.com"}],"time":{"modified":"2018-03-14T10:08:54.386Z","created":"2017-04-29T17:47:25.217Z","0.1.0":"2017-04-29T17:47:25.217Z","0.2.0":"2017-06-05T19:59:34.935Z","0.2.1":"2017-06-09T00:32:48.418Z","0.2.2":"2017-06-10T13:17:34.750Z","0.3.0":"2017-06-22T10:50:38.807Z","0.3.1":"2017-06-23T11:41:44.193Z","0.3.2":"2017-06-23T13:37:44.408Z","0.4.0":"2017-07-02T19:49:41.133Z","0.4.1":"2017-07-04T23:06:59.800Z","0.5.0":"2017-07-13T00:49:00.674Z","0.6.0":"2017-07-17T00:56:57.424Z","0.7.0":"2017-07-26T23:13:44.338Z","0.8.0":"2017-08-15T10:30:52.838Z","0.9.0":"2017-09-04T15:08:18.418Z","0.9.1":"2017-09-05T01:17:58.360Z","0.10.0":"2017-09-25T20:15:55.259Z","0.10.1":"2017-09-30T23:41:51.474Z","0.11.0":"2017-10-25T22:54:27.431Z","0.12.0-pre.0":"2017-11-19T00:18:19.156Z","0.12.0":"2017-11-26T01:53:58.079Z","0.12.1":"2017-11-29T20:23:01.939Z","0.12.2":"2017-12-02T15:08:13.080Z","0.12.3":"2017-12-10T13:13:45.988Z","0.13.0":"2018-03-14T10:08:53.628Z"},"homepage":"https://yitzchak.github.io/dicy/","keywords":["latex","knitr","sage","biblatex"],"repository":{"type":"git","url":"git+https://github.com/yitzchak/dicy.git"},"contributors":[],"author":{"name":"Tarn Burton","email":"twburton@gmail.com"},"bugs":{"url":"https://github.com/yitzchak/dicy/issues"},"license":"MIT","readmeFilename":"README.md","_attachments":{},"_etag":"W/\"3051371b388b6f7970ce3d00f2f29bdb\"","_lastModified":"Wed, 14 Mar 2018 10:08:56 GMT"}