{"_id":"put","_rev":"17-4c15a34e59e9a41bed6adb75c7814852","name":"put","description":"Pack multibyte binary values into buffers","dist-tags":{"latest":"0.0.6"},"versions":{"0.0.1":{"name":"put","version":"0.0.1","description":"Pack multibyte binary values into buffers","modules":{"index":"./lib/put.js"},"keywords":["put","pack","binary"],"license":{"type":"MIT/X11"},"repository":{"type":"git","url":"http://github.com/substack/node-put.git"},"engines":{"node":">=0.2.0"},"_id":"put@0.0.1","_nodeSupported":true,"_npmVersion":"0.2.7-2","_nodeVersion":"v0.3.1-pre","dist":{"tarball":"https://registry.npmjs.org/put/-/put-0.0.1.tgz","shasum":"e170e9bea105c4450fad8bd0cb2f63c251816dcd"},"directories":{}},"0.0.3":{"name":"put","version":"0.0.3","description":"Pack multibyte binary values into buffers","main":"./index.js","keywords":["put","pack","binary"],"repository":{"type":"git","url":"git://github.com/substack/node-put.git"},"scripts":{"test":"expresso"},"engines":{"node":">=0.2.0"},"license":{"type":"MIT/X11"},"_id":"put@0.0.3","_engineSupported":true,"_npmVersion":"0.3.7","_nodeVersion":"v0.5.0-pre","directories":{},"files":[""],"_defaultsLoaded":true,"dist":{"shasum":"92df938f0473b8b4812c23604c0a4bde7ade2a9f","tarball":"https://registry.npmjs.org/put/-/put-0.0.3.tgz"}},"0.0.4":{"name":"put","version":"0.0.4","description":"Pack multibyte binary values into buffers","main":"./index.js","keywords":["put","pack","binary"],"repository":{"type":"git","url":"git://github.com/substack/node-put.git"},"scripts":{"test":"expresso"},"engines":{"node":">=0.3.0"},"license":{"type":"MIT/X11"},"dependencies":{},"devDependencies":{},"_id":"put@0.0.4","_engineSupported":true,"_npmVersion":"1.0.1rc9","_nodeVersion":"v0.5.0-pre","_defaultsLoaded":true,"dist":{"shasum":"f6737e110cc8a61b0f075becce3287a04c932375","tarball":"https://registry.npmjs.org/put/-/put-0.0.4.tgz"},"directories":{}},"0.0.5":{"name":"put","version":"0.0.5","description":"Pack multibyte binary values into buffers","main":"./index.js","keywords":["put","pack","binary"],"repository":{"type":"git","url":"git://github.com/substack/node-put.git"},"scripts":{"test":"expresso"},"engines":{"node":">=0.3.0"},"license":{"type":"MIT/X11"},"dependencies":{},"devDependencies":{},"_id":"put@0.0.5","_engineSupported":true,"_npmVersion":"1.0.3","_nodeVersion":"v0.5.0-pre","_defaultsLoaded":true,"dist":{"shasum":"cd43d8ad6a3c7ba3df1d594686b654b05d296b1a","tarball":"https://registry.npmjs.org/put/-/put-0.0.5.tgz"},"directories":{}},"0.0.6":{"name":"put","version":"0.0.6","description":"Pack multibyte binary values into buffers","main":"./index.js","keywords":["put","pack","binary"],"repository":{"type":"git","url":"git://github.com/substack/node-put.git"},"scripts":{"test":"expresso"},"engines":{"node":">=0.3.0"},"license":{"type":"MIT/X11"},"_npmUser":{"name":"substack","email":"mail@substack.net"},"_id":"put@0.0.6","dependencies":{},"devDependencies":{},"_engineSupported":true,"_npmVersion":"1.0.101","_nodeVersion":"v0.4.12","_defaultsLoaded":true,"dist":{"shasum":"30f5f60bd6e4389bd329e16a25386cbb2e4a00a3","tarball":"https://registry.npmjs.org/put/-/put-0.0.6.tgz"},"maintainers":[{"name":"substack","email":"mail@substack.net"}],"directories":{}}},"maintainers":[{"name":"substack","email":"mail@substack.net"}],"repository":{"type":"git","url":"git://github.com/substack/node-put.git"},"time":{"modified":"2016-10-18T09:14:50.099Z","created":"2011-02-25T02:55:14.180Z","0.0.1":"2011-02-25T02:55:14.180Z","0.0.3":"2011-02-25T02:55:14.180Z","0.0.4":"2011-04-21T00:23:47.350Z","0.0.5":"2011-05-11T06:43:03.670Z","0.0.6":"2011-11-15T11:16:42.522Z"},"readme":"","readmeFilename":"","users":{"spiritonly":true},"_attachments":{},"_etag":"W/\"7a84f4b0823606c79a43e2ed5416c588\"","_lastModified":"Sun, 27 May 2018 13:13:10 GMT"}