{"_id":"shebang-command","_rev":"4-30bc3e0c289b1bf217bdbefa8609ca46","name":"shebang-command","description":"Get the command from a shebang","dist-tags":{"latest":"1.2.0"},"versions":{"1.0.0":{"name":"shebang-command","version":"1.0.0","description":"Get the command from a shebang","license":"MIT","repository":{"type":"git","url":"git+https://github.com/kevva/shebang-command.git"},"author":{"name":"Kevin Martensson","email":"kevinmartensson@gmail.com","url":"github.com/kevva"},"engines":{"node":">=0.10.0"},"scripts":{"test":"xo && ava"},"files":["index.js"],"keywords":["cmd","command","parse","shebang"],"dependencies":{"shebang-regex":"^1.0.0"},"devDependencies":{"ava":"*","xo":"*"},"xo":{"ignores":["test.js"]},"gitHead":"3e8916b560d65c8a23cb1ade598b65a8217fd59b","bugs":{"url":"https://github.com/kevva/shebang-command/issues"},"homepage":"https://github.com/kevva/shebang-command#readme","_id":"shebang-command@1.0.0","_shasum":"f5982f749b7bff0371127a947cb7d99ab64c142c","_from":".","_npmVersion":"3.5.1","_nodeVersion":"5.1.1","_npmUser":{"name":"kevva","email":"kevinmartensson@gmail.com"},"dist":{"shasum":"f5982f749b7bff0371127a947cb7d99ab64c142c","tarball":"https://registry.npmjs.org/shebang-command/-/shebang-command-1.0.0.tgz"},"maintainers":[{"name":"kevva","email":"kevinmartensson@gmail.com"}],"directories":{}},"1.1.0":{"name":"shebang-command","version":"1.1.0","description":"Get the command from a shebang","license":"MIT","repository":{"type":"git","url":"git+https://github.com/kevva/shebang-command.git"},"author":{"name":"Kevin Martensson","email":"kevinmartensson@gmail.com","url":"github.com/kevva"},"engines":{"node":">=0.10.0"},"scripts":{"test":"xo && ava"},"files":["index.js"],"keywords":["cmd","command","parse","shebang"],"dependencies":{"shebang-regex":"^1.0.0"},"devDependencies":{"ava":"*","xo":"*"},"xo":{"ignores":["test.js"]},"gitHead":"18fc73453b88e4e964bb3e1fac3ae182a592b29b","bugs":{"url":"https://github.com/kevva/shebang-command/issues"},"homepage":"https://github.com/kevva/shebang-command#readme","_id":"shebang-command@1.1.0","_shasum":"dfccfee5147efa8c280055a959b699c9face4556","_from":".","_npmVersion":"3.7.0","_nodeVersion":"5.9.0","_npmUser":{"name":"kevva","email":"kevinmartensson@gmail.com"},"dist":{"shasum":"dfccfee5147efa8c280055a959b699c9face4556","tarball":"https://registry.npmjs.org/shebang-command/-/shebang-command-1.1.0.tgz"},"maintainers":[{"name":"kevva","email":"kevinmartensson@gmail.com"}],"_npmOperationalInternal":{"host":"packages-12-west.internal.npmjs.com","tmp":"tmp/shebang-command-1.1.0.tgz_1460047240896_0.7961676171980798"},"directories":{}},"1.2.0":{"name":"shebang-command","version":"1.2.0","description":"Get the command from a shebang","license":"MIT","repository":{"type":"git","url":"git+https://github.com/kevva/shebang-command.git"},"author":{"name":"Kevin Martensson","email":"kevinmartensson@gmail.com","url":"github.com/kevva"},"engines":{"node":">=0.10.0"},"scripts":{"test":"xo && ava"},"files":["index.js"],"keywords":["cmd","command","parse","shebang"],"dependencies":{"shebang-regex":"^1.0.0"},"devDependencies":{"ava":"*","xo":"*"},"xo":{"ignores":["test.js"]},"gitHead":"01de9b7d355f21e00417650a6fb1eb56321bc23c","bugs":{"url":"https://github.com/kevva/shebang-command/issues"},"homepage":"https://github.com/kevva/shebang-command#readme","_id":"shebang-command@1.2.0","_shasum":"44aac65b695b03398968c39f363fee5deafdf1ea","_from":".","_npmVersion":"3.10.6","_nodeVersion":"6.6.0","_npmUser":{"name":"kevva","email":"kevinmartensson@gmail.com"},"dist":{"shasum":"44aac65b695b03398968c39f363fee5deafdf1ea","tarball":"https://registry.npmjs.org/shebang-command/-/shebang-command-1.2.0.tgz"},"maintainers":[{"name":"kevva","email":"kevinmartensson@gmail.com"}],"_npmOperationalInternal":{"host":"packages-16-east.internal.npmjs.com","tmp":"tmp/shebang-command-1.2.0.tgz_1474530105733_0.9689246460329741"},"directories":{}}},"readme":"# shebang-command [![Build Status](https://travis-ci.org/kevva/shebang-command.svg?branch=master)](https://travis-ci.org/kevva/shebang-command)\n\n> Get the command from a shebang\n\n\n## Install\n\n```\n$ npm install --save shebang-command\n```\n\n\n## Usage\n\n```js\nconst shebangCommand = require('shebang-command');\n\nshebangCommand('#!/usr/bin/env node');\n//=> 'node'\n\nshebangCommand('#!/bin/bash');\n//=> 'bash'\n```\n\n\n## API\n\n### shebangCommand(string)\n\n#### string\n\nType: `string`\n\nString containing a shebang.\n\n\n## License\n\nMIT © [Kevin Martensson](http://github.com/kevva)\n","maintainers":[{"name":"kevva","email":"kevinmartensson@gmail.com"}],"time":{"modified":"2017-08-31T01:16:23.235Z","created":"2015-12-04T12:34:38.703Z","1.0.0":"2015-12-04T12:34:38.703Z","1.1.0":"2016-04-07T16:40:43.453Z","1.2.0":"2016-09-22T07:41:46.448Z"},"homepage":"https://github.com/kevva/shebang-command#readme","keywords":["cmd","command","parse","shebang"],"repository":{"type":"git","url":"git+https://github.com/kevva/shebang-command.git"},"author":{"name":"Kevin Martensson","email":"kevinmartensson@gmail.com","url":"github.com/kevva"},"bugs":{"url":"https://github.com/kevva/shebang-command/issues"},"license":"MIT","readmeFilename":"readme.md","users":{"kakaman":true},"_attachments":{},"_etag":"W/\"67151ef6d2f967e7b86ad4d224c9cdb7\"","_lastModified":"Sun, 27 May 2018 17:10:05 GMT"}