{"_id":"sb-callsite","_rev":"6-e9700955d203836739f6979096c74b3f","name":"sb-callsite","description":"Optimized stack traces for Javascript","dist-tags":{"latest":"1.1.2"},"versions":{"1.0.0":{"name":"sb-callsite","version":"1.0.0","description":"Optimized stack traces for Javascript","main":"lib/main.js","jsnext:main":"src/main.js","devdependencies":{"babel-preset-steelbrain":"^1.0.0"},"scripts":{"test":"apm test","compile":"ucompiler go"},"repository":{"type":"git","url":"git+https://github.com/steelbrain/callsite.git"},"keywords":["callsite","v8","stack","trace"],"author":{"name":"steelbrain"},"license":"MIT","bugs":{"url":"https://github.com/steelbrain/callsite/issues"},"homepage":"https://github.com/steelbrain/callsite#readme","gitHead":"9679f6bd5de36e9ab59856cb1ccd070910816a64","_id":"sb-callsite@1.0.0","_shasum":"995fdf421d3667bd4ecae1bb9a5f908cfada8c90","_from":".","_npmVersion":"3.3.12","_nodeVersion":"5.1.0","_npmUser":{"name":"steelbrain","email":"fakedemail@email.com"},"dist":{"shasum":"995fdf421d3667bd4ecae1bb9a5f908cfada8c90","tarball":"https://registry.npmjs.org/sb-callsite/-/sb-callsite-1.0.0.tgz"},"maintainers":[{"name":"steelbrain","email":"fakedemail@email.com"}],"directories":{}},"1.0.1":{"name":"sb-callsite","version":"1.0.1","description":"Optimized stack traces for Javascript","main":"lib/main.js","jsnext:main":"src/main.js","devdependencies":{"babel-preset-steelbrain":"^1.0.0"},"scripts":{"test":"apm test","compile":"ucompiler go"},"repository":{"type":"git","url":"git+https://github.com/steelbrain/callsite.git"},"keywords":["callsite","v8","stack","trace"],"author":{"name":"steelbrain"},"license":"MIT","bugs":{"url":"https://github.com/steelbrain/callsite/issues"},"homepage":"https://github.com/steelbrain/callsite#readme","gitHead":"87dd0edfd3eb530b800df220c91d459473a1702f","_id":"sb-callsite@1.0.1","_shasum":"c01b85deaaacd04c79110c5dc285891abc539536","_from":".","_npmVersion":"3.3.12","_nodeVersion":"5.1.0","_npmUser":{"name":"steelbrain","email":"fakedemail@email.com"},"dist":{"shasum":"c01b85deaaacd04c79110c5dc285891abc539536","tarball":"https://registry.npmjs.org/sb-callsite/-/sb-callsite-1.0.1.tgz"},"maintainers":[{"name":"steelbrain","email":"fakedemail@email.com"}],"directories":{}},"1.1.0":{"name":"sb-callsite","version":"1.1.0","description":"Optimized stack traces for Javascript","main":"lib/main.js","jsnext:main":"src/main.js","devdependencies":{"babel-preset-steelbrain":"^1.0.0"},"scripts":{"test":"apm test","compile":"ucompiler go"},"repository":{"type":"git","url":"git+https://github.com/steelbrain/callsite.git"},"keywords":["callsite","v8","stack","trace"],"author":{"name":"steelbrain"},"license":"MIT","bugs":{"url":"https://github.com/steelbrain/callsite/issues"},"homepage":"https://github.com/steelbrain/callsite#readme","gitHead":"3623374eb17bf801bef4ea23136ee1c5c0afc7b4","_id":"sb-callsite@1.1.0","_shasum":"e85f1789e140670464272e611e4ac21655df2a29","_from":".","_npmVersion":"3.3.12","_nodeVersion":"5.2.0","_npmUser":{"name":"steelbrain","email":"de.steelbrain@gmail.com"},"dist":{"shasum":"e85f1789e140670464272e611e4ac21655df2a29","tarball":"https://registry.npmjs.org/sb-callsite/-/sb-callsite-1.1.0.tgz"},"maintainers":[{"name":"steelbrain","email":"fakedemail@email.com"}],"directories":{}},"1.1.1":{"name":"sb-callsite","version":"1.1.1","description":"Optimized stack traces for Javascript","main":"lib/main.js","jsnext:main":"src/main.js","devdependencies":{"babel-preset-steelbrain":"^1.0.0"},"scripts":{"test":"apm test","compile":"ucompiler go"},"repository":{"type":"git","url":"git+https://github.com/steelbrain/callsite.git"},"keywords":["callsite","v8","stack","trace"],"author":{"name":"steelbrain"},"license":"MIT","bugs":{"url":"https://github.com/steelbrain/callsite/issues"},"homepage":"https://github.com/steelbrain/callsite#readme","gitHead":"a34559875e606ba42ecf910888512e6005bdb6c4","_id":"sb-callsite@1.1.1","_shasum":"6ccc96e023f4d63592df5f749e0940621341f764","_from":".","_npmVersion":"3.3.12","_nodeVersion":"5.2.0","_npmUser":{"name":"steelbrain","email":"de.steelbrain@gmail.com"},"dist":{"shasum":"6ccc96e023f4d63592df5f749e0940621341f764","tarball":"https://registry.npmjs.org/sb-callsite/-/sb-callsite-1.1.1.tgz"},"maintainers":[{"name":"steelbrain","email":"fakedemail@email.com"}],"directories":{}},"1.1.2":{"name":"sb-callsite","version":"1.1.2","description":"Optimized stack traces for Javascript","main":"lib/main.js","jsnext:main":"src/main.js","devdependencies":{"babel-preset-steelbrain":"^1.0.0"},"scripts":{"test":"apm test","compile":"ucompiler go"},"repository":{"type":"git","url":"git+https://github.com/steelbrain/callsite.git"},"keywords":["callsite","v8","stack","trace"],"author":{"name":"steelbrain"},"license":"MIT","bugs":{"url":"https://github.com/steelbrain/callsite/issues"},"homepage":"https://github.com/steelbrain/callsite#readme","gitHead":"55de0d17f3a10b7eaff8d0f9a62736f570e60e79","_id":"sb-callsite@1.1.2","_shasum":"28191fb66d64e3a3ee92084a95a90fcb5102243b","_from":".","_npmVersion":"3.3.12","_nodeVersion":"5.4.0","_npmUser":{"name":"steelbrain","email":"de.steelbrain@gmail.com"},"dist":{"shasum":"28191fb66d64e3a3ee92084a95a90fcb5102243b","tarball":"https://registry.npmjs.org/sb-callsite/-/sb-callsite-1.1.2.tgz"},"maintainers":[{"name":"steelbrain","email":"fakedemail@email.com"}],"directories":{}}},"readme":"SB-CallSite\n===========\n\nSB-Callsite is a node/javascript module to manipulate stack traces. You can use it to find the filename of calee and for other purposes\n\n#### API\n\n\n```js\ntype Trace = shape(\n  line: Number,\n  col: Number,\n  function: String,\n  file: String\n)\nexport function capture(): Array<Trace>\nexport function fromStack(string): Array<Trace>\n// ^ Example Usage: callsite.fromStack(new Error().stack)\n```\n\n#### License\n\nThis project is licensed under the terms of MIT License. See the LICENSE file for more info.\n","maintainers":[{"email":"i@steelbrain.me","name":"steelbrain"}],"time":{"modified":"2017-05-22T19:41:29.532Z","created":"2015-11-22T12:43:13.212Z","1.0.0":"2015-11-22T12:43:13.212Z","1.0.1":"2015-11-22T12:50:14.881Z","1.1.0":"2015-12-11T08:01:19.193Z","1.1.1":"2016-01-09T07:26:13.294Z","1.1.2":"2016-01-12T19:26:14.958Z"},"homepage":"https://github.com/steelbrain/callsite#readme","keywords":["callsite","v8","stack","trace"],"repository":{"type":"git","url":"git+https://github.com/steelbrain/callsite.git"},"author":{"name":"steelbrain"},"bugs":{"url":"https://github.com/steelbrain/callsite/issues"},"license":"MIT","readmeFilename":"README.md","_attachments":{},"_etag":"W/\"87425fffde0388ebbc1a06257cdf4d73\"","_lastModified":"Sun, 27 May 2018 16:38:57 GMT"}