{"_id":"sprintf-js","_rev":"79-005dd117ddd5711cb69919e7b5e2001b","name":"sprintf-js","description":"JavaScript sprintf implementation","dist-tags":{"latest":"1.1.1"},"versions":{"0.0.7":{"name":"sprintf-js","version":"0.0.7","description":"JavaScript sprintf implementation","main":"src/sprintf.js","directories":{"test":"test"},"scripts":{"test":"echo \"Error: no test specified\" && exit 1"},"repository":{"type":"git","url":"https://github.com/alexei/sprintf.js.git"},"author":{"name":"Alexandru Marasteanu","email":"hello@alexei.ro","url":"http://alexei.ro/"},"license":"BSD","_id":"sprintf-js@0.0.7","dist":{"shasum":"f00d78fd160130809b4ab340c0310faa71253dbd","tarball":"https://registry.npmjs.org/sprintf-js/-/sprintf-js-0.0.7.tgz"},"_npmVersion":"1.1.65","_npmUser":{"name":"alexei","email":"hello@alexei.ro"},"maintainers":[{"name":"alexei","email":"hello@alexei.ro"}]},"1.0.1":{"name":"sprintf-js","version":"1.0.1","description":"JavaScript sprintf implementation","author":{"name":"Alexandru Marasteanu","email":"hello@alexei.ro","url":"http://alexei.ro/"},"main":"src/sprintf.js","scripts":{"test":"mocha test/test.js"},"repository":{"type":"git","url":"https://github.com/alexei/sprintf.js.git"},"license":"BSD-3-Clause","devDependencies":{"mocha":"*","grunt":"*","grunt-contrib-watch":"*","grunt-contrib-uglify":"*"},"gitHead":"6d742809698ee0caff18c71251cba3ed8b03de5d","bugs":{"url":"https://github.com/alexei/sprintf.js/issues"},"homepage":"https://github.com/alexei/sprintf.js","_id":"sprintf-js@1.0.1","_shasum":"57ed6d7fe6240c1b2e7638431b57704f86a7f0ef","_from":".","_npmVersion":"1.4.28","_npmUser":{"name":"alexei","email":"hello@alexei.ro"},"maintainers":[{"name":"alexei","email":"hello@alexei.ro"}],"dist":{"shasum":"57ed6d7fe6240c1b2e7638431b57704f86a7f0ef","tarball":"https://registry.npmjs.org/sprintf-js/-/sprintf-js-1.0.1.tgz"},"directories":{}},"1.0.2":{"name":"sprintf-js","version":"1.0.2","description":"JavaScript sprintf implementation","author":{"name":"Alexandru Marasteanu","email":"hello@alexei.ro","url":"http://alexei.ro/"},"main":"src/sprintf.js","scripts":{"test":"mocha test/test.js"},"repository":{"type":"git","url":"https://github.com/alexei/sprintf.js.git"},"license":"BSD-3-Clause","devDependencies":{"mocha":"*","grunt":"*","grunt-contrib-watch":"*","grunt-contrib-uglify":"*"},"gitHead":"e8c73065cd1a79a32c697806a4e85f1fe7917592","bugs":{"url":"https://github.com/alexei/sprintf.js/issues"},"homepage":"https://github.com/alexei/sprintf.js","_id":"sprintf-js@1.0.2","_shasum":"11e4d84ff32144e35b0bf3a66f8587f38d8f9978","_from":".","_npmVersion":"1.4.28","_npmUser":{"name":"alexei","email":"hello@alexei.ro"},"maintainers":[{"name":"alexei","email":"hello@alexei.ro"}],"dist":{"shasum":"11e4d84ff32144e35b0bf3a66f8587f38d8f9978","tarball":"https://registry.npmjs.org/sprintf-js/-/sprintf-js-1.0.2.tgz"},"directories":{}},"1.0.3":{"name":"sprintf-js","version":"1.0.3","description":"JavaScript sprintf implementation","author":{"name":"Alexandru Marasteanu","email":"hello@alexei.ro","url":"http://alexei.ro/"},"main":"src/sprintf.js","scripts":{"test":"mocha test/test.js"},"repository":{"type":"git","url":"git+https://github.com/alexei/sprintf.js.git"},"license":"BSD-3-Clause","devDependencies":{"mocha":"*","grunt":"*","grunt-contrib-watch":"*","grunt-contrib-uglify":"*"},"gitHead":"747b806c2dab5b64d5c9958c42884946a187c3b1","bugs":{"url":"https://github.com/alexei/sprintf.js/issues"},"homepage":"https://github.com/alexei/sprintf.js#readme","_id":"sprintf-js@1.0.3","_shasum":"04e6926f662895354f3dd015203633b857297e2c","_from":".","_npmVersion":"2.10.1","_nodeVersion":"0.12.4","_npmUser":{"name":"alexei","email":"hello@alexei.ro"},"dist":{"shasum":"04e6926f662895354f3dd015203633b857297e2c","tarball":"https://registry.npmjs.org/sprintf-js/-/sprintf-js-1.0.3.tgz"},"maintainers":[{"name":"alexei","email":"hello@alexei.ro"}],"directories":{}},"1.1.0":{"name":"sprintf-js","version":"1.1.0","description":"JavaScript sprintf implementation","author":{"name":"Alexandru Marasteanu","email":"hello@alexei.ro"},"main":"src/sprintf.js","scripts":{"test":"mocha test/test.js"},"repository":{"type":"git","url":"git+https://github.com/alexei/sprintf.js.git"},"license":"BSD-3-Clause","devDependencies":{"benchmark":"^2.1.4","gulp":"^3.9.0","gulp-benchmark":"^1.1.1","gulp-header":"^1.7.1","gulp-jshint":"^2.0.0","gulp-mocha":"^4.3.1","gulp-rename":"^1.2.2","gulp-sourcemaps":"^2.6.0","gulp-uglify":"^2.1.2","jshint":"^2.9.1","mocha":"^3.3.0"},"gitHead":"2e19f9a9b2c358749eb53d63be60ff7d3465711b","bugs":{"url":"https://github.com/alexei/sprintf.js/issues"},"homepage":"https://github.com/alexei/sprintf.js#readme","_id":"sprintf-js@1.1.0","_shasum":"cffcaf702daf65ea39bb4e0fa2b299cec1a1be46","_from":".","_npmVersion":"4.2.0","_nodeVersion":"7.8.0","_npmUser":{"name":"alexei","email":"hello@alexei.ro"},"dist":{"shasum":"cffcaf702daf65ea39bb4e0fa2b299cec1a1be46","tarball":"https://registry.npmjs.org/sprintf-js/-/sprintf-js-1.1.0.tgz"},"maintainers":[{"name":"alexei","email":"hello@alexei.ro"}],"_npmOperationalInternal":{"host":"packages-18-east.internal.npmjs.com","tmp":"tmp/sprintf-js-1.1.0.tgz_1494081358347_0.5414827775675803"},"directories":{}},"1.1.1":{"name":"sprintf-js","version":"1.1.1","description":"JavaScript sprintf implementation","author":{"name":"Alexandru Mărășteanu","email":"hello@alexei.ro"},"main":"src/sprintf.js","scripts":{"test":"mocha test/test.js","posttest":"npm run lint","lint":"eslint .","lint:fix":"eslint --fix ."},"repository":{"type":"git","url":"git+https://github.com/alexei/sprintf.js.git"},"license":"BSD-3-Clause","devDependencies":{"benchmark":"^2.1.4","eslint":"3.19.0","gulp":"^3.9.1","gulp-benchmark":"^1.1.1","gulp-eslint":"^3.0.1","gulp-header":"^1.8.8","gulp-mocha":"^4.3.1","gulp-rename":"^1.2.2","gulp-sourcemaps":"^2.6.0","gulp-uglify":"^3.0.0","mocha":"^3.4.2"},"gitHead":"6bfe81840e560d675a9de3d79c06354a47ac9236","bugs":{"url":"https://github.com/alexei/sprintf.js/issues"},"homepage":"https://github.com/alexei/sprintf.js#readme","_id":"sprintf-js@1.1.1","_shasum":"36be78320afe5801f6cea3ee78b6e5aab940ea0c","_from":".","_npmVersion":"4.2.0","_nodeVersion":"7.8.0","_npmUser":{"name":"alexei","email":"hello@alexei.ro"},"dist":{"shasum":"36be78320afe5801f6cea3ee78b6e5aab940ea0c","tarball":"https://registry.npmjs.org/sprintf-js/-/sprintf-js-1.1.1.tgz"},"maintainers":[{"name":"alexei","email":"hello@alexei.ro"}],"_npmOperationalInternal":{"host":"s3://npm-registry-packages","tmp":"tmp/sprintf-js-1.1.1.tgz_1496074852444_0.6851142619270831"},"directories":{}}},"readme":"# sprintf.js [![Build Status][travisci-image]][travisci-url] [![NPM Version][npm-image]][npm-url] [![Dependency Status][dependencies-image]][dependencies-url] [![devDependency Status][dev-dependencies-image]][dev-dependencies-url]\n\n[travisci-image]: https://travis-ci.org/alexei/sprintf.js.svg?branch=master\n[travisci-url]: https://travis-ci.org/alexei/sprintf.js\n\n[npm-image]: https://badge.fury.io/js/sprintf-js.svg\n[npm-url]: https://badge.fury.io/js/sprintf-js\n\n[dependencies-image]: https://david-dm.org/alexei/sprintf.js.svg\n[dependencies-url]: https://david-dm.org/alexei/sprintf.js\n\n[dev-dependencies-image]: https://david-dm.org/alexei/sprintf.js/dev-status.svg\n[dev-dependencies-url]: https://david-dm.org/alexei/sprintf.js#info=devDependencies\n\n**sprintf.js** is a complete open source JavaScript sprintf implementation for the *browser* and *node.js*.\n\nIts prototype is simple:\n\n    string sprintf(string format , [mixed arg1 [, mixed arg2 [ ,...]]])\n\nThe placeholders in the format string are marked by `%` and are followed by one or more of these elements, in this order:\n\n* An optional number followed by a `$` sign that selects which argument index to use for the value. If not specified, arguments will be placed in the same order as the placeholders in the input string.\n* An optional `+` sign that forces to preceed the result with a plus or minus sign on numeric values. By default, only the `-` sign is used on negative numbers.\n* An optional padding specifier that says what character to use for padding (if specified). Possible values are `0` or any other character precedeed by a `'` (single quote). The default is to pad with *spaces*.\n* An optional `-` sign, that causes sprintf to left-align the result of this placeholder. The default is to right-align the result.\n* An optional number, that says how many characters the result should have. If the value to be returned is shorter than this number, the result will be padded. When used with the `j` (JSON) type specifier, the padding length specifies the tab size used for indentation.\n* An optional precision modifier, consisting of a `.` (dot) followed by a number, that says how many digits should be displayed for floating point numbers. When used with the `g` type specifier, it specifies the number of significant digits. When used on a string, it causes the result to be truncated.\n* A type specifier that can be any of:\n    * `%` — yields a literal `%` character\n    * `b` — yields an integer as a binary number\n    * `c` — yields an integer as the character with that ASCII value\n    * `d` or `i` — yields an integer as a signed decimal number\n    * `e` — yields a float using scientific notation\n    * `u` — yields an integer as an unsigned decimal number\n    * `f` — yields a float as is; see notes on precision above\n    * `g` — yields a float as is; see notes on precision above\n    * `o` — yields an integer as an octal number\n    * `s` — yields a string as is\n    * `t` — yields `true` or `false`\n    * `T` — yields the type of the argument<sup><a href=\"#fn-1\" name=\"fn-ref-1\">1</a></sup>\n    * `v` — yields the primitive value of the specified argument\n    * `x` — yields an integer as a hexadecimal number (lower-case)\n    * `X` — yields an integer as a hexadecimal number (upper-case)\n    * `j` — yields a JavaScript object or array as a JSON encoded string\n\n\n## JavaScript `vsprintf`\n`vsprintf` is the same as `sprintf` except that it accepts an array of arguments, rather than a variable number of arguments:\n\n    vsprintf(\"The first 4 letters of the english alphabet are: %s, %s, %s and %s\", [\"a\", \"b\", \"c\", \"d\"])\n\n## Argument swapping\nYou can also swap the arguments. That is, the order of the placeholders doesn't have to match the order of the arguments. You can do that by simply indicating in the format string which arguments the placeholders refer to:\n\n    sprintf(\"%2$s %3$s a %1$s\", \"cracker\", \"Polly\", \"wants\")\nAnd, of course, you can repeat the placeholders without having to increase the number of arguments.\n\n## Named arguments\nFormat strings may contain replacement fields rather than positional placeholders. Instead of referring to a certain argument, you can now refer to a certain key within an object. Replacement fields are surrounded by rounded parentheses - `(` and `)` - and begin with a keyword that refers to a key:\n\n    var user = {\n        name: \"Dolly\"\n    }\n    sprintf(\"Hello %(name)s\", user) // Hello Dolly\nKeywords in replacement fields can be optionally followed by any number of keywords or indexes:\n\n    var users = [\n        {name: \"Dolly\"},\n        {name: \"Molly\"},\n        {name: \"Polly\"}\n    ]\n    sprintf(\"Hello %(users[0].name)s, %(users[1].name)s and %(users[2].name)s\", {users: users}) // Hello Dolly, Molly and Polly\nNote: mixing positional and named placeholders is not (yet) supported\n\n## Computed values\nYou can pass in a function as a dynamic value and it will be invoked (with no arguments) in order to compute the value on-the-fly.\n\n    sprintf(\"Current timestamp: %d\", Date.now) // Current timestamp: 1398005382890\n    sprintf(\"Current date and time: %s\", function() { return new Date().toString() })\n\n# AngularJS\nYou can now use `sprintf` and `vsprintf` (also aliased as `fmt` and `vfmt` respectively) in your AngularJS projects. See `demo/`.\n\n# Installation\n\n## Via Bower\n\n    bower install sprintf\n\n## Or as a node.js module\n\n    npm install sprintf-js\n\n### Usage\n\n    var sprintf = require(\"sprintf-js\").sprintf,\n        vsprintf = require(\"sprintf-js\").vsprintf\n\n    sprintf(\"%2$s %3$s a %1$s\", \"cracker\", \"Polly\", \"wants\")\n    vsprintf(\"The first 4 letters of the english alphabet are: %s, %s, %s and %s\", [\"a\", \"b\", \"c\", \"d\"])\n\n# License\n\n**sprintf.js** is licensed under the terms of the 3-clause BSD license.\n\n# Notes\n\n<small><sup><a href=\"#fn-ref-1\" name=\"fn-1\">1</a></sup> `sprintf` doesn't use the `typeof` operator. As such, the value `null` is a `null`, an array is an `array` (not an `object`), a date value is a `date` etc.</small>\n","maintainers":[{"name":"alexei","email":"hello@alexei.ro"}],"time":{"modified":"2018-03-19T09:53:31.210Z","created":"2013-04-03T13:24:36.516Z","0.0.7":"2013-04-03T13:24:39.808Z","1.0.1":"2014-10-25T09:32:31.819Z","1.0.2":"2014-10-25T09:37:23.896Z","1.0.3":"2015-07-10T13:41:29.308Z","1.1.0":"2017-05-06T14:35:59.835Z","1.1.1":"2017-05-29T16:20:53.315Z"},"author":{"name":"Alexandru Mărășteanu","email":"hello@alexei.ro"},"repository":{"type":"git","url":"git+https://github.com/alexei/sprintf.js.git"},"users":{"blalor":true,"lexa":true,"jimnox":true,"guumaster":true,"rsp":true,"tnagengast":true,"dbck":true,"battlemidget":true,"chocolateboy":true,"flozz":true,"acollins-ts":true,"mattonfoot":true,"jahnestacado":true,"m80126colin":true,"evandrix":true,"redmonkeydf":true,"brightchen":true,"rreusser":true,"kabirbaidhya":true,"sopepos":true,"monsterkodi":true,"roberkules":true,"hyokosdeveloper":true,"claudiopro":true,"limit":true,"shanewholloway":true,"axelrindle":true,"armantaherian":true,"ys_sidson_aidson":true,"nbuchanan":true,"agamlarage":true,"peter.forgacs":true,"create3000":true,"yuch4n":true,"keyn":true,"justjavac":true,"touskar":true,"soerenskoett":true,"panlw":true},"homepage":"https://github.com/alexei/sprintf.js#readme","bugs":{"url":"https://github.com/alexei/sprintf.js/issues"},"license":"BSD-3-Clause","readmeFilename":"README.md","_attachments":{},"_etag":"W/\"a27b3c59e86ac2b9c5732d172da4ad2d\"","_lastModified":"Sun, 27 May 2018 18:03:31 GMT"}