{"_id":"wrench","_rev":"103-e5ff598904b48949f84ce5db76a0c6f0","name":"wrench","description":"Recursive filesystem (and other) operations that Node *should* have.","dist-tags":{"latest":"1.5.9"},"versions":{"0.1.0":{"name":"wrench","description":"Recursive filesystem operations that Node *should* have.","version":"0.1.0","author":{"name":"Ryan McGrath","email":"ryan@venodesigns.net"},"repository":{"type":"git","url":"https://ryanmcgrath@github.com/ryanmcgrath/wrench-js.git"},"bugs":{"web":"http://github.com/ryanmcgrath/wrench-js/issues"},"os":["linux","darwin","freebsd"],"directories":{"lib":"./lib/"},"main":"./lib/wrench","engines":{"node":">=0.1.97"},"licenses":[{"type":"MIT","url":"http://github.com/ryanmcgrath/wrench-js/raw/master/LICENSE"}],"_id":"wrench@0.1.0","_nodeSupported":true,"_npmVersion":"0.2.7-2","_nodeVersion":"v0.3.1-pre","dist":{"tarball":"https://registry.npmjs.org/wrench/-/wrench-0.1.0.tgz","shasum":"d05eacde8e6b6aeab332a94cbbdcf84f0c1fabc9"},"deprecated":"wrench.js is deprecated! You should check out fs-extra (https://github.com/jprichardson/node-fs-extra) for any operations you were using wrench for. Thanks for all the usage over the years."},"1.0.0":{"name":"wrench","description":"Recursive filesystem operations that Node *should* have.","version":"1.0.0","author":{"name":"Ryan McGrath","email":"ryan@venodesigns.net"},"repository":{"type":"git","url":"https://ryanmcgrath@github.com/ryanmcgrath/wrench-js.git"},"bugs":{"web":"http://github.com/ryanmcgrath/wrench-js/issues"},"os":["linux","darwin","freebsd"],"directories":{"lib":"./lib/"},"main":"./lib/wrench","engines":{"node":">=0.1.97"},"licenses":[{"type":"MIT","url":"http://github.com/ryanmcgrath/wrench-js/raw/master/LICENSE"}],"_id":"wrench@1.0.0","_nodeSupported":true,"_npmVersion":"0.2.4-1","_nodeVersion":"v0.5.0-pre","dist":{"tarball":"https://registry.npmjs.org/wrench/-/wrench-1.0.0.tgz","shasum":"40ff78bb65af631ce5e644da05a12c961f6bb89a"},"deprecated":"wrench.js is deprecated! You should check out fs-extra (https://github.com/jprichardson/node-fs-extra) for any operations you were using wrench for. Thanks for all the usage over the years."},"1.1.0":{"name":"wrench","description":"Recursive filesystem operations that Node *should* have.","version":"1.1.0","author":{"name":"Ryan McGrath","email":"ryan@venodesigns.net"},"repository":{"type":"git","url":"https://ryanmcgrath@github.com/ryanmcgrath/wrench-js.git"},"bugs":{"web":"http://github.com/ryanmcgrath/wrench-js/issues"},"os":["linux","darwin","freebsd"],"directories":{"lib":"./lib/"},"main":"./lib/wrench","engines":{"node":">=0.1.97"},"licenses":[{"type":"MIT","url":"http://github.com/ryanmcgrath/wrench-js/raw/master/LICENSE"}],"_id":"wrench@1.1.0","_nodeSupported":true,"_npmVersion":"0.2.4-1","_nodeVersion":"v0.5.0-pre","dist":{"tarball":"https://registry.npmjs.org/wrench/-/wrench-1.1.0.tgz","shasum":"d4364a6dd495861644c9c5c78b66b44bb3959eb5"},"deprecated":"wrench.js is deprecated! You should check out fs-extra (https://github.com/jprichardson/node-fs-extra) for any operations you were using wrench for. Thanks for all the usage over the years."},"1.2.0":{"name":"wrench","description":"Recursive filesystem (and other) operations that Node *should* have.","version":"1.2.0","author":{"name":"Ryan McGrath","email":"ryan@venodesigns.net"},"repository":{"type":"git","url":"git://github.com/ryanmcgrath/wrench-js.git"},"bugs":{"url":"http://github.com/ryanmcgrath/wrench-js/issues"},"os":["linux","darwin","freebsd"],"directories":{"lib":"./lib/"},"main":"./lib/wrench","engines":{"node":">=0.1.97"},"licenses":[{"type":"MIT","url":"http://github.com/ryanmcgrath/wrench-js/raw/master/LICENSE"}],"dependencies":{},"devDependencies":{},"_id":"wrench@1.2.0","_engineSupported":true,"_npmVersion":"1.0.3","_nodeVersion":"v0.5.0-pre","_defaultsLoaded":true,"dist":{"shasum":"b8995797d53b9cf5e2b97f4ca566ec44c5295e7f","tarball":"https://registry.npmjs.org/wrench/-/wrench-1.2.0.tgz"},"scripts":{},"maintainers":[{"name":"ryanmcgrath","email":"ryan@venodesigns.net"}],"deprecated":"wrench.js is deprecated! You should check out fs-extra (https://github.com/jprichardson/node-fs-extra) for any operations you were using wrench for. Thanks for all the usage over the years."},"1.3.0":{"name":"wrench","description":"Recursive filesystem (and other) operations that Node *should* have.","version":"1.3.0","author":{"name":"Ryan McGrath","email":"ryan@venodesigns.net"},"repository":{"type":"git","url":"git://github.com/ryanmcgrath/wrench-js.git"},"bugs":{"url":"http://github.com/ryanmcgrath/wrench-js/issues"},"os":["linux","darwin","freebsd"],"directories":{"lib":"./lib/"},"main":"./lib/wrench","engines":{"node":">=0.1.97"},"licenses":[{"type":"MIT","url":"http://github.com/ryanmcgrath/wrench-js/raw/master/LICENSE"}],"dependencies":{},"devDependencies":{},"_id":"wrench@1.3.0","_engineSupported":true,"_npmVersion":"1.0.3","_nodeVersion":"v0.5.0-pre","_defaultsLoaded":true,"dist":{"shasum":"850d869724e3dab53ed561856acb867fd4d622eb","tarball":"https://registry.npmjs.org/wrench/-/wrench-1.3.0.tgz"},"scripts":{},"maintainers":[{"name":"ryanmcgrath","email":"ryan@venodesigns.net"}],"deprecated":"wrench.js is deprecated! You should check out fs-extra (https://github.com/jprichardson/node-fs-extra) for any operations you were using wrench for. Thanks for all the usage over the years."},"1.3.1":{"name":"wrench","description":"Recursive filesystem (and other) operations that Node *should* have.","version":"1.3.1","author":{"name":"Ryan McGrath","email":"ryan@venodesigns.net"},"repository":{"type":"git","url":"git://github.com/ryanmcgrath/wrench-js.git"},"bugs":{"url":"http://github.com/ryanmcgrath/wrench-js/issues"},"os":["linux","darwin","freebsd"],"directories":{"lib":"./lib/"},"main":"./lib/wrench","engines":{"node":">=0.1.97"},"licenses":[{"type":"MIT","url":"http://github.com/ryanmcgrath/wrench-js/raw/master/LICENSE"}],"dependencies":{},"devDependencies":{},"_id":"wrench@1.3.1","_engineSupported":true,"_npmVersion":"1.0.3","_nodeVersion":"v0.5.0-pre","_defaultsLoaded":true,"dist":{"shasum":"957a0b8faf9ef1a5fce9a7e5be3caa46f0f19c63","tarball":"https://registry.npmjs.org/wrench/-/wrench-1.3.1.tgz"},"scripts":{},"maintainers":[{"name":"ryanmcgrath","email":"ryan@venodesigns.net"}],"deprecated":"wrench.js is deprecated! You should check out fs-extra (https://github.com/jprichardson/node-fs-extra) for any operations you were using wrench for. Thanks for all the usage over the years."},"1.3.2":{"name":"wrench","description":"Recursive filesystem (and other) operations that Node *should* have.","version":"1.3.2","author":{"name":"Ryan McGrath","email":"ryan@venodesigns.net"},"repository":{"type":"git","url":"git://github.com/ryanmcgrath/wrench-js.git"},"bugs":{"url":"http://github.com/ryanmcgrath/wrench-js/issues"},"os":["linux","darwin","freebsd"],"directories":{"lib":"./lib/"},"main":"./lib/wrench","engines":{"node":">=0.1.97"},"licenses":[{"type":"MIT","url":"http://github.com/ryanmcgrath/wrench-js/raw/master/LICENSE"}],"_npmUser":{"name":"ryanmcgrath","email":"ryan@venodesigns.net"},"_id":"wrench@1.3.2","dependencies":{},"devDependencies":{},"_engineSupported":true,"_npmVersion":"1.0.103","_nodeVersion":"v0.5.0-pre","_defaultsLoaded":true,"dist":{"shasum":"ec2b81b06d179b09d0d25e9e796ba58661fa21e5","tarball":"https://registry.npmjs.org/wrench/-/wrench-1.3.2.tgz"},"maintainers":[{"name":"ryanmcgrath","email":"ryan@venodesigns.net"}],"deprecated":"wrench.js is deprecated! You should check out fs-extra (https://github.com/jprichardson/node-fs-extra) for any operations you were using wrench for. Thanks for all the usage over the years."},"1.3.3":{"name":"wrench","description":"Recursive filesystem (and other) operations that Node *should* have.","version":"1.3.3","author":{"name":"Ryan McGrath","email":"ryan@venodesigns.net"},"repository":{"type":"git","url":"git://github.com/ryanmcgrath/wrench-js.git"},"bugs":{"url":"http://github.com/ryanmcgrath/wrench-js/issues"},"os":["linux","darwin","freebsd"],"directories":{"lib":"./lib/"},"main":"./lib/wrench","engines":{"node":">=0.1.97"},"licenses":[{"type":"MIT","url":"http://github.com/ryanmcgrath/wrench-js/raw/master/LICENSE"}],"_npmUser":{"name":"ryanmcgrath","email":"ryan@venodesigns.net"},"_id":"wrench@1.3.3","dependencies":{},"devDependencies":{},"_engineSupported":true,"_npmVersion":"1.0.103","_nodeVersion":"v0.5.0-pre","_defaultsLoaded":true,"dist":{"shasum":"0fa73392dc302e418a1423f5dbf6ce0e387a7f25","tarball":"https://registry.npmjs.org/wrench/-/wrench-1.3.3.tgz"},"maintainers":[{"name":"ryanmcgrath","email":"ryan@venodesigns.net"}],"deprecated":"wrench.js is deprecated! You should check out fs-extra (https://github.com/jprichardson/node-fs-extra) for any operations you were using wrench for. Thanks for all the usage over the years."},"1.3.4":{"name":"wrench","description":"Recursive filesystem (and other) operations that Node *should* have.","version":"1.3.4","author":{"name":"Ryan McGrath","email":"ryan@venodesigns.net"},"repository":{"type":"git","url":"git://github.com/ryanmcgrath/wrench-js.git"},"bugs":{"url":"http://github.com/ryanmcgrath/wrench-js/issues"},"os":["linux","darwin","freebsd"],"directories":{"lib":"./lib/"},"main":"./lib/wrench","engines":{"node":">=0.1.97"},"licenses":[{"type":"MIT","url":"http://github.com/ryanmcgrath/wrench-js/raw/master/LICENSE"}],"_npmUser":{"name":"ryanmcgrath","email":"ryan@venodesigns.net"},"_id":"wrench@1.3.4","dependencies":{},"devDependencies":{},"_engineSupported":true,"_npmVersion":"1.0.103","_nodeVersion":"v0.5.0-pre","_defaultsLoaded":true,"dist":{"shasum":"c71db049a7ba0fb34753dd17b8adad00d6140407","tarball":"https://registry.npmjs.org/wrench/-/wrench-1.3.4.tgz"},"maintainers":[{"name":"ryanmcgrath","email":"ryan@venodesigns.net"}],"deprecated":"wrench.js is deprecated! You should check out fs-extra (https://github.com/jprichardson/node-fs-extra) for any operations you were using wrench for. Thanks for all the usage over the years."},"1.3.5":{"name":"wrench","description":"Recursive filesystem (and other) operations that Node *should* have.","version":"1.3.5","author":{"name":"Ryan McGrath","email":"ryan@venodesigns.net"},"repository":{"type":"git","url":"git://github.com/ryanmcgrath/wrench-js.git"},"bugs":{"url":"http://github.com/ryanmcgrath/wrench-js/issues"},"os":["linux","darwin","freebsd"],"directories":{"lib":"./lib/"},"main":"./lib/wrench","engines":{"node":">=0.1.97"},"licenses":[{"type":"MIT","url":"http://github.com/ryanmcgrath/wrench-js/raw/master/LICENSE"}],"_npmUser":{"name":"ryanmcgrath","email":"ryan@venodesigns.net"},"_id":"wrench@1.3.5","dependencies":{},"devDependencies":{},"_engineSupported":true,"_npmVersion":"1.0.103","_nodeVersion":"v0.5.0-pre","_defaultsLoaded":true,"dist":{"shasum":"9d33b4bcf28411d514c44a8e4ae1c692a7f54ed8","tarball":"https://registry.npmjs.org/wrench/-/wrench-1.3.5.tgz"},"maintainers":[{"name":"ryanmcgrath","email":"ryan@venodesigns.net"}],"deprecated":"wrench.js is deprecated! You should check out fs-extra (https://github.com/jprichardson/node-fs-extra) for any operations you were using wrench for. Thanks for all the usage over the years."},"1.3.6":{"name":"wrench","description":"Recursive filesystem (and other) operations that Node *should* have.","version":"1.3.6","author":{"name":"Ryan McGrath","email":"ryan@venodesigns.net"},"repository":{"type":"git","url":"git://github.com/ryanmcgrath/wrench-js.git"},"bugs":{"url":"http://github.com/ryanmcgrath/wrench-js/issues"},"os":["linux","darwin","freebsd"],"directories":{"lib":"./lib/"},"dependencies":{},"devDependencies":{"nodeunit":">= 0.6.4","underscore":">= 1.3.1"},"main":"./lib/wrench","engines":{"node":">=0.1.97"},"scripts":{"test":"./node_modules/nodeunit/bin/nodeunit tests/runner.js"},"licenses":[{"type":"MIT","url":"http://github.com/ryanmcgrath/wrench-js/raw/master/LICENSE"}],"_npmUser":{"name":"ryanmcgrath","email":"ryan@venodesigns.net"},"_id":"wrench@1.3.6","_engineSupported":true,"_npmVersion":"1.0.103","_nodeVersion":"v0.5.0-pre","_defaultsLoaded":true,"dist":{"shasum":"bc413a470c6e9d09f80949487ed2e6d2a62a4959","tarball":"https://registry.npmjs.org/wrench/-/wrench-1.3.6.tgz"},"maintainers":[{"name":"ryanmcgrath","email":"ryan@venodesigns.net"}],"deprecated":"wrench.js is deprecated! You should check out fs-extra (https://github.com/jprichardson/node-fs-extra) for any operations you were using wrench for. Thanks for all the usage over the years."},"1.3.7":{"name":"wrench","description":"Recursive filesystem (and other) operations that Node *should* have.","version":"1.3.7","author":{"name":"Ryan McGrath","email":"ryan@venodesigns.net"},"repository":{"type":"git","url":"git://github.com/ryanmcgrath/wrench-js.git"},"bugs":{"url":"http://github.com/ryanmcgrath/wrench-js/issues"},"os":["linux","darwin","freebsd"],"directories":{"lib":"./lib/"},"dependencies":{},"devDependencies":{"nodeunit":">= 0.6.4","underscore":">= 1.3.1"},"main":"./lib/wrench","engines":{"node":">=0.1.97"},"scripts":{"test":"./node_modules/nodeunit/bin/nodeunit tests/runner.js"},"licenses":[{"type":"MIT","url":"http://github.com/ryanmcgrath/wrench-js/raw/master/LICENSE"}],"_npmUser":{"name":"ryanmcgrath","email":"ryan@venodesigns.net"},"_id":"wrench@1.3.7","_engineSupported":true,"_npmVersion":"1.0.103","_nodeVersion":"v0.5.0-pre","_defaultsLoaded":true,"dist":{"shasum":"51a217b60cb5823de615eef5f41ea98276109634","tarball":"https://registry.npmjs.org/wrench/-/wrench-1.3.7.tgz"},"maintainers":[{"name":"ryanmcgrath","email":"ryan@venodesigns.net"}],"deprecated":"wrench.js is deprecated! You should check out fs-extra (https://github.com/jprichardson/node-fs-extra) for any operations you were using wrench for. Thanks for all the usage over the years."},"1.3.8":{"name":"wrench","description":"Recursive filesystem (and other) operations that Node *should* have.","version":"1.3.8","author":{"name":"Ryan McGrath","email":"ryan@venodesigns.net"},"repository":{"type":"git","url":"git://github.com/ryanmcgrath/wrench-js.git"},"bugs":{"url":"http://github.com/ryanmcgrath/wrench-js/issues"},"directories":{"lib":"./lib/"},"dependencies":{},"devDependencies":{"nodeunit":">= 0.6.4","underscore":">= 1.3.1"},"main":"./lib/wrench","engines":{"node":">=0.1.97"},"scripts":{"test":"./node_modules/nodeunit/bin/nodeunit tests/runner.js"},"licenses":[{"type":"MIT","url":"http://github.com/ryanmcgrath/wrench-js/raw/master/LICENSE"}],"_npmUser":{"name":"ryanmcgrath","email":"ryan@venodesigns.net"},"_id":"wrench@1.3.8","_engineSupported":true,"_npmVersion":"1.0.103","_nodeVersion":"v0.5.0-pre","_defaultsLoaded":true,"dist":{"shasum":"3d01102844d8ec0dd3dafe4a2addb01b26b969a8","tarball":"https://registry.npmjs.org/wrench/-/wrench-1.3.8.tgz"},"maintainers":[{"name":"ryanmcgrath","email":"ryan@venodesigns.net"}],"deprecated":"wrench.js is deprecated! You should check out fs-extra (https://github.com/jprichardson/node-fs-extra) for any operations you were using wrench for. Thanks for all the usage over the years."},"1.3.9":{"name":"wrench","description":"Recursive filesystem (and other) operations that Node *should* have.","version":"1.3.9","author":{"name":"Ryan McGrath","email":"ryan@venodesigns.net"},"repository":{"type":"git","url":"git://github.com/ryanmcgrath/wrench-js.git"},"bugs":{"url":"http://github.com/ryanmcgrath/wrench-js/issues"},"directories":{"lib":"./lib/"},"dependencies":{},"devDependencies":{"nodeunit":">= 0.6.4"},"main":"./lib/wrench","engines":{"node":">=0.1.97"},"scripts":{"test":"nodeunit tests/runner.js"},"licenses":[{"type":"MIT","url":"http://github.com/ryanmcgrath/wrench-js/raw/master/LICENSE"}],"_npmUser":{"name":"ryanmcgrath","email":"ryan@venodesigns.net"},"_id":"wrench@1.3.9","optionalDependencies":{},"_engineSupported":true,"_npmVersion":"1.1.12","_nodeVersion":"v0.6.14","_defaultsLoaded":true,"dist":{"shasum":"6f13ec35145317eb292ca5f6531391b244111411","tarball":"https://registry.npmjs.org/wrench/-/wrench-1.3.9.tgz"},"maintainers":[{"name":"ryanmcgrath","email":"ryan@venodesigns.net"}],"deprecated":"wrench.js is deprecated! You should check out fs-extra (https://github.com/jprichardson/node-fs-extra) for any operations you were using wrench for. Thanks for all the usage over the years."},"1.4.0":{"name":"wrench","description":"Recursive filesystem (and other) operations that Node *should* have.","version":"1.4.0","author":{"name":"Ryan McGrath","email":"ryan@venodesigns.net"},"repository":{"type":"git","url":"git://github.com/ryanmcgrath/wrench-js.git"},"bugs":{"url":"http://github.com/ryanmcgrath/wrench-js/issues"},"directories":{"lib":"./lib/"},"dependencies":{},"devDependencies":{"nodeunit":">= 0.6.4"},"main":"./lib/wrench","engines":{"node":">=0.1.97"},"scripts":{"test":"nodeunit tests/runner.js"},"licenses":[{"type":"MIT","url":"http://github.com/ryanmcgrath/wrench-js/raw/master/LICENSE"}],"_npmUser":{"name":"ryanmcgrath","email":"ryan@venodesigns.net"},"_id":"wrench@1.4.0","optionalDependencies":{},"_engineSupported":true,"_npmVersion":"1.1.24","_nodeVersion":"v0.6.19","_defaultsLoaded":true,"dist":{"shasum":"5f31149a0cc718b2821eb4b127d6d1b0efc64c26","tarball":"https://registry.npmjs.org/wrench/-/wrench-1.4.0.tgz"},"maintainers":[{"name":"ryanmcgrath","email":"ryan@venodesigns.net"}],"deprecated":"wrench.js is deprecated! You should check out fs-extra (https://github.com/jprichardson/node-fs-extra) for any operations you were using wrench for. Thanks for all the usage over the years."},"1.4.1":{"name":"wrench","description":"Recursive filesystem (and other) operations that Node *should* have.","version":"1.4.1","author":{"name":"Ryan McGrath","email":"ryan@venodesigns.net"},"repository":{"type":"git","url":"git://github.com/ryanmcgrath/wrench-js.git"},"bugs":{"url":"http://github.com/ryanmcgrath/wrench-js/issues"},"directories":{"lib":"./lib/"},"dependencies":{},"devDependencies":{"nodeunit":">= 0.6.4"},"main":"./lib/wrench","engines":{"node":">=0.1.97"},"scripts":{"test":"nodeunit tests/runner.js"},"licenses":[{"type":"MIT","url":"http://github.com/ryanmcgrath/wrench-js/raw/master/LICENSE"}],"_npmUser":{"name":"ryanmcgrath","email":"ryan@venodesigns.net"},"_id":"wrench@1.4.1","optionalDependencies":{},"_engineSupported":true,"_npmVersion":"1.1.24","_nodeVersion":"v0.6.19","_defaultsLoaded":true,"dist":{"shasum":"7335f56f95a092c8daafce0fb5c3c5ab43383eb0","tarball":"https://registry.npmjs.org/wrench/-/wrench-1.4.1.tgz"},"maintainers":[{"name":"ryanmcgrath","email":"ryan@venodesigns.net"}],"deprecated":"wrench.js is deprecated! You should check out fs-extra (https://github.com/jprichardson/node-fs-extra) for any operations you were using wrench for. Thanks for all the usage over the years."},"1.4.2":{"name":"wrench","description":"Recursive filesystem (and other) operations that Node *should* have.","version":"1.4.2","author":{"name":"Ryan McGrath","email":"ryan@venodesigns.net"},"repository":{"type":"git","url":"git://github.com/ryanmcgrath/wrench-js.git"},"bugs":{"url":"http://github.com/ryanmcgrath/wrench-js/issues"},"directories":{"lib":"./lib/"},"dependencies":{},"devDependencies":{"nodeunit":">= 0.6.4"},"main":"./lib/wrench","engines":{"node":">=0.1.97"},"scripts":{"test":"nodeunit tests/runner.js"},"licenses":[{"type":"MIT","url":"http://github.com/ryanmcgrath/wrench-js/raw/master/LICENSE"}],"_npmUser":{"name":"ryanmcgrath","email":"ryan@venodesigns.net"},"_id":"wrench@1.4.2","optionalDependencies":{},"_engineSupported":true,"_npmVersion":"1.1.24","_nodeVersion":"v0.6.19","_defaultsLoaded":true,"dist":{"shasum":"fc096a9994a5d65c04d44a747dc37e449a43544b","tarball":"https://registry.npmjs.org/wrench/-/wrench-1.4.2.tgz"},"maintainers":[{"name":"ryanmcgrath","email":"ryan@venodesigns.net"}],"deprecated":"wrench.js is deprecated! You should check out fs-extra (https://github.com/jprichardson/node-fs-extra) for any operations you were using wrench for. Thanks for all the usage over the years."},"1.4.3":{"name":"wrench","description":"Recursive filesystem (and other) operations that Node *should* have.","version":"1.4.3","author":{"name":"Ryan McGrath","email":"ryan@venodesigns.net"},"repository":{"type":"git","url":"git://github.com/ryanmcgrath/wrench-js.git"},"bugs":{"url":"http://github.com/ryanmcgrath/wrench-js/issues"},"directories":{"lib":"./lib/"},"dependencies":{},"devDependencies":{"nodeunit":">= 0.6.4"},"main":"./lib/wrench","engines":{"node":">=0.1.97"},"scripts":{"test":"nodeunit tests/runner.js"},"licenses":[{"type":"MIT","url":"http://github.com/ryanmcgrath/wrench-js/raw/master/LICENSE"}],"_npmUser":{"name":"ryanmcgrath","email":"ryan@venodesigns.net"},"_id":"wrench@1.4.3","optionalDependencies":{},"_engineSupported":true,"_npmVersion":"1.1.24","_nodeVersion":"v0.6.19","_defaultsLoaded":true,"dist":{"shasum":"57f7caa7356df16c82693a8acf497a58fbe5726d","tarball":"https://registry.npmjs.org/wrench/-/wrench-1.4.3.tgz"},"maintainers":[{"name":"ryanmcgrath","email":"ryan@venodesigns.net"}],"deprecated":"wrench.js is deprecated! You should check out fs-extra (https://github.com/jprichardson/node-fs-extra) for any operations you were using wrench for. Thanks for all the usage over the years."},"1.4.4":{"name":"wrench","description":"Recursive filesystem (and other) operations that Node *should* have.","version":"1.4.4","author":{"name":"Ryan McGrath","email":"ryan@venodesigns.net"},"repository":{"type":"git","url":"git://github.com/ryanmcgrath/wrench-js.git"},"bugs":{"url":"http://github.com/ryanmcgrath/wrench-js/issues"},"directories":{"lib":"./lib/"},"dependencies":{},"devDependencies":{"nodeunit":">= 0.6.4"},"main":"./lib/wrench","engines":{"node":">=0.1.97"},"scripts":{"test":"nodeunit tests/runner.js"},"licenses":[{"type":"MIT","url":"http://github.com/ryanmcgrath/wrench-js/raw/master/LICENSE"}],"_npmUser":{"name":"ryanmcgrath","email":"ryan@venodesigns.net"},"_id":"wrench@1.4.4","optionalDependencies":{},"_engineSupported":true,"_npmVersion":"1.1.24","_nodeVersion":"v0.6.19","_defaultsLoaded":true,"dist":{"shasum":"7f523efdb71b0100e77dce834c06523cbe3d54e0","tarball":"https://registry.npmjs.org/wrench/-/wrench-1.4.4.tgz"},"maintainers":[{"name":"ryanmcgrath","email":"ryan@venodesigns.net"}],"deprecated":"wrench.js is deprecated! You should check out fs-extra (https://github.com/jprichardson/node-fs-extra) for any operations you were using wrench for. Thanks for all the usage over the years."},"1.5.0":{"name":"wrench","description":"Recursive filesystem (and other) operations that Node *should* have.","version":"1.5.0","author":{"name":"Ryan McGrath","email":"ryan@venodesigns.net"},"repository":{"type":"git","url":"https://ryanmcgrath@github.com/ryanmcgrath/wrench-js.git"},"bugs":{"url":"http://github.com/ryanmcgrath/wrench-js/issues"},"directories":{"lib":"./lib/"},"dependencies":{},"devDependencies":{"nodeunit":">= 0.6.4"},"main":"./lib/wrench","engines":{"node":">=0.1.97"},"scripts":{"test":"nodeunit tests/runner.js"},"licenses":[{"type":"MIT","url":"http://github.com/ryanmcgrath/wrench-js/raw/master/LICENSE"}],"_id":"wrench@1.5.0","dist":{"shasum":"29c76ed428b6b920917ab2f325d27f6258761573","tarball":"https://registry.npmjs.org/wrench/-/wrench-1.5.0.tgz"},"_from":".","_npmVersion":"1.2.18","_npmUser":{"name":"ryanmcgrath","email":"ryan@venodesigns.net"},"maintainers":[{"name":"ryanmcgrath","email":"ryan@venodesigns.net"}],"deprecated":"wrench.js is deprecated! You should check out fs-extra (https://github.com/jprichardson/node-fs-extra) for any operations you were using wrench for. Thanks for all the usage over the years."},"1.5.1":{"name":"wrench","description":"Recursive filesystem (and other) operations that Node *should* have.","version":"1.5.1","author":{"name":"Ryan McGrath","email":"ryan@venodesigns.net"},"repository":{"type":"git","url":"https://ryanmcgrath@github.com/ryanmcgrath/wrench-js.git"},"bugs":{"url":"http://github.com/ryanmcgrath/wrench-js/issues"},"directories":{"lib":"./lib/"},"dependencies":{},"devDependencies":{"nodeunit":">= 0.6.4"},"main":"./lib/wrench","engines":{"node":">=0.1.97"},"scripts":{"test":"nodeunit tests/runner.js"},"licenses":[{"type":"MIT","url":"http://github.com/ryanmcgrath/wrench-js/raw/master/LICENSE"}],"_id":"wrench@1.5.1","dist":{"shasum":"3f7a519b0e409338723bb039b209a541176baa42","tarball":"https://registry.npmjs.org/wrench/-/wrench-1.5.1.tgz"},"_from":".","_npmVersion":"1.2.18","_npmUser":{"name":"ryanmcgrath","email":"ryan@venodesigns.net"},"maintainers":[{"name":"ryanmcgrath","email":"ryan@venodesigns.net"}],"deprecated":"wrench.js is deprecated! You should check out fs-extra (https://github.com/jprichardson/node-fs-extra) for any operations you were using wrench for. Thanks for all the usage over the years."},"1.5.3":{"name":"wrench","description":"Recursive filesystem (and other) operations that Node *should* have.","version":"1.5.3","author":{"name":"Ryan McGrath","email":"ryan@venodesigns.net"},"repository":{"type":"git","url":"https://ryanmcgrath@github.com/ryanmcgrath/wrench-js.git"},"bugs":{"url":"http://github.com/ryanmcgrath/wrench-js/issues"},"directories":{"lib":"./lib/"},"dependencies":{},"devDependencies":{"nodeunit":">= 0.6.4"},"main":"./lib/wrench","engines":{"node":">=0.1.97"},"scripts":{"test":"nodeunit tests/runner.js"},"licenses":[{"type":"MIT","url":"http://github.com/ryanmcgrath/wrench-js/raw/master/LICENSE"}],"_id":"wrench@1.5.3","dist":{"shasum":"cac2f01512de45298a59640909a081da85f4a807","tarball":"https://registry.npmjs.org/wrench/-/wrench-1.5.3.tgz"},"_from":".","_npmVersion":"1.2.25","_npmUser":{"name":"ryanmcgrath","email":"ryan@venodesigns.net"},"maintainers":[{"name":"ryanmcgrath","email":"ryan@venodesigns.net"}],"deprecated":"wrench.js is deprecated! You should check out fs-extra (https://github.com/jprichardson/node-fs-extra) for any operations you were using wrench for. Thanks for all the usage over the years."},"1.5.4":{"name":"wrench","description":"Recursive filesystem (and other) operations that Node *should* have.","version":"1.5.4","author":{"name":"Ryan McGrath","email":"ryan@venodesigns.net"},"repository":{"type":"git","url":"https://ryanmcgrath@github.com/ryanmcgrath/wrench-js.git"},"bugs":{"url":"http://github.com/ryanmcgrath/wrench-js/issues"},"directories":{"lib":"./lib/"},"dependencies":{},"devDependencies":{"nodeunit":">= 0.6.4"},"main":"./lib/wrench","engines":{"node":">=0.1.97"},"scripts":{"test":"nodeunit tests/runner.js"},"licenses":[{"type":"MIT","url":"http://github.com/ryanmcgrath/wrench-js/raw/master/LICENSE"}],"_id":"wrench@1.5.4","dist":{"shasum":"2e8d9d3db3568cc1c001a4c8dceca772e5d21643","tarball":"https://registry.npmjs.org/wrench/-/wrench-1.5.4.tgz"},"_from":".","_npmVersion":"1.2.25","_npmUser":{"name":"ryanmcgrath","email":"ryan@venodesigns.net"},"maintainers":[{"name":"ryanmcgrath","email":"ryan@venodesigns.net"}],"deprecated":"wrench.js is deprecated! You should check out fs-extra (https://github.com/jprichardson/node-fs-extra) for any operations you were using wrench for. Thanks for all the usage over the years."},"1.5.5":{"name":"wrench","description":"Recursive filesystem (and other) operations that Node *should* have.","version":"1.5.5","author":{"name":"Ryan McGrath","email":"ryan@venodesigns.net"},"repository":{"type":"git","url":"https://ryanmcgrath@github.com/ryanmcgrath/wrench-js.git"},"bugs":{"url":"http://github.com/ryanmcgrath/wrench-js/issues"},"directories":{"lib":"./lib/"},"dependencies":{},"devDependencies":{"nodeunit":">= 0.6.4"},"main":"./lib/wrench","engines":{"node":">=0.1.97"},"scripts":{"test":"nodeunit tests/runner.js"},"licenses":[{"type":"MIT","url":"http://github.com/ryanmcgrath/wrench-js/raw/master/LICENSE"}],"_id":"wrench@1.5.5","dist":{"shasum":"53c1084ca871b689ac1c7b5da89a9b522f979d69","tarball":"https://registry.npmjs.org/wrench/-/wrench-1.5.5.tgz"},"_from":".","_npmVersion":"1.2.25","_npmUser":{"name":"ryanmcgrath","email":"ryan@venodesigns.net"},"maintainers":[{"name":"ryanmcgrath","email":"ryan@venodesigns.net"}],"deprecated":"wrench.js is deprecated! You should check out fs-extra (https://github.com/jprichardson/node-fs-extra) for any operations you were using wrench for. Thanks for all the usage over the years."},"1.5.6":{"name":"wrench","description":"Recursive filesystem (and other) operations that Node *should* have.","version":"1.5.6","author":{"name":"Ryan McGrath","email":"ryan@venodesigns.net"},"repository":{"type":"git","url":"https://ryanmcgrath@github.com/ryanmcgrath/wrench-js.git"},"bugs":{"url":"http://github.com/ryanmcgrath/wrench-js/issues"},"directories":{"lib":"./lib/"},"dependencies":{},"devDependencies":{"nodeunit":">= 0.6.4"},"main":"./lib/wrench","engines":{"node":">=0.1.97"},"scripts":{"test":"nodeunit tests/runner.js"},"licenses":[{"type":"MIT","url":"http://github.com/ryanmcgrath/wrench-js/raw/master/LICENSE"}],"_id":"wrench@1.5.6","dist":{"shasum":"247b7dfe5d7d4374d5e449761fba634190d9b871","tarball":"https://registry.npmjs.org/wrench/-/wrench-1.5.6.tgz"},"_from":".","_npmVersion":"1.2.25","_npmUser":{"name":"ryanmcgrath","email":"ryan@venodesigns.net"},"maintainers":[{"name":"ryanmcgrath","email":"ryan@venodesigns.net"}],"deprecated":"wrench.js is deprecated! You should check out fs-extra (https://github.com/jprichardson/node-fs-extra) for any operations you were using wrench for. Thanks for all the usage over the years."},"1.5.7":{"name":"wrench","description":"Recursive filesystem (and other) operations that Node *should* have.","version":"1.5.7","author":{"name":"Ryan McGrath","email":"ryan@venodesigns.net"},"repository":{"type":"git","url":"https://ryanmcgrath@github.com/ryanmcgrath/wrench-js.git"},"bugs":{"url":"http://github.com/ryanmcgrath/wrench-js/issues"},"directories":{"lib":"./lib/"},"dependencies":{},"devDependencies":{"nodeunit":">= 0.6.4"},"main":"./lib/wrench","engines":{"node":">=0.1.97"},"scripts":{"test":"nodeunit tests/runner.js"},"licenses":[{"type":"MIT","url":"http://github.com/ryanmcgrath/wrench-js/raw/master/LICENSE"}],"homepage":"https://github.com/ryanmcgrath/wrench-js","_id":"wrench@1.5.7","dist":{"shasum":"95fcbb5a35b748ba8e29d755c9490ba69f033819","tarball":"https://registry.npmjs.org/wrench/-/wrench-1.5.7.tgz"},"_from":".","_npmVersion":"1.3.21","_npmUser":{"name":"ryanmcgrath","email":"ryan@venodesigns.net"},"maintainers":[{"name":"ryanmcgrath","email":"ryan@venodesigns.net"}],"deprecated":"wrench.js is deprecated! You should check out fs-extra (https://github.com/jprichardson/node-fs-extra) for any operations you were using wrench for. Thanks for all the usage over the years."},"1.5.8":{"name":"wrench","description":"Recursive filesystem (and other) operations that Node *should* have.","version":"1.5.8","author":{"name":"Ryan McGrath","email":"ryan@venodesigns.net"},"repository":{"type":"git","url":"https://ryanmcgrath@github.com/ryanmcgrath/wrench-js.git"},"bugs":{"url":"http://github.com/ryanmcgrath/wrench-js/issues"},"directories":{"lib":"./lib/"},"dependencies":{},"devDependencies":{"nodeunit":">= 0.6.4"},"main":"./lib/wrench","engines":{"node":">=0.1.97"},"scripts":{"test":"nodeunit tests/runner.js"},"licenses":[{"type":"MIT","url":"http://github.com/ryanmcgrath/wrench-js/raw/master/LICENSE"}],"homepage":"https://github.com/ryanmcgrath/wrench-js","_id":"wrench@1.5.8","dist":{"shasum":"7a31c97f7869246d76c5cf2f5c977a1c4c8e5ab5","tarball":"https://registry.npmjs.org/wrench/-/wrench-1.5.8.tgz"},"_from":".","_npmVersion":"1.3.21","_npmUser":{"name":"ryanmcgrath","email":"ryan@venodesigns.net"},"maintainers":[{"name":"ryanmcgrath","email":"ryan@venodesigns.net"}],"deprecated":"wrench.js is deprecated! You should check out fs-extra (https://github.com/jprichardson/node-fs-extra) for any operations you were using wrench for. Thanks for all the usage over the years."},"1.5.9":{"name":"wrench","description":"Recursive filesystem (and other) operations that Node *should* have.","version":"1.5.9","author":{"name":"Ryan McGrath","email":"ryan@venodesigns.net"},"repository":{"type":"git","url":"git+https://ryanmcgrath@github.com/ryanmcgrath/wrench-js.git"},"bugs":{"url":"http://github.com/ryanmcgrath/wrench-js/issues"},"directories":{"lib":"./lib/"},"dependencies":{},"devDependencies":{"nodeunit":">= 0.6.4"},"main":"./lib/wrench","engines":{"node":">=0.1.97"},"scripts":{"test":"nodeunit tests/runner.js"},"licenses":[{"type":"MIT","url":"http://github.com/ryanmcgrath/wrench-js/raw/master/LICENSE"}],"gitHead":"2cffe4e3f4219dc94a9e0e3d9307391c4c5e1619","homepage":"https://github.com/ryanmcgrath/wrench-js#readme","_id":"wrench@1.5.9","_shasum":"411691c63a9b2531b1700267279bdeca23b2142a","_from":".","_npmVersion":"3.6.0","_nodeVersion":"5.7.1","_npmUser":{"name":"ryanmcgrath","email":"ryan@rymc.io"},"dist":{"shasum":"411691c63a9b2531b1700267279bdeca23b2142a","tarball":"https://registry.npmjs.org/wrench/-/wrench-1.5.9.tgz"},"maintainers":[{"name":"ryanmcgrath","email":"ryan@venodesigns.net"}],"_npmOperationalInternal":{"host":"packages-12-west.internal.npmjs.com","tmp":"tmp/wrench-1.5.9.tgz_1459356180875_0.12885247892700136"},"deprecated":"wrench.js is deprecated! You should check out fs-extra (https://github.com/jprichardson/node-fs-extra) for any operations you were using wrench for. Thanks for all the usage over the years."}},"maintainers":[{"name":"ryanmcgrath","email":"ryan@venodesigns.net"}],"author":{"name":"Ryan McGrath","email":"ryan@venodesigns.net"},"repository":{"type":"git","url":"git+https://ryanmcgrath@github.com/ryanmcgrath/wrench-js.git"},"time":{"modified":"2018-01-24T01:30:27.104Z","created":"2011-04-13T04:36:13.126Z","0.1.0":"2011-04-13T04:36:13.126Z","1.0.0":"2011-04-13T04:36:13.126Z","1.1.0":"2011-04-29T02:19:09.485Z","1.2.0":"2011-09-19T04:14:32.369Z","1.3.0":"2011-10-10T16:58:37.712Z","1.3.1":"2011-10-23T07:55:11.731Z","1.3.2":"2011-11-04T02:54:00.848Z","1.3.3":"2012-01-13T14:53:37.336Z","1.3.4":"2012-01-16T21:48:16.041Z","1.3.5":"2012-01-17T09:49:12.002Z","1.3.6":"2012-02-18T09:57:32.403Z","1.3.7":"2012-02-23T10:26:21.917Z","1.3.8":"2012-03-30T22:16:08.337Z","1.3.9":"2012-05-16T15:38:17.391Z","1.4.0":"2012-11-09T10:19:57.082Z","1.4.1":"2012-11-09T15:08:05.503Z","1.4.2":"2012-11-11T01:35:59.656Z","1.4.3":"2012-11-16T09:42:05.512Z","1.4.4":"2012-12-01T06:38:59.699Z","1.5.0":"2013-05-03T21:04:57.960Z","1.5.1":"2013-05-03T21:52:50.618Z","1.5.3":"2013-10-15T22:24:50.542Z","1.5.4":"2013-10-15T22:48:29.448Z","1.5.5":"2014-01-17T07:52:21.352Z","1.5.6":"2014-01-18T03:12:17.214Z","1.5.7":"2014-02-10T06:21:05.930Z","1.5.8":"2014-03-01T22:36:17.947Z","1.5.9":"2016-03-30T16:43:01.307Z"},"users":{"fgribreau":true,"pid":true,"kastor":true,"einfallstoll":true,"darosh":true,"apache2046":true,"hakutoitoi":true,"jimnox":true,"kahboom":true,"maschs":true,"drdrej":true,"subfuzion":true,"lewisbrown":true,"gdbtek":true,"macmac":true,"eljefederodeodeljefe":true,"amio":true,"j3kz":true,"phoenix-xsy":true,"nhutle":true,"koslun":true,"bpatel":true,"jits":true,"brentlintner":true,"noswap":true,"wangnan0610":true,"arkanciscan":true,"mccoyjordan":true,"zachcb":true,"vamakoda":true,"ezeikel":true,"deparadise":true,"yoking":true,"agplan":true},"readme":"Warning: This Project Is Deprecated!\n----------------------------------------------------------------------------\n`wrench.js` is deprecated, and hasn't been updated in quite some time. **[I heavily recommend using fs-extra](https://github.com/jprichardson/node-fs-extra)** to do any extra filesystem operations.\n\nWrench was built for the _early_ days of Node, and it solved a problem that needed solving. I'm proud of what it's done; at the time of writing this, it was still downloaded over 25,000 times yesterday, and over 500,000 times in the last month. The fact that it wound up being embedded in so many projects is humbling and a great source of fun for me, but I just don't have the time to keep up with this at the moment. No alternate maintainers have appeared, and fs-extra is very well maintained anyway - one community solution is likely better.\n\nSo long, and thanks for all the fish. The original docs remain available here for anyone who may need them. If I could 301 a GitHub repository I'd do so.\n\nCheers,\n- Ryan McGrath\n\n\nwrench.js - Recursive file operations in Node.js\n----------------------------------------------------------------------------\nWhile I love Node.js, I've found myself missing some functions. Things like\nrecursively deleting/chmodding a directory (or even deep copying a directory),\nor even a basic line reader, shouldn't need to be re-invented time and time again.\n\nThat said, here's my attempt at a re-usable solution, at least until something\nmore formalized gets integrated into Node.js (*hint hint*). wrench.js is fairly simple\nto use - check out the documentation/examples below:\n\nPossibly Breaking Change in v1.5.0\n-----------------------------------------------------------------------------\nIn previous versions of Wrench, we went against the OS-default behavior of not\ndeleting a directory unless the operation is forced. In 1.5.0, this has been\nchanged to be the behavior people expect there to be - if you try to copy over\na directory that already exists, you'll get an Error returned or thrown stating\nthat you need to force it.\n\nSomething like this will do the trick:\n\n``` javascript\nwrench.copyDirSyncRecursive('directory_to_copy', 'location_where_copy_should_end_up', {\n    forceDelete: true\n});\n```\n\nIf you desire the older behavior of Wrench... hit up your package.json. If you\nhappen to find bugs in the 1.5.0 release please feel free to file them on the \nGitHub issues tracker for this project, or send me a pull request and I'll get to\nit as fast as I can. Thanks!\n\n**If this breaks enough projects I will consider rolling it back. Please hit me up if this seems to be the case.**\n\nInstallation\n-----------------------------------------------------------------------------\n\n    npm install wrench\n\nUsage\n-----------------------------------------------------------------------------\n``` javascript\nvar wrench = require('wrench'),\n\tutil = require('util');\n```\n\n### Synchronous operations\n``` javascript\n// Recursively create directories, sub-trees and all.\nwrench.mkdirSyncRecursive(dir, 0777);\n\n// Recursively delete the entire sub-tree of a directory, then kill the directory\nwrench.rmdirSyncRecursive('my_directory_name', failSilently);\n\n// Recursively read directories contents.\nwrench.readdirSyncRecursive('my_directory_name');\n\n// Recursively chmod the entire sub-tree of a directory\nwrench.chmodSyncRecursive('my_directory_name', 0755);\n\n// Recursively chown the entire sub-tree of a directory\nwrench.chownSyncRecursive(\"directory\", uid, gid);\n\n// Deep-copy an existing directory\nwrench.copyDirSyncRecursive('directory_to_copy', 'location_where_copy_should_end_up', {\n    forceDelete: bool, // Whether to overwrite existing directory or not\n    excludeHiddenUnix: bool, // Whether to copy hidden Unix files or not (preceding .)\n    preserveFiles: bool, // If we're overwriting something and the file already exists, keep the existing\n    preserveTimestamps: bool, // Preserve the mtime and atime when copying files\n    inflateSymlinks: bool, // Whether to follow symlinks or not when copying files\n    filter: regexpOrFunction, // A filter to match files against; if matches, do nothing (exclude).\n    whitelist: bool, // if true every file or directory which doesn't match filter will be ignored\n    include: regexpOrFunction, // An include filter (either a regexp or a function)\n    exclude: regexpOrFunction // An exclude filter (either a regexp or a function)\n});\n\n// Note: If a RegExp is provided then then it will be matched against the filename. If a function is\n//       provided then the signature should be the following:\n//       function(filename, dir) { return result; }\n\n// Read lines in from a file until you hit the end\nvar f = new wrench.LineReader('x.txt');\nwhile(f.hasNextLine()) {\n\tutil.puts(f.getNextLine());\n}\n\n// Note: You will need to close that above line reader at some point, otherwise\n// you will run into a \"too many open files\" error. f.close() or fs.closeSync(f.fd) are\n// your friends, as only you know when it is safe to close.\n```\n\n### Asynchronous operations\n``` javascript\n// Recursively read directories contents\nvar files = [];\nwrench.readdirRecursive('my_directory_name', function(error, curFiles) {\n    // curFiles is what you want\n});\n\n// If you're feeling somewhat masochistic\nwrench.copyDirRecursive(srcDir, newDir, {forceDelete: bool /* See sync version */}, callbackfn);\n```\n\nQuestions, comments? Hit me up. (ryan [at] venodesigns.net | http://twitter.com/ryanmcgrath)\n","readmeFilename":"readme.md","homepage":"https://github.com/ryanmcgrath/wrench-js#readme","bugs":{"url":"http://github.com/ryanmcgrath/wrench-js/issues"},"_attachments":{},"_etag":"W/\"eb75cc4ddd4608d9d81a97c8ae5543cc\"","_lastModified":"Sun, 27 May 2018 22:18:44 GMT"}