{"_id":"safe-regex","_rev":"34-422e495ab5f521fd70b5d01757ac9ad7","name":"safe-regex","description":"detect possibly catastrophic, exponential-time regular expressions","dist-tags":{"latest":"1.1.0"},"versions":{"0.0.0":{"name":"safe-regex","version":"0.0.0","description":"detect possibly catastrophic, exponential-time regular expressions","main":"index.js","dependencies":{"ret":"~0.1.6"},"devDependencies":{"tape":"~1.0.4"},"scripts":{"test":"tape test/*.js"},"testling":{"files":"test/*.js","browsers":["ie/8","ie/9","ie/10","firefox/latest","chrome/latest","opera/latest","safari/latest"]},"repository":{"type":"git","url":"git://github.com/substack/safe-regex.git"},"homepage":"https://github.com/substack/safe-regex","keywords":["catastrophic","exponential","regex","safe","sandbox"],"author":{"name":"James Halliday","email":"mail@substack.net","url":"http://substack.net"},"license":"MIT","bugs":{"url":"https://github.com/substack/safe-regex/issues"},"_id":"safe-regex@0.0.0","dist":{"shasum":"9a9ae1f35a6ea8047b6ea6ecf9c05143e1efc3ab","tarball":"https://registry.npmjs.org/safe-regex/-/safe-regex-0.0.0.tgz"},"_from":".","_npmVersion":"1.3.0","_npmUser":{"name":"substack","email":"mail@substack.net"},"maintainers":[{"name":"substack","email":"mail@substack.net"}],"directories":{}},"0.0.1":{"name":"safe-regex","version":"0.0.1","description":"detect possibly catastrophic, exponential-time regular expressions","main":"index.js","dependencies":{"ret":"~0.1.6"},"devDependencies":{"tape":"~1.0.4"},"scripts":{"test":"tape test/*.js"},"testling":{"files":"test/*.js","browsers":["ie/8","ie/9","ie/10","firefox/latest","chrome/latest","opera/latest","safari/latest"]},"repository":{"type":"git","url":"git://github.com/substack/safe-regex.git"},"homepage":"https://github.com/substack/safe-regex","keywords":["catastrophic","exponential","regex","safe","sandbox"],"author":{"name":"James Halliday","email":"mail@substack.net","url":"http://substack.net"},"license":"MIT","bugs":{"url":"https://github.com/substack/safe-regex/issues"},"_id":"safe-regex@0.0.1","dist":{"shasum":"350ae32b49b7dc75d1cac3a18cb8b375a94ef15c","tarball":"https://registry.npmjs.org/safe-regex/-/safe-regex-0.0.1.tgz"},"_from":".","_npmVersion":"1.3.14","_npmUser":{"name":"substack","email":"mail@substack.net"},"maintainers":[{"name":"substack","email":"mail@substack.net"}],"directories":{}},"1.0.0":{"name":"safe-regex","version":"1.0.0","description":"detect possibly catastrophic, exponential-time regular expressions","main":"index.js","dependencies":{"ret":"~0.1.10"},"devDependencies":{"tape":"^3.5.0"},"scripts":{"test":"tape test/*.js"},"testling":{"files":"test/*.js","browsers":["ie/8","ie/9","ie/10","firefox/latest","chrome/latest","opera/latest","safari/latest"]},"repository":{"type":"git","url":"git://github.com/substack/safe-regex.git"},"homepage":"https://github.com/substack/safe-regex","keywords":["catastrophic","exponential","regex","safe","sandbox"],"author":{"name":"James Halliday","email":"mail@substack.net","url":"http://substack.net"},"license":"MIT","gitHead":"4ffa3f1b0ffe993ecaee97a622fb17469db2c2c6","bugs":{"url":"https://github.com/substack/safe-regex/issues"},"_id":"safe-regex@1.0.0","_shasum":"2a88b57eb36396bb4c69218a3acd3334c5570123","_from":".","_npmVersion":"2.3.0","_nodeVersion":"0.10.35","_npmUser":{"name":"substack","email":"mail@substack.net"},"maintainers":[{"name":"substack","email":"mail@substack.net"}],"dist":{"shasum":"2a88b57eb36396bb4c69218a3acd3334c5570123","tarball":"https://registry.npmjs.org/safe-regex/-/safe-regex-1.0.0.tgz"},"directories":{}},"1.1.0":{"name":"safe-regex","version":"1.1.0","description":"detect possibly catastrophic, exponential-time regular expressions","main":"index.js","dependencies":{"ret":"~0.1.10"},"devDependencies":{"tape":"^3.5.0"},"scripts":{"test":"tape test/*.js"},"testling":{"files":"test/*.js","browsers":["ie/8","ie/9","ie/10","firefox/latest","chrome/latest","opera/latest","safari/latest"]},"repository":{"type":"git","url":"git://github.com/substack/safe-regex.git"},"homepage":"https://github.com/substack/safe-regex","keywords":["catastrophic","exponential","regex","safe","sandbox"],"author":{"name":"James Halliday","email":"mail@substack.net","url":"http://substack.net"},"license":"MIT","gitHead":"d2570f31bd9d779515015917bb8297c753e46572","bugs":{"url":"https://github.com/substack/safe-regex/issues"},"_id":"safe-regex@1.1.0","_shasum":"40a3669f3b077d1e943d44629e157dd48023bf2e","_from":".","_npmVersion":"2.3.0","_nodeVersion":"0.12.0","_npmUser":{"name":"substack","email":"mail@substack.net"},"maintainers":[{"name":"substack","email":"mail@substack.net"}],"dist":{"shasum":"40a3669f3b077d1e943d44629e157dd48023bf2e","tarball":"https://registry.npmjs.org/safe-regex/-/safe-regex-1.1.0.tgz"},"directories":{}}},"readme":"# safe-regex\n\ndetect potentially\n[catastrophic](http://regular-expressions.mobi/catastrophic.html)\n[exponential-time](http://perlgeek.de/blog-en/perl-tips/in-search-of-an-exponetial-regexp.html)\nregular expressions by limiting the\n[star height](https://en.wikipedia.org/wiki/Star_height) to 1\n\nWARNING: This module merely *seems* to work given all the catastrophic regular\nexpressions I could find scouring the internet, but I don't have enough of a\nbackground in automata to be absolutely sure that this module will catch all\nexponential-time cases.\n\n[![browser support](https://ci.testling.com/substack/safe-regex.png)](https://ci.testling.com/substack/safe-regex)\n\n[![build status](https://secure.travis-ci.org/substack/safe-regex.png)](http://travis-ci.org/substack/safe-regex)\n\n# example\n\n``` js\nvar safe = require('safe-regex');\nvar regex = process.argv.slice(2).join(' ');\nconsole.log(safe(regex));\n```\n\n```\n$ node safe.js '(x+x+)+y'\nfalse\n$ node safe.js '(beep|boop)*'\ntrue\n$ node safe.js '(a+){10}'\nfalse\n$ node safe.js '\\blocation\\s*:[^:\\n]+\\b(Oakland|San Francisco)\\b'\ntrue\n```\n\n# methods\n\n``` js\nvar safe = require('safe-regex')\n```\n\n## var ok = safe(re, opts={})\n\nReturn a boolean `ok` whether or not the regex `re` is safe and not possibly\ncatastrophic.\n\n`re` can be a `RegExp` object or just a string.\n\nIf the `re` is a string and is an invalid regex, returns `false`.\n\n* `opts.limit` - maximum number of allowed repetitions in the entire regex.\nDefault: `25`.\n\n# install\n\nWith [npm](https://npmjs.org) do:\n\n```\nnpm install safe-regex\n```\n\n# license\n\nMIT\n","maintainers":[{"email":"davisjam@vt.edu","name":"davisjam"}],"time":{"modified":"2018-05-10T20:27:43.441Z","created":"2013-07-13T02:56:00.967Z","0.0.0":"2013-07-13T02:56:02.406Z","0.0.1":"2013-11-22T08:44:01.232Z","1.0.0":"2015-02-06T16:36:31.893Z","1.1.0":"2015-03-19T00:30:21.780Z"},"author":{"name":"James Halliday","email":"mail@substack.net","url":"http://substack.net"},"repository":{"type":"git","url":"git://github.com/substack/safe-regex.git"},"users":{"julien-f":true,"cilindrox":true,"openam":true,"davidcai":true,"stretchgz":true,"csbun":true,"kobleistvan":true,"disqus":true,"scottfreecode":true,"lonjoy":true,"anchnk":true,"hibrahimsafak":true,"kikar":true,"joseph320":true,"raydog":true,"vishwasc":true,"dpjayasekara":true,"ngpvnk":true,"tkalfigo":true,"donecharlton":true},"homepage":"https://github.com/substack/safe-regex","keywords":["catastrophic","exponential","regex","safe","sandbox"],"bugs":{"url":"https://github.com/substack/safe-regex/issues"},"license":"MIT","readmeFilename":"readme.markdown","_attachments":{},"_etag":"W/\"735c85e32b02bf0145f1a8baffe2432d\"","_lastModified":"Sun, 27 May 2018 16:29:31 GMT"}