{"_id":"strip-eof","_rev":"3-eebcde49b1e2b77be92762152dfeb90a","name":"strip-eof","description":"Strip the End-Of-File (EOF) character from a string/buffer","dist-tags":{"latest":"1.0.0"},"versions":{"1.0.0":{"name":"strip-eof","version":"1.0.0","description":"Strip the End-Of-File (EOF) character from a string/buffer","license":"MIT","repository":{"type":"git","url":"https://github.com/sindresorhus/strip-eof"},"author":{"name":"Sindre Sorhus","email":"sindresorhus@gmail.com","url":"sindresorhus.com"},"engines":{"node":">=0.10.0"},"scripts":{"test":"xo && ava"},"files":["index.js"],"keywords":["strip","trim","remove","delete","eof","end","file","newline","linebreak","character","string","buffer"],"devDependencies":{"ava":"*","xo":"*"},"gitHead":"365dfe6c19b4e607a0cc2cf7dad0b0620f238333","bugs":{"url":"https://github.com/sindresorhus/strip-eof/issues"},"homepage":"https://github.com/sindresorhus/strip-eof","_id":"strip-eof@1.0.0","_shasum":"bb43ff5598a6eb05d89b59fcd129c983313606bf","_from":".","_npmVersion":"2.14.7","_nodeVersion":"4.2.1","_npmUser":{"name":"sindresorhus","email":"sindresorhus@gmail.com"},"dist":{"shasum":"bb43ff5598a6eb05d89b59fcd129c983313606bf","tarball":"https://registry.npmjs.org/strip-eof/-/strip-eof-1.0.0.tgz"},"maintainers":[{"name":"sindresorhus","email":"sindresorhus@gmail.com"}],"directories":{}}},"readme":"# strip-eof [![Build Status](https://travis-ci.org/sindresorhus/strip-eof.svg?branch=master)](https://travis-ci.org/sindresorhus/strip-eof)\n\n> Strip the [End-Of-File](https://en.wikipedia.org/wiki/End-of-file) (EOF) character from a string/buffer\n\n\n## Install\n\n```\n$ npm install --save strip-eof\n```\n\n\n## Usage\n\n```js\nconst stripEof = require('strip-eof');\n\nstripEof('foo\\nbar\\n\\n');\n//=> 'foo\\nbar\\n'\n\nstripEof(new Buffer('foo\\nbar\\n\\n')).toString();\n//=> 'foo\\nbar\\n'\n```\n\n\n## License\n\nMIT © [Sindre Sorhus](http://sindresorhus.com)\n","maintainers":[{"name":"sindresorhus","email":"sindresorhus@gmail.com"}],"time":{"modified":"2017-07-04T16:24:49.839Z","created":"2015-12-05T11:49:53.556Z","1.0.0":"2015-12-05T11:49:53.556Z"},"homepage":"https://github.com/sindresorhus/strip-eof","keywords":["strip","trim","remove","delete","eof","end","file","newline","linebreak","character","string","buffer"],"repository":{"type":"git","url":"https://github.com/sindresorhus/strip-eof"},"author":{"name":"Sindre Sorhus","email":"sindresorhus@gmail.com","url":"sindresorhus.com"},"bugs":{"url":"https://github.com/sindresorhus/strip-eof/issues"},"license":"MIT","readmeFilename":"readme.md","_attachments":{},"_etag":"W/\"db07bbac7e3541e08f5724637b2b0bef\"","_lastModified":"Sun, 27 May 2018 18:26:03 GMT"}