{"_id":"object.pick","_rev":"16-2e4fd7c25dd8c656915c94ad111fa920","name":"object.pick","description":"Returns a filtered copy of an object with only the specified keys, similar to `_.pick` from lodash / underscore.","dist-tags":{"latest":"1.3.0"},"versions":{"0.1.1":{"name":"object.pick","description":"Returns a filtered copy of an object with only the specified keys, exactly like `pick` from lo-dash / underscore.","version":"0.1.1","homepage":"https://github.com/jonschlinkert/object.pick","author":{"name":"Jon Schlinkert","url":"https://github.com/jonschlinkert"},"repository":{"type":"git","url":"git://github.com/jonschlinkert/object.pick.git"},"bugs":{"url":"https://github.com/jonschlinkert/object.pick/issues"},"licenses":[{"type":"MIT","url":"https://github.com/jonschlinkert/object.pick/blob/master/LICENSE-MIT"}],"main":"index.js","engines":{"node":">=0.10.0"},"scripts":{"test":"mocha -R spec"},"devDependencies":{"mocha":"*","should":"^4.0.4","verb":">= 0.2.6"},"keywords":["check","is","is-object","isobject","javascript","key","keys","object","pick","plain","prop","properties","property","props","type","type-of","typeof","util","utilities","utility","utils","value"],"_id":"object.pick@0.1.1","_shasum":"aff20a2eaac790890126cf1d2d45e8891eebccb4","_from":".","_npmVersion":"1.4.9","_npmUser":{"name":"jonschlinkert","email":"github@sellside.com"},"maintainers":[{"name":"jonschlinkert","email":"github@sellside.com"}],"dist":{"shasum":"aff20a2eaac790890126cf1d2d45e8891eebccb4","tarball":"https://registry.npmjs.org/object.pick/-/object.pick-0.1.1.tgz"},"directories":{}},"1.0.0":{"name":"object.pick","description":"Returns a filtered copy of an object with only the specified keys, like `pick` from lo-dash / underscore.","version":"1.0.0","homepage":"https://github.com/jonschlinkert/object.pick","author":{"name":"Jon Schlinkert","url":"https://github.com/jonschlinkert"},"repository":{"type":"git","url":"git://github.com/jonschlinkert/object.pick.git"},"bugs":{"url":"https://github.com/jonschlinkert/object.pick/issues"},"license":{"type":"MIT","url":"https://github.com/jonschlinkert/object.pick/blob/master/LICENSE-MIT"},"main":"index.js","engines":{"node":">=0.10.0"},"scripts":{"test":"mocha -R spec"},"devDependencies":{"mocha":"*","should":"^4.0.4"},"keywords":["object","pick"],"gitHead":"9260c87ecb178ffa029ca29857eb8fdc2953b0e6","_id":"object.pick@1.0.0","_shasum":"787a26e906343210bcd30d5682ffcc7e4200f43f","_from":".","_npmVersion":"1.4.23","_npmUser":{"name":"jonschlinkert","email":"github@sellside.com"},"maintainers":[{"name":"jonschlinkert","email":"github@sellside.com"}],"dist":{"shasum":"787a26e906343210bcd30d5682ffcc7e4200f43f","tarball":"https://registry.npmjs.org/object.pick/-/object.pick-1.0.0.tgz"},"directories":{}},"1.0.1":{"name":"object.pick","description":"Returns a filtered copy of an object with only the specified keys, like `pick` from lo-dash / underscore.","version":"1.0.1","homepage":"https://github.com/jonschlinkert/object.pick","author":{"name":"Jon Schlinkert","url":"https://github.com/jonschlinkert"},"repository":{"type":"git","url":"git://github.com/jonschlinkert/object.pick.git"},"bugs":{"url":"https://github.com/jonschlinkert/object.pick/issues"},"license":{"type":"MIT","url":"https://github.com/jonschlinkert/object.pick/blob/master/LICENSE-MIT"},"main":"index.js","engines":{"node":">=0.10.0"},"scripts":{"test":"mocha -R spec"},"devDependencies":{"mocha":"*","should":"^4.0.4"},"keywords":["object","pick"],"gitHead":"06e63ba38b592176795ee432d24203f0f81ccd52","_id":"object.pick@1.0.1","_shasum":"6459751a70786162cbc29c43b21a9112b878ec03","_from":".","_npmVersion":"1.4.23","_npmUser":{"name":"jonschlinkert","email":"github@sellside.com"},"maintainers":[{"name":"jonschlinkert","email":"github@sellside.com"}],"dist":{"shasum":"6459751a70786162cbc29c43b21a9112b878ec03","tarball":"https://registry.npmjs.org/object.pick/-/object.pick-1.0.1.tgz"},"directories":{}},"1.1.0":{"name":"object.pick","description":"Returns a filtered copy of an object with only the specified keys, like `pick` from lo-dash / underscore.","version":"1.1.0","homepage":"https://github.com/jonschlinkert/object.pick","author":{"name":"Jon Schlinkert","url":"https://github.com/jonschlinkert"},"repository":{"type":"git","url":"git://github.com/jonschlinkert/object.pick.git"},"bugs":{"url":"https://github.com/jonschlinkert/object.pick/issues"},"license":{"type":"MIT","url":"https://github.com/jonschlinkert/object.pick/blob/master/LICENSE-MIT"},"main":"index.js","engines":{"node":">=0.10.0"},"scripts":{"test":"mocha -R spec"},"devDependencies":{"mocha":"*","should":"^4.0.4"},"keywords":["object","pick"],"gitHead":"c8d951b04c40749462cf8c654004ef3944667df1","_id":"object.pick@1.1.0","_shasum":"306406de02ac3fe77eea3c5ed8b708df45f4109f","_from":".","_npmVersion":"1.4.23","_npmUser":{"name":"jonschlinkert","email":"github@sellside.com"},"maintainers":[{"name":"jonschlinkert","email":"github@sellside.com"}],"dist":{"shasum":"306406de02ac3fe77eea3c5ed8b708df45f4109f","tarball":"https://registry.npmjs.org/object.pick/-/object.pick-1.1.0.tgz"},"directories":{}},"1.1.1":{"name":"object.pick","description":"Returns a filtered copy of an object with only the specified keys, like `pick` from lo-dash / underscore.","version":"1.1.1","homepage":"https://github.com/jonschlinkert/object.pick","author":{"name":"Jon Schlinkert","url":"https://github.com/jonschlinkert"},"repository":{"type":"git","url":"git://github.com/jonschlinkert/object.pick.git"},"bugs":{"url":"https://github.com/jonschlinkert/object.pick/issues"},"license":{"type":"MIT","url":"https://github.com/jonschlinkert/object.pick/blob/master/LICENSE"},"files":["index.js"],"main":"index.js","engines":{"node":">=0.10.0"},"scripts":{"test":"mocha"},"devDependencies":{"mocha":"*","should":"^4.0.4"},"keywords":["object","pick"],"gitHead":"c8d951b04c40749462cf8c654004ef3944667df1","_id":"object.pick@1.1.1","_shasum":"d578036575c77945fda736c88b9ea432eaf21e7a","_from":".","_npmVersion":"1.4.28","_npmUser":{"name":"jonschlinkert","email":"github@sellside.com"},"maintainers":[{"name":"jonschlinkert","email":"github@sellside.com"}],"dist":{"shasum":"d578036575c77945fda736c88b9ea432eaf21e7a","tarball":"https://registry.npmjs.org/object.pick/-/object.pick-1.1.1.tgz"},"directories":{}},"1.1.2":{"name":"object.pick","description":"Returns a filtered copy of an object with only the specified keys, similar to `_.pick` from lodash / underscore.","version":"1.1.2","homepage":"https://github.com/jonschlinkert/object.pick","author":{"name":"Jon Schlinkert","url":"https://github.com/jonschlinkert"},"repository":{"type":"git","url":"git+https://github.com/jonschlinkert/object.pick.git"},"bugs":{"url":"https://github.com/jonschlinkert/object.pick/issues"},"license":"MIT","files":["index.js"],"main":"index.js","engines":{"node":">=0.10.0"},"scripts":{"test":"mocha"},"dependencies":{"isobject":"^2.0.0"},"devDependencies":{"gulp-format-md":"^0.1.7","mocha":"^2.4.5","vinyl":"^1.1.1"},"keywords":["object","pick"],"verb":{"run":true,"toc":false,"layout":"default","tasks":["readme"],"plugins":["gulp-format-md"],"related":{"list":["get-value","set-value","mixin-deep","extend-shallow"],"highlight":"object.omit"},"reflinks":["verb"],"lint":{"reflinks":true}},"gitHead":"e32be6263a9e6ffd9bc5364b9b423e75b8d7c8e0","_id":"object.pick@1.1.2","_shasum":"c24da6ce45f10c5aabe71797d16a839cd5969b1e","_from":".","_npmVersion":"3.6.0","_nodeVersion":"5.5.0","_npmUser":{"name":"jonschlinkert","email":"github@sellside.com"},"maintainers":[{"name":"jonschlinkert","email":"github@sellside.com"}],"dist":{"shasum":"c24da6ce45f10c5aabe71797d16a839cd5969b1e","tarball":"https://registry.npmjs.org/object.pick/-/object.pick-1.1.2.tgz"},"_npmOperationalInternal":{"host":"packages-13-west.internal.npmjs.com","tmp":"tmp/object.pick-1.1.2.tgz_1458549449575_0.7406595365609974"},"directories":{}},"1.2.0":{"name":"object.pick","description":"Returns a filtered copy of an object with only the specified keys, similar to `_.pick` from lodash / underscore.","version":"1.2.0","homepage":"https://github.com/jonschlinkert/object.pick","author":{"name":"Jon Schlinkert","url":"https://github.com/jonschlinkert"},"repository":{"type":"git","url":"git+https://github.com/jonschlinkert/object.pick.git"},"bugs":{"url":"https://github.com/jonschlinkert/object.pick/issues"},"license":"MIT","files":["index.js"],"main":"index.js","engines":{"node":">=0.10.0"},"scripts":{"test":"mocha"},"dependencies":{"isobject":"^2.1.0"},"devDependencies":{"gulp-format-md":"^0.1.11","mocha":"^3.1.2","vinyl":"^2.0.0"},"keywords":["object","pick"],"verb":{"run":true,"toc":false,"layout":"default","tasks":["readme"],"plugins":["gulp-format-md"],"related":{"list":["extend-shallow","get-value","mixin-deep","set-value"],"highlight":"object.omit"},"reflinks":["verb"],"lint":{"reflinks":true}},"gitHead":"c9e87ae572c41bf8fb3fb44a940586b38997f629","_id":"object.pick@1.2.0","_shasum":"b5392bee9782da6d9fb7d6afaf539779f1234c2b","_from":".","_npmVersion":"3.10.3","_nodeVersion":"6.7.0","_npmUser":{"name":"jonschlinkert","email":"github@sellside.com"},"maintainers":[{"name":"jonschlinkert","email":"github@sellside.com"}],"dist":{"shasum":"b5392bee9782da6d9fb7d6afaf539779f1234c2b","tarball":"https://registry.npmjs.org/object.pick/-/object.pick-1.2.0.tgz"},"_npmOperationalInternal":{"host":"packages-18-east.internal.npmjs.com","tmp":"tmp/object.pick-1.2.0.tgz_1477549306086_0.7492839891929179"},"directories":{}},"1.3.0":{"name":"object.pick","description":"Returns a filtered copy of an object with only the specified keys, similar to `_.pick` from lodash / underscore.","version":"1.3.0","homepage":"https://github.com/jonschlinkert/object.pick","author":{"name":"Jon Schlinkert","url":"https://github.com/jonschlinkert"},"repository":{"type":"git","url":"git+https://github.com/jonschlinkert/object.pick.git"},"bugs":{"url":"https://github.com/jonschlinkert/object.pick/issues"},"license":"MIT","files":["index.js"],"main":"index.js","engines":{"node":">=0.10.0"},"scripts":{"test":"mocha"},"dependencies":{"isobject":"^3.0.1"},"devDependencies":{"gulp-format-md":"^1.0.0","mocha":"^3.1.2","vinyl":"^2.0.0"},"keywords":["object","pick"],"verb":{"run":true,"toc":false,"layout":"default","tasks":["readme"],"plugins":["gulp-format-md"],"related":{"list":["extend-shallow","get-value","mixin-deep","set-value"],"highlight":"object.omit"},"reflinks":["verb"],"lint":{"reflinks":true}},"gitHead":"f9d89d96a8d5ec671dc39e2c2319d8aaa04dd2cc","_id":"object.pick@1.3.0","_shasum":"87a10ac4c1694bd2e1cbf53591a66141fb5dd747","_from":".","_npmVersion":"2.15.1","_nodeVersion":"0.10.48","_npmUser":{"name":"phated","email":"blaine.bublitz@gmail.com"},"maintainers":[{"email":"blaine.bublitz@gmail.com","name":"phated"},{"email":"github@sellside.com","name":"jonschlinkert"}],"dist":{"shasum":"87a10ac4c1694bd2e1cbf53591a66141fb5dd747","tarball":"https://registry.npmjs.org/object.pick/-/object.pick-1.3.0.tgz"},"_npmOperationalInternal":{"host":"s3://npm-registry-packages","tmp":"tmp/object.pick-1.3.0.tgz_1503110073929_0.8448499809019268"},"directories":{}}},"readme":"# object.pick [![NPM version](https://img.shields.io/npm/v/object.pick.svg?style=flat)](https://www.npmjs.com/package/object.pick) [![NPM monthly downloads](https://img.shields.io/npm/dm/object.pick.svg?style=flat)](https://npmjs.org/package/object.pick)  [![NPM total downloads](https://img.shields.io/npm/dt/object.pick.svg?style=flat)](https://npmjs.org/package/object.pick) [![Linux Build Status](https://img.shields.io/travis/jonschlinkert/object.pick.svg?style=flat&label=Travis)](https://travis-ci.org/jonschlinkert/object.pick)\n\n> Returns a filtered copy of an object with only the specified keys, similar to `_.pick` from lodash / underscore.\n\nYou might also be interested in [object.omit](https://github.com/jonschlinkert/object.omit).\n\n## Install\n\nInstall with [npm](https://www.npmjs.com/):\n\n```sh\n$ npm install --save object.pick\n```\n\n## benchmarks\n\nThis is the [fastest implementation](http://jsperf.com/pick-props) I tested. Pull requests welcome!\n\n## Usage\n\n```js\nvar pick = require('object.pick');\n\npick({a: 'a', b: 'b'}, 'a')\n//=> {a: 'a'}\n\npick({a: 'a', b: 'b', c: 'c'}, ['a', 'b'])\n//=> {a: 'a', b: 'b'}\n```\n\n## About\n\n### Related projects\n\n* [extend-shallow](https://www.npmjs.com/package/extend-shallow): Extend an object with the properties of additional objects. node.js/javascript util. | [homepage](https://github.com/jonschlinkert/extend-shallow \"Extend an object with the properties of additional objects. node.js/javascript util.\")\n* [get-value](https://www.npmjs.com/package/get-value): Use property paths (`a.b.c`) to get a nested value from an object. | [homepage](https://github.com/jonschlinkert/get-value \"Use property paths (`a.b.c`) to get a nested value from an object.\")\n* [mixin-deep](https://www.npmjs.com/package/mixin-deep): Deeply mix the properties of objects into the first object. Like merge-deep, but doesn't clone. | [homepage](https://github.com/jonschlinkert/mixin-deep \"Deeply mix the properties of objects into the first object. Like merge-deep, but doesn't clone.\")\n* [set-value](https://www.npmjs.com/package/set-value): Create nested values and any intermediaries using dot notation (`'a.b.c'`) paths. | [homepage](https://github.com/jonschlinkert/set-value \"Create nested values and any intermediaries using dot notation (`'a.b.c'`) paths.\")\n\n### Contributing\n\nPull requests and stars are always welcome. For bugs and feature requests, [please create an issue](../../issues/new).\n\n### Building docs\n\n_(This document was generated by [verb-generate-readme](https://github.com/verbose/verb-generate-readme) (a [verb](https://github.com/verbose/verb) generator), please don't edit the readme directly. Any changes to the readme must be made in [.verb.md](.verb.md).)_\n\nTo generate the readme and API documentation with [verb](https://github.com/verbose/verb):\n\n```sh\n$ npm install -g verb verb-generate-readme && verb\n```\n\n### Running tests\n\nInstall dev dependencies:\n\n```sh\n$ npm install -d && npm test\n```\n\n### Author\n\n**Jon Schlinkert**\n\n* [github/jonschlinkert](https://github.com/jonschlinkert)\n* [twitter/jonschlinkert](http://twitter.com/jonschlinkert)\n\n### License\n\nCopyright © 2016, [Jon Schlinkert](https://github.com/jonschlinkert).\nReleased under the [MIT license](https://github.com/jonschlinkert/object.pick/blob/master/LICENSE).\n\n***\n\n_This file was generated by [verb-generate-readme](https://github.com/verbose/verb-generate-readme), v0.2.0, on October 27, 2016._","maintainers":[{"email":"blaine.bublitz@gmail.com","name":"phated"},{"email":"github@sellside.com","name":"jonschlinkert"}],"time":{"modified":"2017-10-21T06:45:24.588Z","created":"2014-10-06T04:29:00.412Z","0.1.1":"2014-10-06T04:29:00.412Z","1.0.0":"2014-12-20T08:17:40.858Z","1.0.1":"2014-12-20T08:19:10.969Z","1.1.0":"2014-12-20T08:31:19.812Z","1.1.1":"2015-02-14T04:45:03.769Z","1.1.2":"2016-03-21T08:37:31.996Z","1.2.0":"2016-10-27T06:21:48.316Z","1.3.0":"2017-08-19T02:34:34.023Z"},"homepage":"https://github.com/jonschlinkert/object.pick","keywords":["object","pick"],"repository":{"type":"git","url":"git+https://github.com/jonschlinkert/object.pick.git"},"author":{"name":"Jon Schlinkert","url":"https://github.com/jonschlinkert"},"bugs":{"url":"https://github.com/jonschlinkert/object.pick/issues"},"readmeFilename":"README.md","license":"MIT","users":{"icerainnuaa":true,"rocket0191":true},"_attachments":{},"_etag":"W/\"bf0f4444837c46ff1e1b3f2817821d85\"","_lastModified":"Sun, 27 May 2018 10:58:29 GMT"}