{"_id":"abstract-socket","_rev":"8-0888d8626d9e5bc29bb9231fb134384b","name":"abstract-socket","description":"Abstract domain socket support for Node","dist-tags":{"latest":"2.0.0"},"versions":{"0.0.1":{"author":{"name":"Saúl Ibarra Corretgé","email":"saghul@gmail.com","url":"http://bettercallsaghul.com"},"name":"abstract-socket","version":"0.0.1","description":"Abstract domain socket support","main":"lib/abstract_socket","homepage":"https://github.com/saghul/node-abstractsocket","license":{"type":"MIT","url":"https://github.com/saghul/node-abstractsocket/LICENSE"},"repository":{"type":"git","url":"git://github.com/saghul/node-abstractsocket.git"},"engines":{"node":">=0.10.0"},"dependencies":{"bindings":"~1.1.1","nan":"~1.1.0"},"devDependencies":{},"optionalDependencies":{},"scripts":{"install":"node-gyp rebuild"},"gypfile":true,"bugs":{"url":"https://github.com/saghul/node-abstractsocket/issues"},"_id":"abstract-socket@0.0.1","dist":{"shasum":"71bbb8fccc11918732f730293ba8d565aafee6a3","tarball":"https://registry.npmjs.org/abstract-socket/-/abstract-socket-0.0.1.tgz"},"_from":"./","_npmVersion":"1.4.4","_npmUser":{"name":"saghul","email":"saghul@gmail.com"},"maintainers":[{"name":"saghul","email":"saghul@gmail.com"}],"directories":{}},"0.1.0":{"author":{"name":"Saúl Ibarra Corretgé","email":"saghul@gmail.com","url":"http://bettercallsaghul.com"},"name":"abstract-socket","version":"0.1.0","description":"Abstract domain socket support for Node","main":"lib/abstract_socket","homepage":"https://github.com/saghul/node-abstractsocket","license":{"type":"MIT","url":"https://github.com/saghul/node-abstractsocket/LICENSE"},"repository":{"type":"git","url":"git://github.com/saghul/node-abstractsocket.git"},"engines":{"node":">=0.10.0"},"dependencies":{"bindings":"~1.1.1","nan":"~1.1.0"},"devDependencies":{},"optionalDependencies":{},"scripts":{"install":"node-gyp rebuild"},"gypfile":true,"bugs":{"url":"https://github.com/saghul/node-abstractsocket/issues"},"_id":"abstract-socket@0.1.0","dist":{"shasum":"27a365e81aea0c79cc875d5bf76fc353871065bf","tarball":"https://registry.npmjs.org/abstract-socket/-/abstract-socket-0.1.0.tgz"},"_from":"./","_npmVersion":"1.4.4","_npmUser":{"name":"saghul","email":"saghul@gmail.com"},"maintainers":[{"name":"saghul","email":"saghul@gmail.com"}],"directories":{}},"1.0.0":{"author":{"name":"Saúl Ibarra Corretgé","email":"saghul@gmail.com","url":"http://bettercallsaghul.com"},"name":"abstract-socket","version":"1.0.0","description":"Abstract domain socket support for Node / io.js","main":"lib/abstract_socket","homepage":"https://github.com/saghul/node-abstractsocket","license":{"type":"MIT","url":"https://github.com/saghul/node-abstractsocket/LICENSE"},"repository":{"type":"git","url":"git://github.com/saghul/node-abstractsocket.git"},"engines":{"node":">=0.10.0"},"dependencies":{"bindings":"~1.1.1","nan":"~1.7.0"},"os":["linux"],"devDependencies":{},"optionalDependencies":{},"scripts":{"install":"node-gyp rebuild"},"gypfile":true,"gitHead":"6138fed6498ad4fc995796d47536c027bda1ec45","bugs":{"url":"https://github.com/saghul/node-abstractsocket/issues"},"_id":"abstract-socket@1.0.0","_shasum":"3ed4e4be22366cfabac27917652663dbc09ad3fa","_from":".","_npmVersion":"1.4.28","_npmUser":{"name":"saghul","email":"saghul@gmail.com"},"maintainers":[{"name":"saghul","email":"saghul@gmail.com"}],"dist":{"shasum":"3ed4e4be22366cfabac27917652663dbc09ad3fa","tarball":"https://registry.npmjs.org/abstract-socket/-/abstract-socket-1.0.0.tgz"},"directories":{}},"1.0.1":{"author":{"name":"Saúl Ibarra Corretgé","email":"saghul@gmail.com","url":"http://bettercallsaghul.com"},"name":"abstract-socket","version":"1.0.1","description":"Abstract domain socket support for Node / io.js","main":"lib/abstract_socket","homepage":"https://github.com/saghul/node-abstractsocket","license":{"type":"MIT","url":"https://github.com/saghul/node-abstractsocket/LICENSE"},"repository":{"type":"git","url":"git://github.com/saghul/node-abstractsocket.git"},"engines":{"node":">=0.10.0"},"dependencies":{"bindings":"~1.1.1","nan":"~1.8.0"},"os":["linux"],"devDependencies":{},"optionalDependencies":{},"scripts":{"install":"node-gyp rebuild"},"gypfile":true,"gitHead":"75a7d6d1cc170b50f5061dea43fe3e30548d41f4","bugs":{"url":"https://github.com/saghul/node-abstractsocket/issues"},"_id":"abstract-socket@1.0.1","_shasum":"63437d69c8a8b2cf33fd947ed321ea7d515a2cc9","_from":".","_npmVersion":"1.4.28","_npmUser":{"name":"saghul","email":"saghul@gmail.com"},"maintainers":[{"name":"saghul","email":"saghul@gmail.com"}],"dist":{"shasum":"63437d69c8a8b2cf33fd947ed321ea7d515a2cc9","tarball":"https://registry.npmjs.org/abstract-socket/-/abstract-socket-1.0.1.tgz"},"directories":{}},"1.1.0":{"author":{"name":"Saúl Ibarra Corretgé","email":"saghul@gmail.com","url":"http://bettercallsaghul.com"},"name":"abstract-socket","version":"1.1.0","description":"Abstract domain socket support for Node / io.js","main":"lib/abstract_socket","homepage":"https://github.com/saghul/node-abstractsocket","license":"MIT","repository":{"type":"git","url":"git://github.com/saghul/node-abstractsocket.git"},"engines":{"node":">=0.10.0"},"dependencies":{"bindings":"^1.2.1","nan":"^2.0.9"},"os":["linux"],"scripts":{"install":"node-gyp rebuild"},"gypfile":true,"gitHead":"4dbd7a117c7e05139978c5146b569bf194f23fd8","bugs":{"url":"https://github.com/saghul/node-abstractsocket/issues"},"_id":"abstract-socket@1.1.0","_shasum":"8975e091064839b38fe795719fbc6cee5170f7b8","_from":".","_npmVersion":"2.14.2","_nodeVersion":"0.10.40","_npmUser":{"name":"saghul","email":"saghul@gmail.com"},"maintainers":[{"name":"saghul","email":"saghul@gmail.com"}],"dist":{"shasum":"8975e091064839b38fe795719fbc6cee5170f7b8","tarball":"https://registry.npmjs.org/abstract-socket/-/abstract-socket-1.1.0.tgz"},"directories":{}},"2.0.0":{"author":{"name":"Saúl Ibarra Corretgé","email":"saghul@gmail.com","url":"http://bettercallsaghul.com"},"scripts":{"test":"mocha --growl --timeout 10000 test/*.test.js","install":"node-gyp rebuild"},"name":"abstract-socket","version":"2.0.0","description":"Abstract domain socket support for Node","main":"lib/abstract_socket","homepage":"https://github.com/saghul/node-abstractsocket","license":"MIT","repository":{"type":"git","url":"git://github.com/saghul/node-abstractsocket.git"},"engines":{"node":">=4.0.0"},"dependencies":{"bindings":"^1.2.1","nan":"^2.0.9"},"devDependencies":{"should":"8.2.x","mocha":"2.4.x"},"os":["linux"],"gypfile":true,"gitHead":"43f7d5f3e813c75e9199b35ff021841750f127a6","bugs":{"url":"https://github.com/saghul/node-abstractsocket/issues"},"_id":"abstract-socket@2.0.0","_shasum":"d83c93e7df30d27e23f3e82a763e7f5e78d916f9","_from":".","_npmVersion":"2.15.11","_nodeVersion":"4.6.2","_npmUser":{"name":"saghul","email":"saghul@gmail.com"},"maintainers":[{"name":"saghul","email":"saghul@gmail.com"}],"dist":{"shasum":"d83c93e7df30d27e23f3e82a763e7f5e78d916f9","tarball":"https://registry.npmjs.org/abstract-socket/-/abstract-socket-2.0.0.tgz"},"_npmOperationalInternal":{"host":"packages-12-west.internal.npmjs.com","tmp":"tmp/abstract-socket-2.0.0.tgz_1482400155350_0.20730958180502057"},"directories":{}}},"readme":"# node-abstractsocket\n\nBecause I like my sockets like my Picasso paintings: abstract.\n\n[![NPM](https://nodei.co/npm/abstract-socket.png)](https://nodei.co/npm/abstract-socket/)\n\n\n## Abstract what?\n\nGo read this: http://man7.org/linux/man-pages/man7/unix.7.html, I'll wait.\n\n\n## Examples\n\nServer:\n\n```js\n// abstract echo server\nconst abs = require('./lib/abstract_socket');\n\nconst server = abs.createServer(function(c) { //'connection' listener\n  console.log('client connected');\n  c.on('end', function() {\n    console.log('client disconnected');\n  });\n  c.write('hello\\r\\n');\n  c.pipe(c);\n});\nserver.listen('\\0foo');\n\n```\n\nClient:\n\n```js\nconst abs = require('./lib/abstract_socket');\n\nvar client = abs.connect('\\0foo', function() { //'connect' listener\n    console.log('client connected');\n});\n\nclient.on('data', function(data) {\n    console.log(data.toString());\n});\n\nprocess.stdin.setEncoding('utf8');\nprocess.stdin.on('readable', function() {\n    const chunk = process.stdin.read();\n    if (chunk !== null)\n        client.write(chunk);\n});\n\n```\n\n\n## API\n\n### abs.createServer(connectionListener)\n\nReturns a new `AbstractSocketServer` object. `listen` can be called on\nit passing the name of the abstract socket to bind to and listen, it follows\nthe API used for normal Unix domain sockets. NOTE: you must prepend the path with\nthe NULL byte ('\\0') to indicate it's an abstract socket.\n\nEmits an error if the `socket(2)` system call fails.\n\n### AbstractSocketServer.listen(name, [callback]\n\nBinds the server to the specified abstract socket name.\n\nEmits an error if the `bind(2)` system call fails, or the given `name`\nis invalid.\n\nThis function is asynchronous. When the server has been bound, 'listening' event\nwill be emitted. the last parameter callback will be added as an listener for the\n'listening' event.\n\n### abs.connect(name, connectListener)\n\nCreates a connection to the given `path` in the abstract domain. NOTE: you must\nprepend the path with the NULL byte ('\\0') to indicate it's an abstract\nsocket.\n\nReturns a new net.Socket object.\n\nEmits an error if the `socket(2)` or `connect(2)` system calls fail,\nor the given `name` is invalid.\n\n## Tests\n\nRun tests with `npm test`.\n\n## Thanks\n\nI borrowed massive amounts of inspiration/code from node-unix-dgram by @bnoordhuis :-)\n\n@mmalecki taught me how to inherit like a pro.\n@randunel refactored it heavily in v2.\n\n","maintainers":[{"name":"saghul","email":"saghul@gmail.com"}],"time":{"modified":"2016-12-22T09:49:17.512Z","created":"2014-07-15T07:57:50.787Z","0.0.1":"2014-07-15T07:57:50.787Z","0.1.0":"2014-07-15T22:33:18.866Z","1.0.0":"2015-03-30T07:36:49.391Z","1.0.1":"2015-05-28T07:38:56.559Z","1.1.0":"2015-09-10T09:07:11.478Z","2.0.0":"2016-12-22T09:49:17.512Z"},"homepage":"https://github.com/saghul/node-abstractsocket","repository":{"type":"git","url":"git://github.com/saghul/node-abstractsocket.git"},"author":{"name":"Saúl Ibarra Corretgé","email":"saghul@gmail.com","url":"http://bettercallsaghul.com"},"bugs":{"url":"https://github.com/saghul/node-abstractsocket/issues"},"license":"MIT","readmeFilename":"README.md","_attachments":{},"_etag":"W/\"ba5f1e988bb831c76dd2806c702fd2e6\"","_lastModified":"Sat, 26 May 2018 16:04:28 GMT"}