{"_id":"file-url","_rev":"12-759387925116a9fc3eba7d3af184bf04","name":"file-url","description":"Convert a path to a file url: `unicorn.jpg` → `file:///Users/sindresorhus/unicorn.jpg`","dist-tags":{"latest":"2.0.2"},"versions":{"0.1.0":{"name":"file-url","version":"0.1.0","description":"Convert a path to a file url: unicorn.jpg ➔ file:///Users/sindresorhus/unicorn.jpg","license":"MIT","repository":{"type":"git","url":"git://github.com/sindresorhus/file-url"},"bin":{"file-url":"cli.js"},"author":{"name":"Sindre Sorhus","email":"sindresorhus@gmail.com","url":"http://sindresorhus.com"},"engines":{"node":">=0.10.0"},"scripts":{"test":"mocha"},"files":["cli.js","index.js"],"keywords":["cli","bin","app","file","url","uri","path","scheme","slash"],"devDependencies":{"mocha":"*"},"bugs":{"url":"https://github.com/sindresorhus/file-url/issues"},"homepage":"https://github.com/sindresorhus/file-url","_id":"file-url@0.1.0","dist":{"shasum":"d33e3db3967cb9c7ec5f6a31935893b5d88757e5","tarball":"https://registry.npmjs.org/file-url/-/file-url-0.1.0.tgz"},"_from":".","_npmVersion":"1.4.6","_npmUser":{"name":"sindresorhus","email":"sindresorhus@gmail.com"},"maintainers":[{"name":"sindresorhus","email":"sindresorhus@gmail.com"}],"directories":{}},"1.0.0":{"name":"file-url","version":"1.0.0","description":"Convert a path to a file url: unicorn.jpg → file:///Users/sindresorhus/unicorn.jpg","license":"MIT","repository":{"type":"git","url":"git://github.com/sindresorhus/file-url"},"author":{"name":"Sindre Sorhus","email":"sindresorhus@gmail.com","url":"http://sindresorhus.com"},"bin":{"file-url":"cli.js"},"engines":{"node":">=0.10.0"},"scripts":{"test":"mocha"},"files":["cli.js","index.js"],"keywords":["cli","bin","app","file","url","uri","path","scheme","slash"],"devDependencies":{"mocha":"*"},"gitHead":"171b3964d3842c75cc6c775099577f9c39b03433","bugs":{"url":"https://github.com/sindresorhus/file-url/issues"},"homepage":"https://github.com/sindresorhus/file-url","_id":"file-url@1.0.0","_shasum":"6ce382d00aab9721c1416206aedb960cdaaf5928","_from":".","_npmVersion":"1.4.14","_npmUser":{"name":"sindresorhus","email":"sindresorhus@gmail.com"},"maintainers":[{"name":"sindresorhus","email":"sindresorhus@gmail.com"}],"dist":{"shasum":"6ce382d00aab9721c1416206aedb960cdaaf5928","tarball":"https://registry.npmjs.org/file-url/-/file-url-1.0.0.tgz"},"directories":{}},"1.0.1":{"name":"file-url","version":"1.0.1","description":"Convert a path to a file url: unicorn.jpg → file:///Users/sindresorhus/unicorn.jpg","license":"MIT","repository":{"type":"git","url":"https://github.com/sindresorhus/file-url"},"author":{"name":"Sindre Sorhus","email":"sindresorhus@gmail.com","url":"sindresorhus.com"},"bin":{"file-url":"cli.js"},"engines":{"node":">=0.10.0"},"scripts":{"test":"mocha"},"files":["cli.js","index.js"],"keywords":["cli-app","cli","bin","app","file","url","uri","path","scheme","slash"],"dependencies":{"meow":"^3.1.0"},"devDependencies":{"mocha":"*"},"gitHead":"81c8dc34a65277b4219c041b009fdacf651253cc","bugs":{"url":"https://github.com/sindresorhus/file-url/issues"},"homepage":"https://github.com/sindresorhus/file-url","_id":"file-url@1.0.1","_shasum":"43e87d9ba283579d919dbec6f10c90374e78fa7e","_from":".","_npmVersion":"2.9.1","_nodeVersion":"0.12.3","_npmUser":{"name":"sindresorhus","email":"sindresorhus@gmail.com"},"dist":{"shasum":"43e87d9ba283579d919dbec6f10c90374e78fa7e","tarball":"https://registry.npmjs.org/file-url/-/file-url-1.0.1.tgz"},"maintainers":[{"name":"sindresorhus","email":"sindresorhus@gmail.com"}],"directories":{}},"1.1.0":{"name":"file-url","version":"1.1.0","description":"Convert a path to a file url: unicorn.jpg → file:///Users/sindresorhus/unicorn.jpg","license":"MIT","repository":{"type":"git","url":"https://github.com/sindresorhus/file-url"},"author":{"name":"Sindre Sorhus","email":"sindresorhus@gmail.com","url":"sindresorhus.com"},"bin":{"file-url":"cli.js"},"engines":{"node":">=0.10.0"},"scripts":{"test":"xo && mocha"},"files":["cli.js","index.js"],"keywords":["cli-app","cli","bin","app","file","url","uri","path","scheme","slash"],"dependencies":{"meow":"^3.7.0"},"devDependencies":{"mocha":"*","xo":"*"},"gitHead":"369f69b5ec1972b8dfdc3b86e36d148571fac96e","bugs":{"url":"https://github.com/sindresorhus/file-url/issues"},"homepage":"https://github.com/sindresorhus/file-url","_id":"file-url@1.1.0","_shasum":"a0f9cf3eb6904c9b1d3a6790b83a976fc40217bb","_from":".","_npmVersion":"2.14.12","_nodeVersion":"4.3.0","_npmUser":{"name":"sindresorhus","email":"sindresorhus@gmail.com"},"dist":{"shasum":"a0f9cf3eb6904c9b1d3a6790b83a976fc40217bb","tarball":"https://registry.npmjs.org/file-url/-/file-url-1.1.0.tgz"},"maintainers":[{"name":"sindresorhus","email":"sindresorhus@gmail.com"}],"_npmOperationalInternal":{"host":"packages-13-west.internal.npmjs.com","tmp":"tmp/file-url-1.1.0.tgz_1456910238557_0.24679342447780073"},"directories":{}},"2.0.0":{"name":"file-url","version":"2.0.0","description":"Convert a path to a file url: `unicorn.jpg` → `file:///Users/sindresorhus/unicorn.jpg`","license":"MIT","repository":{"type":"git","url":"git+https://github.com/sindresorhus/file-url.git"},"author":{"name":"Sindre Sorhus","email":"sindresorhus@gmail.com","url":"sindresorhus.com"},"engines":{"node":">=4"},"scripts":{"test":"xo && ava"},"files":["index.js"],"keywords":["file","url","uri","path","scheme","slash"],"devDependencies":{"ava":"*","xo":"*"},"xo":{"esnext":true},"gitHead":"cff18323da93dada6a3778e9e980f6965dbeb389","bugs":{"url":"https://github.com/sindresorhus/file-url/issues"},"homepage":"https://github.com/sindresorhus/file-url#readme","_id":"file-url@2.0.0","_shasum":"3ab949503d4dac7c8d85d15f1526ee3870cdd3d8","_from":".","_npmVersion":"2.15.11","_nodeVersion":"4.6.2","_npmUser":{"name":"sindresorhus","email":"sindresorhus@gmail.com"},"dist":{"shasum":"3ab949503d4dac7c8d85d15f1526ee3870cdd3d8","tarball":"https://registry.npmjs.org/file-url/-/file-url-2.0.0.tgz"},"maintainers":[{"name":"sindresorhus","email":"sindresorhus@gmail.com"}],"_npmOperationalInternal":{"host":"packages-18-east.internal.npmjs.com","tmp":"tmp/file-url-2.0.0.tgz_1479323329233_0.47910035331733525"},"directories":{}},"2.0.1":{"name":"file-url","version":"2.0.1","description":"Convert a path to a file url: `unicorn.jpg` → `file:///Users/sindresorhus/unicorn.jpg`","license":"MIT","repository":{"type":"git","url":"git+https://github.com/sindresorhus/file-url.git"},"author":{"name":"Sindre Sorhus","email":"sindresorhus@gmail.com","url":"sindresorhus.com"},"engines":{"node":">=4"},"scripts":{"test":"xo && ava"},"files":["index.js"],"keywords":["file","url","uri","path","scheme","slash"],"devDependencies":{"ava":"*","xo":"*"},"xo":{"esnext":true},"gitHead":"7aaabbaf2993cd996903580a12695b2ebacedfaf","bugs":{"url":"https://github.com/sindresorhus/file-url/issues"},"homepage":"https://github.com/sindresorhus/file-url#readme","_id":"file-url@2.0.1","_shasum":"c095810b6910d0557280ceed3d8d35e0ffa1193e","_from":".","_npmVersion":"4.0.5","_nodeVersion":"7.4.0","_npmUser":{"name":"sindresorhus","email":"sindresorhus@gmail.com"},"dist":{"shasum":"c095810b6910d0557280ceed3d8d35e0ffa1193e","tarball":"https://registry.npmjs.org/file-url/-/file-url-2.0.1.tgz"},"maintainers":[{"name":"sindresorhus","email":"sindresorhus@gmail.com"}],"_npmOperationalInternal":{"host":"packages-18-east.internal.npmjs.com","tmp":"tmp/file-url-2.0.1.tgz_1484818367047_0.8389287407044321"},"directories":{}},"2.0.2":{"name":"file-url","version":"2.0.2","description":"Convert a path to a file url: `unicorn.jpg` → `file:///Users/sindresorhus/unicorn.jpg`","license":"MIT","repository":{"type":"git","url":"git+https://github.com/sindresorhus/file-url.git"},"author":{"name":"Sindre Sorhus","email":"sindresorhus@gmail.com","url":"sindresorhus.com"},"engines":{"node":">=4"},"scripts":{"test":"xo && ava"},"files":["index.js"],"keywords":["file","url","uri","path","scheme","slash"],"devDependencies":{"ava":"*","xo":"*"},"gitHead":"70d3214dc1d6a661bcc9b6c9c6f04e99023d638e","bugs":{"url":"https://github.com/sindresorhus/file-url/issues"},"homepage":"https://github.com/sindresorhus/file-url#readme","_id":"file-url@2.0.2","_shasum":"e951784d79095127d3713029ab063f40818ca2ae","_from":".","_npmVersion":"4.0.5","_nodeVersion":"7.4.0","_npmUser":{"name":"sindresorhus","email":"sindresorhus@gmail.com"},"dist":{"shasum":"e951784d79095127d3713029ab063f40818ca2ae","tarball":"https://registry.npmjs.org/file-url/-/file-url-2.0.2.tgz"},"maintainers":[{"name":"sindresorhus","email":"sindresorhus@gmail.com"}],"_npmOperationalInternal":{"host":"packages-18-east.internal.npmjs.com","tmp":"tmp/file-url-2.0.2.tgz_1485676074423_0.016667419346049428"},"directories":{}}},"readme":"# file-url [![Build Status](https://travis-ci.org/sindresorhus/file-url.svg?branch=master)](https://travis-ci.org/sindresorhus/file-url)\n\n> Convert a path to a file url: `unicorn.jpg` → `file:///Users/sindresorhus/unicorn.jpg`\n\n\n## Install\n\n```\n$ npm install --save file-url\n```\n\n\n## Usage\n\n```js\nconst fileUrl = require('file-url');\n\nfileUrl('unicorn.jpg');\n//=> 'file:///Users/sindresorhus/dev/file-url/unicorn.jpg'\n\nfileUrl('/Users/pony/pics/unicorn.jpg');\n//=> 'file:///Users/pony/pics/unicorn.jpg'\n\n// passing {resolve: false} will make it not call path.resolve() on the path\nfileUrl('unicorn.jpg', {resolve: false});\n//=> 'file:///unicorn.jpg'\n```\n\n\n## Related\n\n- [file-url-cli](https://github.com/sindresorhus/file-url-cli) - CLI for this module\n\n\n## License\n\nMIT © [Sindre Sorhus](https://sindresorhus.com)\n","maintainers":[{"name":"sindresorhus","email":"sindresorhus@gmail.com"}],"time":{"modified":"2017-10-27T05:01:37.244Z","created":"2014-04-04T14:49:13.405Z","0.1.0":"2014-04-04T14:49:13.405Z","1.0.0":"2014-08-13T09:57:22.988Z","1.0.1":"2015-05-16T09:54:40.629Z","1.1.0":"2016-03-02T09:17:19.086Z","2.0.0":"2016-11-16T19:08:51.068Z","2.0.1":"2017-01-19T09:32:48.876Z","2.0.2":"2017-01-29T07:47:56.194Z"},"homepage":"https://github.com/sindresorhus/file-url#readme","keywords":["file","url","uri","path","scheme","slash"],"repository":{"type":"git","url":"git+https://github.com/sindresorhus/file-url.git"},"author":{"name":"Sindre Sorhus","email":"sindresorhus@gmail.com","url":"sindresorhus.com"},"bugs":{"url":"https://github.com/sindresorhus/file-url/issues"},"license":"MIT","readmeFilename":"readme.md","users":{"tunnckocore":true,"erikvold":true,"mysticatea":true},"_attachments":{},"_etag":"W/\"a8a4e86a3cdd82ab1c01d7067122c234\"","_lastModified":"Sun, 27 May 2018 00:39:17 GMT"}