{"_id":"is-descriptor","_rev":"10-76894e9e0cf227b35eb213f96030f56e","name":"is-descriptor","description":"Returns true if a value has the characteristics of a valid JavaScript descriptor. Works for data descriptors and accessor descriptors.","dist-tags":{"latest":"1.0.2","bugfix":"0.1.6"},"versions":{"0.1.0":{"name":"is-descriptor","description":"Returns true if a value has the characteristics of a valid JavaScript descriptor. Works for data descriptors and accessor descriptors.","version":"0.1.0","homepage":"https://github.com/jonschlinkert/is-descriptor","author":{"name":"Jon Schlinkert","url":"https://github.com/jonschlinkert"},"repository":{"type":"git","url":"git+https://github.com/jonschlinkert/is-descriptor.git"},"bugs":{"url":"https://github.com/jonschlinkert/is-descriptor/issues"},"license":"MIT","files":["index.js"],"main":"index.js","engines":{"node":">=0.10.0"},"scripts":{"test":"mocha"},"dependencies":{"is-accessor-descriptor":"^0.1.0","is-data-descriptor":"^0.1.0","kind-of":"^2.0.1"},"devDependencies":{"mocha":"*","should":"*"},"keywords":["accessor","check","data","descriptor","get","getter","is","keys","object","properties","property","set","setter","type","valid","value"],"verb":{"related":{"list":["is-descriptor","is-data-descriptor","is-accessor-descriptor","isobject"]}},"gitHead":"b5d8c39843c98588b67069325a4e6455beb8aef3","_id":"is-descriptor@0.1.0","_shasum":"fc69a5b16b538f61b708e91bc9d9370a7d95830d","_from":".","_npmVersion":"2.10.1","_nodeVersion":"0.12.4","_npmUser":{"name":"jonschlinkert","email":"github@sellside.com"},"maintainers":[{"name":"jonschlinkert","email":"github@sellside.com"}],"dist":{"shasum":"fc69a5b16b538f61b708e91bc9d9370a7d95830d","tarball":"https://registry.npmjs.org/is-descriptor/-/is-descriptor-0.1.0.tgz"},"directories":{}},"0.1.1":{"name":"is-descriptor","description":"Returns true if a value has the characteristics of a valid JavaScript descriptor. Works for data descriptors and accessor descriptors.","version":"0.1.1","homepage":"https://github.com/jonschlinkert/is-descriptor","author":{"name":"Jon Schlinkert","url":"https://github.com/jonschlinkert"},"repository":{"type":"git","url":"git+https://github.com/jonschlinkert/is-descriptor.git"},"bugs":{"url":"https://github.com/jonschlinkert/is-descriptor/issues"},"license":"MIT","files":["index.js"],"main":"index.js","engines":{"node":">=0.10.0"},"scripts":{"test":"mocha"},"dependencies":{"is-accessor-descriptor":"^0.1.0","is-data-descriptor":"^0.1.0","kind-of":"^2.0.1","lazy-cache":"^0.2.3"},"devDependencies":{"mocha":"*","should":"*"},"keywords":["accessor","check","data","descriptor","get","getter","is","keys","object","properties","property","set","setter","type","valid","value"],"verb":{"related":{"list":["is-descriptor","is-data-descriptor","is-accessor-descriptor","isobject"]}},"gitHead":"dd9c4315dd61be73f42d07bc71ddb97414dfdbcf","_id":"is-descriptor@0.1.1","_shasum":"c3b0dcde084c854af9bd09ad83d2310abec08648","_from":".","_npmVersion":"2.14.4","_nodeVersion":"4.1.1","_npmUser":{"name":"jonschlinkert","email":"github@sellside.com"},"maintainers":[{"name":"jonschlinkert","email":"github@sellside.com"}],"dist":{"shasum":"c3b0dcde084c854af9bd09ad83d2310abec08648","tarball":"https://registry.npmjs.org/is-descriptor/-/is-descriptor-0.1.1.tgz"},"directories":{}},"0.1.2":{"name":"is-descriptor","description":"Returns true if a value has the characteristics of a valid JavaScript descriptor. Works for data descriptors and accessor descriptors.","version":"0.1.2","homepage":"https://github.com/jonschlinkert/is-descriptor","author":{"name":"Jon Schlinkert","url":"https://github.com/jonschlinkert"},"repository":{"type":"git","url":"git+https://github.com/jonschlinkert/is-descriptor.git"},"bugs":{"url":"https://github.com/jonschlinkert/is-descriptor/issues"},"license":"MIT","files":["index.js","utils.js"],"main":"index.js","engines":{"node":">=0.10.0"},"scripts":{"test":"mocha"},"dependencies":{"is-accessor-descriptor":"^0.1.0","is-data-descriptor":"^0.1.0","kind-of":"^2.0.1","lazy-cache":"^0.2.3"},"devDependencies":{"mocha":"*","should":"*"},"keywords":["accessor","check","data","descriptor","get","getter","is","keys","object","properties","property","set","setter","type","valid","value"],"verb":{"related":{"list":["is-descriptor","is-data-descriptor","is-accessor-descriptor","isobject"]}},"gitHead":"3aaf1ce8483bdee217e2f18b293937a09634a33b","_id":"is-descriptor@0.1.2","_shasum":"7b42058e4c9bb52909d1cb326a9a6d68942b0e40","_from":".","_npmVersion":"2.14.4","_nodeVersion":"4.1.1","_npmUser":{"name":"jonschlinkert","email":"github@sellside.com"},"maintainers":[{"name":"jonschlinkert","email":"github@sellside.com"}],"dist":{"shasum":"7b42058e4c9bb52909d1cb326a9a6d68942b0e40","tarball":"https://registry.npmjs.org/is-descriptor/-/is-descriptor-0.1.2.tgz"},"directories":{}},"0.1.3":{"name":"is-descriptor","description":"Returns true if a value has the characteristics of a valid JavaScript descriptor. Works for data descriptors and accessor descriptors.","version":"0.1.3","homepage":"https://github.com/jonschlinkert/is-descriptor","author":{"name":"Jon Schlinkert","url":"https://github.com/jonschlinkert"},"repository":{"type":"git","url":"git+https://github.com/jonschlinkert/is-descriptor.git"},"bugs":{"url":"https://github.com/jonschlinkert/is-descriptor/issues"},"license":"MIT","files":["index.js","utils.js"],"main":"index.js","engines":{"node":">=0.10.0"},"scripts":{"test":"mocha"},"dependencies":{"is-accessor-descriptor":"^0.1.4","is-data-descriptor":"^0.1.3","kind-of":"^3.0.2","lazy-cache":"^1.0.3"},"devDependencies":{"mocha":"*","should":"*"},"keywords":["accessor","check","data","descriptor","get","getter","is","keys","object","properties","property","set","setter","type","valid","value"],"verb":{"related":{"list":["is-accessor-descriptor","is-data-descriptor","is-descriptor","isobject"]},"plugins":["gulp-format-md"]},"gitHead":"8e6c159cfa23b357dbac8f977c3a9421172aafeb","_id":"is-descriptor@0.1.3","_shasum":"e23fd4be1bd3f82bba664596a776ab497ea4c10a","_from":".","_npmVersion":"3.3.6","_nodeVersion":"5.0.0","_npmUser":{"name":"jonschlinkert","email":"github@sellside.com"},"maintainers":[{"name":"jonschlinkert","email":"github@sellside.com"}],"dist":{"shasum":"e23fd4be1bd3f82bba664596a776ab497ea4c10a","tarball":"https://registry.npmjs.org/is-descriptor/-/is-descriptor-0.1.3.tgz"},"directories":{}},"0.1.4":{"name":"is-descriptor","description":"Returns true if a value has the characteristics of a valid JavaScript descriptor. Works for data descriptors and accessor descriptors.","version":"0.1.4","homepage":"https://github.com/jonschlinkert/is-descriptor","author":{"name":"Jon Schlinkert","url":"https://github.com/jonschlinkert"},"repository":{"type":"git","url":"git+https://github.com/jonschlinkert/is-descriptor.git"},"bugs":{"url":"https://github.com/jonschlinkert/is-descriptor/issues"},"license":"MIT","files":["index.js","utils.js"],"main":"index.js","engines":{"node":">=0.10.0"},"scripts":{"test":"mocha"},"dependencies":{"is-accessor-descriptor":"^0.1.6","is-data-descriptor":"^0.1.4","kind-of":"^3.0.2","lazy-cache":"^1.0.3"},"devDependencies":{"mocha":"*"},"keywords":["accessor","check","data","descriptor","get","getter","is","keys","object","properties","property","set","setter","type","valid","value"],"verb":{"related":{"list":["is-accessor-descriptor","is-data-descriptor","is-descriptor","isobject"]},"plugins":["gulp-format-md"]},"gitHead":"161400d896ae3bd216fdaaf7565e16e544a43aa6","_id":"is-descriptor@0.1.4","_shasum":"c2cfa0d85099a90df94af5b7eb7ee1c7e1413186","_from":".","_npmVersion":"3.3.6","_nodeVersion":"5.0.0","_npmUser":{"name":"jonschlinkert","email":"github@sellside.com"},"maintainers":[{"name":"jonschlinkert","email":"github@sellside.com"}],"dist":{"shasum":"c2cfa0d85099a90df94af5b7eb7ee1c7e1413186","tarball":"https://registry.npmjs.org/is-descriptor/-/is-descriptor-0.1.4.tgz"},"directories":{}},"0.1.5":{"name":"is-descriptor","description":"Returns true if a value has the characteristics of a valid JavaScript descriptor. Works for data descriptors and accessor descriptors.","version":"0.1.5","homepage":"https://github.com/jonschlinkert/is-descriptor","author":{"name":"Jon Schlinkert","url":"https://github.com/jonschlinkert"},"contributors":[{"email":"wtgtybhertgeghgtwtg@gmail.com","url":"https://github.com/wtgtybhertgeghgtwtg"},{"name":"Brian Woodward","email":"brian.woodward@gmail.com","url":"https://github.com/doowb"},{"name":"Jon Schlinkert","email":"jon.schlinkert@sellside.com","url":"http://twitter.com/jonschlinkert"}],"repository":{"type":"git","url":"git+https://github.com/jonschlinkert/is-descriptor.git"},"bugs":{"url":"https://github.com/jonschlinkert/is-descriptor/issues"},"license":"MIT","files":["index.js","utils.js"],"main":"index.js","engines":{"node":">=0.10.0"},"scripts":{"test":"mocha"},"dependencies":{"is-accessor-descriptor":"^0.1.6","is-data-descriptor":"^0.1.4","kind-of":"^3.0.2","lazy-cache":"^2.0.2"},"devDependencies":{"gulp-format-md":"^0.1.11","mocha":"*"},"keywords":["accessor","check","data","descriptor","get","getter","is","keys","object","properties","property","set","setter","type","valid","value"],"verb":{"related":{"list":["is-accessor-descriptor","is-data-descriptor","is-descriptor","isobject"]},"plugins":["gulp-format-md"],"toc":false,"layout":"default","tasks":["readme"],"lint":{"reflinks":true}},"gitHead":"bc3cf6915686d4a964997ae7585bf65005bbf955","_id":"is-descriptor@0.1.5","_shasum":"e3fb8b4ab65f3a37373388e18b401d78c58cbea7","_from":".","_npmVersion":"4.1.2","_nodeVersion":"7.5.0","_npmUser":{"name":"jonschlinkert","email":"github@sellside.com"},"maintainers":[{"name":"jonschlinkert","email":"github@sellside.com"}],"dist":{"shasum":"e3fb8b4ab65f3a37373388e18b401d78c58cbea7","tarball":"https://registry.npmjs.org/is-descriptor/-/is-descriptor-0.1.5.tgz"},"_npmOperationalInternal":{"host":"packages-18-east.internal.npmjs.com","tmp":"tmp/is-descriptor-0.1.5.tgz_1488061797811_0.4672183636575937"},"directories":{}},"1.0.0":{"name":"is-descriptor","description":"Returns true if a value has the characteristics of a valid JavaScript descriptor. Works for data descriptors and accessor descriptors.","version":"1.0.0","homepage":"https://github.com/jonschlinkert/is-descriptor","author":{"name":"Jon Schlinkert","url":"https://github.com/jonschlinkert"},"contributors":[{"email":"wtgtybhertgeghgtwtg@gmail.com","url":"https://github.com/wtgtybhertgeghgtwtg"},{"name":"Brian Woodward","email":"brian.woodward@gmail.com","url":"https://github.com/doowb"},{"name":"Jon Schlinkert","email":"jon.schlinkert@sellside.com","url":"http://twitter.com/jonschlinkert"}],"repository":{"type":"git","url":"git+https://github.com/jonschlinkert/is-descriptor.git"},"bugs":{"url":"https://github.com/jonschlinkert/is-descriptor/issues"},"license":"MIT","files":["index.js","utils.js"],"main":"index.js","engines":{"node":">=0.10.0"},"scripts":{"test":"mocha"},"dependencies":{"is-accessor-descriptor":"^0.1.6","is-data-descriptor":"^0.1.4","kind-of":"^3.0.2","lazy-cache":"^2.0.2"},"devDependencies":{"gulp-format-md":"^0.1.11","mocha":"*"},"keywords":["accessor","check","data","descriptor","get","getter","is","keys","object","properties","property","set","setter","type","valid","value"],"verb":{"related":{"list":["is-accessor-descriptor","is-data-descriptor","is-descriptor","isobject"]},"plugins":["gulp-format-md"],"toc":false,"layout":"default","tasks":["readme"],"lint":{"reflinks":true}},"gitHead":"bdcab7a7977b417da073c2ade5203a0deac47fe3","_id":"is-descriptor@1.0.0","_shasum":"d6ec686f238f6b02f23757abe12cf6b2ea2790f9","_from":".","_npmVersion":"4.1.2","_nodeVersion":"7.5.0","_npmUser":{"name":"jonschlinkert","email":"github@sellside.com"},"maintainers":[{"name":"jonschlinkert","email":"github@sellside.com"}],"dist":{"shasum":"d6ec686f238f6b02f23757abe12cf6b2ea2790f9","tarball":"https://registry.npmjs.org/is-descriptor/-/is-descriptor-1.0.0.tgz"},"_npmOperationalInternal":{"host":"packages-12-west.internal.npmjs.com","tmp":"tmp/is-descriptor-1.0.0.tgz_1488061824742_0.7234284023288637"},"directories":{}},"1.0.1":{"name":"is-descriptor","description":"Returns true if a value has the characteristics of a valid JavaScript descriptor. Works for data descriptors and accessor descriptors.","version":"1.0.1","homepage":"https://github.com/jonschlinkert/is-descriptor","author":{"name":"Jon Schlinkert","url":"https://github.com/jonschlinkert"},"contributors":[{"name":"Brian Woodward","url":"https://twitter.com/doowb"},{"name":"Jon Schlinkert","url":"http://twitter.com/jonschlinkert"},{"url":"https://github.com/wtgtybhertgeghgtwtg"}],"repository":{"type":"git","url":"git+https://github.com/jonschlinkert/is-descriptor.git"},"bugs":{"url":"https://github.com/jonschlinkert/is-descriptor/issues"},"license":"MIT","files":["index.js"],"main":"index.js","engines":{"node":">=0.10.0"},"scripts":{"test":"mocha"},"dependencies":{"is-accessor-descriptor":"^0.1.6","is-data-descriptor":"^0.1.4","kind-of":"^5.0.0"},"devDependencies":{"gulp-format-md":"^1.0.0","mocha":"^3.4.2"},"keywords":["accessor","check","data","descriptor","get","getter","is","keys","object","properties","property","set","setter","type","valid","value"],"verb":{"related":{"list":["is-accessor-descriptor","is-data-descriptor","is-descriptor","isobject"]},"plugins":["gulp-format-md"],"toc":false,"layout":"default","tasks":["readme"],"lint":{"reflinks":true}},"gitHead":"2b58af6426d0700607419b096766829aff27f642","_id":"is-descriptor@1.0.1","_npmVersion":"5.3.0","_nodeVersion":"7.7.3","_npmUser":{"name":"jonschlinkert","email":"github@sellside.com"},"maintainers":[{"name":"jonschlinkert","email":"github@sellside.com"}],"dist":{"integrity":"sha512-G3fFVFTqfaqu7r4YuSBHKBAuOaLz8Sy7ekklUpFEliaLMP1Y2ZjoN9jS62YWCAPQrQpMUQSitRlrzibbuCZjdA==","shasum":"2c6023599bde2de9d5d2c8b9a9d94082036b6ef2","tarball":"https://registry.npmjs.org/is-descriptor/-/is-descriptor-1.0.1.tgz"},"_npmOperationalInternal":{"host":"s3://npm-registry-packages","tmp":"tmp/is-descriptor-1.0.1.tgz_1500738534279_0.7674877592362463"},"directories":{}},"0.1.6":{"name":"is-descriptor","description":"Returns true if a value has the characteristics of a valid JavaScript descriptor. Works for data descriptors and accessor descriptors.","version":"0.1.6","homepage":"https://github.com/jonschlinkert/is-descriptor","author":{"name":"Jon Schlinkert","url":"https://github.com/jonschlinkert"},"contributors":[{"name":"Brian Woodward","url":"https://twitter.com/doowb"},{"name":"Jon Schlinkert","url":"http://twitter.com/jonschlinkert"},{"url":"https://github.com/wtgtybhertgeghgtwtg"}],"repository":{"type":"git","url":"git+https://github.com/jonschlinkert/is-descriptor.git"},"bugs":{"url":"https://github.com/jonschlinkert/is-descriptor/issues"},"license":"MIT","files":["index.js"],"main":"index.js","engines":{"node":">=0.10.0"},"scripts":{"test":"mocha"},"dependencies":{"is-accessor-descriptor":"^0.1.6","is-data-descriptor":"^0.1.4","kind-of":"^5.0.0"},"devDependencies":{"gulp-format-md":"^1.0.0","mocha":"^3.4.2"},"keywords":["accessor","check","data","descriptor","get","getter","is","keys","object","properties","property","set","setter","type","valid","value"],"verb":{"related":{"list":["is-accessor-descriptor","is-data-descriptor","is-descriptor","isobject"]},"plugins":["gulp-format-md"],"toc":false,"layout":"default","tasks":["readme"],"lint":{"reflinks":true}},"gitHead":"7559403830553097fcdd56ae93fe69d4ef2b21db","_id":"is-descriptor@0.1.6","_npmVersion":"5.3.0","_nodeVersion":"7.7.3","_npmUser":{"name":"jonschlinkert","email":"github@sellside.com"},"maintainers":[{"name":"jonschlinkert","email":"github@sellside.com"}],"dist":{"integrity":"sha512-avDYr0SB3DwO9zsMov0gKCESFYqCnE4hq/4z3TdUlukEy5t9C0YRq7HLrsN52NAcqXKaepeCD0n+B0arnVG3Hg==","shasum":"366d8240dde487ca51823b1ab9f07a10a78251ca","tarball":"https://registry.npmjs.org/is-descriptor/-/is-descriptor-0.1.6.tgz"},"_npmOperationalInternal":{"host":"s3://npm-registry-packages","tmp":"tmp/is-descriptor-0.1.6.tgz_1500744018543_0.5760307745076716"},"directories":{}},"1.0.2":{"name":"is-descriptor","description":"Returns true if a value has the characteristics of a valid JavaScript descriptor. Works for data descriptors and accessor descriptors.","version":"1.0.2","homepage":"https://github.com/jonschlinkert/is-descriptor","author":{"name":"Jon Schlinkert","url":"https://github.com/jonschlinkert"},"contributors":[{"name":"Brian Woodward","url":"https://twitter.com/doowb"},{"name":"Jon Schlinkert","url":"http://twitter.com/jonschlinkert"},{"url":"https://github.com/wtgtybhertgeghgtwtg"}],"repository":{"type":"git","url":"git+https://github.com/jonschlinkert/is-descriptor.git"},"bugs":{"url":"https://github.com/jonschlinkert/is-descriptor/issues"},"license":"MIT","files":["index.js"],"main":"index.js","engines":{"node":">=0.10.0"},"scripts":{"test":"mocha"},"dependencies":{"is-accessor-descriptor":"^1.0.0","is-data-descriptor":"^1.0.0","kind-of":"^6.0.2"},"devDependencies":{"gulp-format-md":"^1.0.0","mocha":"^3.5.3"},"keywords":["accessor","check","data","descriptor","get","getter","is","keys","object","properties","property","set","setter","type","valid","value"],"verb":{"related":{"list":["is-accessor-descriptor","is-data-descriptor","is-descriptor","isobject"]},"plugins":["gulp-format-md"],"toc":false,"layout":"default","tasks":["readme"],"lint":{"reflinks":true}},"gitHead":"324635c990dc7f1e6d169deecd19769dea72114c","_id":"is-descriptor@1.0.2","_npmVersion":"5.6.0","_nodeVersion":"9.1.0","_npmUser":{"name":"jonschlinkert","email":"github@sellside.com"},"dist":{"integrity":"sha512-2eis5WqQGV7peooDyLmNEPUrps9+SXX5c9pL3xEB+4e9HnGuDa7mB7kHxHw4CbqS9k1T2hOH3miL8n8WtiYVtg==","shasum":"3b159746a66604b04f8c81524ba365c5f14d86ec","tarball":"https://registry.npmjs.org/is-descriptor/-/is-descriptor-1.0.2.tgz"},"maintainers":[{"name":"jonschlinkert","email":"github@sellside.com"}],"_npmOperationalInternal":{"host":"s3://npm-registry-packages","tmp":"tmp/is-descriptor-1.0.2.tgz_1514502694043_0.9101065774448216"},"directories":{}}},"readme":"# is-descriptor [![NPM version](https://img.shields.io/npm/v/is-descriptor.svg?style=flat)](https://www.npmjs.com/package/is-descriptor) [![NPM monthly downloads](https://img.shields.io/npm/dm/is-descriptor.svg?style=flat)](https://npmjs.org/package/is-descriptor) [![NPM total downloads](https://img.shields.io/npm/dt/is-descriptor.svg?style=flat)](https://npmjs.org/package/is-descriptor) [![Linux Build Status](https://img.shields.io/travis/jonschlinkert/is-descriptor.svg?style=flat&label=Travis)](https://travis-ci.org/jonschlinkert/is-descriptor)\n\n> Returns true if a value has the characteristics of a valid JavaScript descriptor. Works for data descriptors and accessor descriptors.\n\n## Install\n\nInstall with [npm](https://www.npmjs.com/):\n\n```sh\n$ npm install --save is-descriptor\n```\n\n## Usage\n\n```js\nvar isDescriptor = require('is-descriptor');\n\nisDescriptor({value: 'foo'})\n//=> true\nisDescriptor({get: function(){}, set: function(){}})\n//=> true\nisDescriptor({get: 'foo', set: function(){}})\n//=> false\n```\n\nYou may also check for a descriptor by passing an object as the first argument and property name (`string`) as the second argument.\n\n```js\nvar obj = {};\nobj.foo = 'abc';\n\nObject.defineProperty(obj, 'bar', {\n  value: 'xyz'\n});\n\nisDescriptor(obj, 'foo');\n//=> true\nisDescriptor(obj, 'bar');\n//=> true\n```\n\n## Examples\n\n### value type\n\n`false` when not an object\n\n```js\nisDescriptor('a');\n//=> false\nisDescriptor(null);\n//=> false\nisDescriptor([]);\n//=> false\n```\n\n### data descriptor\n\n`true` when the object has valid properties with valid values.\n\n```js\nisDescriptor({value: 'foo'});\n//=> true\nisDescriptor({value: noop});\n//=> true\n```\n\n`false` when the object has invalid properties\n\n```js\nisDescriptor({value: 'foo', bar: 'baz'});\n//=> false\nisDescriptor({value: 'foo', bar: 'baz'});\n//=> false\nisDescriptor({value: 'foo', get: noop});\n//=> false\nisDescriptor({get: noop, value: noop});\n//=> false\n```\n\n`false` when a value is not the correct type\n\n```js\nisDescriptor({value: 'foo', enumerable: 'foo'});\n//=> false\nisDescriptor({value: 'foo', configurable: 'foo'});\n//=> false\nisDescriptor({value: 'foo', writable: 'foo'});\n//=> false\n```\n\n### accessor descriptor\n\n`true` when the object has valid properties with valid values.\n\n```js\nisDescriptor({get: noop, set: noop});\n//=> true\nisDescriptor({get: noop});\n//=> true\nisDescriptor({set: noop});\n//=> true\n```\n\n`false` when the object has invalid properties\n\n```js\nisDescriptor({get: noop, set: noop, bar: 'baz'});\n//=> false\nisDescriptor({get: noop, writable: true});\n//=> false\nisDescriptor({get: noop, value: true});\n//=> false\n```\n\n`false` when an accessor is not a function\n\n```js\nisDescriptor({get: noop, set: 'baz'});\n//=> false\nisDescriptor({get: 'foo', set: noop});\n//=> false\nisDescriptor({get: 'foo', bar: 'baz'});\n//=> false\nisDescriptor({get: 'foo', set: 'baz'});\n//=> false\n```\n\n`false` when a value is not the correct type\n\n```js\nisDescriptor({get: noop, set: noop, enumerable: 'foo'});\n//=> false\nisDescriptor({set: noop, configurable: 'foo'});\n//=> false\nisDescriptor({get: noop, configurable: 'foo'});\n//=> false\n```\n\n## About\n\n### Related projects\n\n* [is-accessor-descriptor](https://www.npmjs.com/package/is-accessor-descriptor): Returns true if a value has the characteristics of a valid JavaScript accessor descriptor. | [homepage](https://github.com/jonschlinkert/is-accessor-descriptor \"Returns true if a value has the characteristics of a valid JavaScript accessor descriptor.\")\n* [is-data-descriptor](https://www.npmjs.com/package/is-data-descriptor): Returns true if a value has the characteristics of a valid JavaScript data descriptor. | [homepage](https://github.com/jonschlinkert/is-data-descriptor \"Returns true if a value has the characteristics of a valid JavaScript data descriptor.\")\n* [is-descriptor](https://www.npmjs.com/package/is-descriptor): Returns true if a value has the characteristics of a valid JavaScript descriptor. Works for… [more](https://github.com/jonschlinkert/is-descriptor) | [homepage](https://github.com/jonschlinkert/is-descriptor \"Returns true if a value has the characteristics of a valid JavaScript descriptor. Works for data descriptors and accessor descriptors.\")\n* [isobject](https://www.npmjs.com/package/isobject): Returns true if the value is an object and not an array or null. | [homepage](https://github.com/jonschlinkert/isobject \"Returns true if the value is an object and not an array or null.\")\n\n### Contributing\n\nPull requests and stars are always welcome. For bugs and feature requests, [please create an issue](../../issues/new).\n\n### Contributors\n\n| **Commits** | **Contributor** | \n| --- | --- |\n| 24 | [jonschlinkert](https://github.com/jonschlinkert) |\n| 1 | [doowb](https://github.com/doowb) |\n| 1 | [wtgtybhertgeghgtwtg](https://github.com/wtgtybhertgeghgtwtg) |\n\n### Building docs\n\n_(This project's readme.md is generated by [verb](https://github.com/verbose/verb-generate-readme), please don't edit the readme directly. Any changes to the readme must be made in the [.verb.md](.verb.md) readme template.)_\n\nTo generate the readme, run the following command:\n\n```sh\n$ npm install -g verbose/verb#dev verb-generate-readme && verb\n```\n\n### Running tests\n\nRunning and reviewing unit tests is a great way to get familiarized with a library and its API. You can install dependencies and run tests with the following command:\n\n```sh\n$ npm install && npm test\n```\n\n### Author\n\n**Jon Schlinkert**\n\n* [github/jonschlinkert](https://github.com/jonschlinkert)\n* [twitter/jonschlinkert](https://twitter.com/jonschlinkert)\n\n### License\n\nCopyright © 2017, [Jon Schlinkert](https://github.com/jonschlinkert).\nReleased under the [MIT License](LICENSE).\n\n***\n\n_This file was generated by [verb-generate-readme](https://github.com/verbose/verb-generate-readme), v0.6.0, on July 22, 2017._","maintainers":[{"name":"jonschlinkert","email":"github@sellside.com"}],"time":{"modified":"2017-12-28T23:11:35.031Z","created":"2015-08-31T06:08:04.328Z","0.1.0":"2015-08-31T06:08:04.328Z","0.1.1":"2015-10-04T19:01:06.566Z","0.1.2":"2015-10-04T19:02:29.180Z","0.1.3":"2015-12-20T12:03:22.950Z","0.1.4":"2015-12-28T09:44:36.366Z","0.1.5":"2017-02-25T22:29:58.564Z","1.0.0":"2017-02-25T22:30:26.909Z","1.0.1":"2017-07-22T15:48:55.348Z","0.1.6":"2017-07-22T17:20:19.515Z","1.0.2":"2017-12-28T23:11:35.031Z"},"homepage":"https://github.com/jonschlinkert/is-descriptor","keywords":["accessor","check","data","descriptor","get","getter","is","keys","object","properties","property","set","setter","type","valid","value"],"repository":{"type":"git","url":"git+https://github.com/jonschlinkert/is-descriptor.git"},"author":{"name":"Jon Schlinkert","url":"https://github.com/jonschlinkert"},"bugs":{"url":"https://github.com/jonschlinkert/is-descriptor/issues"},"license":"MIT","readmeFilename":"README.md","contributors":[{"name":"Brian Woodward","url":"https://twitter.com/doowb"},{"name":"Jon Schlinkert","url":"http://twitter.com/jonschlinkert"},{"url":"https://github.com/wtgtybhertgeghgtwtg"}],"_attachments":{},"_etag":"W/\"0ca6615abddd431a493d30d95db0a49b\"","_lastModified":"Sun, 27 May 2018 04:58:49 GMT"}