{"_id":"file-uri-to-path","_rev":"4-a696be10c2609be8cd96f1887ff6a8c7","name":"file-uri-to-path","description":"Convert a file: URI to a file path","dist-tags":{"latest":"1.0.0"},"versions":{"0.0.1":{"name":"file-uri-to-path","version":"0.0.1","description":"Convert a file: URI to a file path","main":"index.js","directories":{"test":"test"},"scripts":{"test":"mocha --reporter spec"},"repository":{"type":"git","url":"git://github.com/TooTallNate/file-uri-to-path.git"},"keywords":["file","uri","convert","path"],"author":{"name":"Nathan Rajlich","email":"nathan@tootallnate.net","url":"http://n8.io/"},"license":"MIT","bugs":{"url":"https://github.com/TooTallNate/file-uri-to-path/issues"},"homepage":"https://github.com/TooTallNate/file-uri-to-path","devDependencies":{"mocha":"~1.17.1"},"_id":"file-uri-to-path@0.0.1","dist":{"shasum":"e443f3ace914db5a8053363f8efd14d8aac79ae9","tarball":"https://registry.npmjs.org/file-uri-to-path/-/file-uri-to-path-0.0.1.tgz"},"_from":".","_npmVersion":"1.3.21","_npmUser":{"name":"tootallnate","email":"nathan@tootallnate.net"},"maintainers":[{"name":"tootallnate","email":"nathan@tootallnate.net"}]},"0.0.2":{"name":"file-uri-to-path","version":"0.0.2","description":"Convert a file: URI to a file path","main":"index.js","directories":{"test":"test"},"scripts":{"test":"mocha --reporter spec"},"repository":{"type":"git","url":"git://github.com/TooTallNate/file-uri-to-path.git"},"keywords":["file","uri","convert","path"],"author":{"name":"Nathan Rajlich","email":"nathan@tootallnate.net","url":"http://n8.io/"},"license":"MIT","bugs":{"url":"https://github.com/TooTallNate/file-uri-to-path/issues"},"homepage":"https://github.com/TooTallNate/file-uri-to-path","devDependencies":{"mocha":"~1.17.1"},"_id":"file-uri-to-path@0.0.2","dist":{"shasum":"37cdd1b5b905404b3f05e1b23645be694ff70f82","tarball":"https://registry.npmjs.org/file-uri-to-path/-/file-uri-to-path-0.0.2.tgz"},"_from":".","_npmVersion":"1.3.21","_npmUser":{"name":"tootallnate","email":"nathan@tootallnate.net"},"maintainers":[{"name":"tootallnate","email":"nathan@tootallnate.net"}]},"1.0.0":{"name":"file-uri-to-path","version":"1.0.0","description":"Convert a file: URI to a file path","main":"index.js","types":"index.d.ts","directories":{"test":"test"},"scripts":{"test":"mocha --reporter spec"},"repository":{"type":"git","url":"git://github.com/TooTallNate/file-uri-to-path.git"},"keywords":["file","uri","convert","path"],"author":{"name":"Nathan Rajlich","email":"nathan@tootallnate.net","url":"http://n8.io/"},"license":"MIT","bugs":{"url":"https://github.com/TooTallNate/file-uri-to-path/issues"},"homepage":"https://github.com/TooTallNate/file-uri-to-path","devDependencies":{"mocha":"3"},"gitHead":"db012b4db2c9da9f6eeb5202b4a493450482e0e4","_id":"file-uri-to-path@1.0.0","_npmVersion":"5.0.3","_nodeVersion":"8.1.2","_npmUser":{"name":"tootallnate","email":"nathan@tootallnate.net"},"dist":{"integrity":"sha512-0Zt+s3L7Vf1biwWZ29aARiVYLx7iMGnEUl9x33fbB/j3jR81u/O2LbqK+Bm1CDSNDKVtJ/YjwY7TUd5SkeLQLw==","shasum":"553a7b8446ff6f684359c445f1e37a05dacc33dd","tarball":"https://registry.npmjs.org/file-uri-to-path/-/file-uri-to-path-1.0.0.tgz"},"maintainers":[{"name":"tootallnate","email":"nathan@tootallnate.net"}],"_npmOperationalInternal":{"host":"s3://npm-registry-packages","tmp":"tmp/file-uri-to-path-1.0.0.tgz_1499377910342_0.7947268672287464"}}},"readme":"file-uri-to-path\n================\n### Convert a `file:` URI to a file path\n[![Build Status](https://travis-ci.org/TooTallNate/file-uri-to-path.svg?branch=master)](https://travis-ci.org/TooTallNate/file-uri-to-path)\n\nAccepts a `file:` URI and returns a regular file path suitable for use with the\n`fs` module functions.\n\n\nInstallation\n------------\n\nInstall with `npm`:\n\n``` bash\n$ npm install file-uri-to-path\n```\n\n\nExample\n-------\n\n``` js\nvar uri2path = require('file-uri-to-path');\n\nuri2path('file://localhost/c|/WINDOWS/clock.avi');\n// \"c:\\\\WINDOWS\\\\clock.avi\"\n\nuri2path('file:///c|/WINDOWS/clock.avi');\n// \"c:\\\\WINDOWS\\\\clock.avi\"\n\nuri2path('file://localhost/c:/WINDOWS/clock.avi');\n// \"c:\\\\WINDOWS\\\\clock.avi\"\n\nuri2path('file://hostname/path/to/the%20file.txt');\n// \"\\\\\\\\hostname\\\\path\\\\to\\\\the file.txt\"\n\nuri2path('file:///c:/path/to/the%20file.txt');\n// \"c:\\\\path\\\\to\\\\the file.txt\"\n```\n\n\nAPI\n---\n\n### fileUriToPath(String uri) → String\n\n\n\nLicense\n-------\n\n(The MIT License)\n\nCopyright (c) 2014 Nathan Rajlich &lt;nathan@tootallnate.net&gt;\n\nPermission is hereby granted, free of charge, to any person obtaining\na copy of this software and associated documentation files (the\n'Software'), to deal in the Software without restriction, including\nwithout limitation the rights to use, copy, modify, merge, publish,\ndistribute, sublicense, and/or sell copies of the Software, and to\npermit persons to whom the Software is furnished to do so, subject to\nthe following conditions:\n\nThe above copyright notice and this permission notice shall be\nincluded in all copies or substantial portions of the Software.\n\nTHE SOFTWARE IS PROVIDED 'AS IS', WITHOUT WARRANTY OF ANY KIND,\nEXPRESS OR IMPLIED, INCLUDING BUT NOT LIMITED TO THE WARRANTIES OF\nMERCHANTABILITY, FITNESS FOR A PARTICULAR PURPOSE AND NONINFRINGEMENT.\nIN NO EVENT SHALL THE AUTHORS OR COPYRIGHT HOLDERS BE LIABLE FOR ANY\nCLAIM, DAMAGES OR OTHER LIABILITY, WHETHER IN AN ACTION OF CONTRACT,\nTORT OR OTHERWISE, ARISING FROM, OUT OF OR IN CONNECTION WITH THE\nSOFTWARE OR THE USE OR OTHER DEALINGS IN THE SOFTWARE.\n","maintainers":[{"name":"tootallnate","email":"nathan@tootallnate.net"}],"time":{"modified":"2017-07-06T21:51:51.414Z","created":"2014-01-27T08:05:51.258Z","0.0.1":"2014-01-27T08:05:51.258Z","0.0.2":"2014-01-27T08:13:31.848Z","1.0.0":"2017-07-06T21:51:51.414Z"},"readmeFilename":"README.md","users":{"vonthar":true},"homepage":"https://github.com/TooTallNate/file-uri-to-path","keywords":["file","uri","convert","path"],"repository":{"type":"git","url":"git://github.com/TooTallNate/file-uri-to-path.git"},"author":{"name":"Nathan Rajlich","email":"nathan@tootallnate.net","url":"http://n8.io/"},"bugs":{"url":"https://github.com/TooTallNate/file-uri-to-path/issues"},"license":"MIT","_attachments":{},"_etag":"W/\"a46a99a4fe2a6ff8e9e990ade23fa65e\"","_lastModified":"Sun, 27 May 2018 00:39:17 GMT"}