{"_id":"split","_rev":"126-bb4e6d4d689bfe39b729761bd44b79e8","name":"split","description":"split a Text Stream into a Line Stream","dist-tags":{"latest":"1.0.1"},"versions":{"0.0.0":{"name":"split","version":"0.0.0","description":"split a Text Stream into a Line Stream","homepage":"http://github.com/dominictarr/split","repository":{"type":"git","url":"git://github.com/dominictarr/split.git"},"dependencies":{"through":"0.0.4"},"devDependencies":{"asynct":"*","it-is":"1","ubelt":"~2.9","stream-spec":"~0.2","event-stream":"~3.0.2"},"scripts":{"test":"asynct test/"},"author":{"name":"Dominic Tarr","email":"dominic.tarr@gmail.com","url":"http://bit.ly/dominictarr"},"optionalDependencies":{},"engines":{"node":"*"},"_id":"split@0.0.0","dist":{"shasum":"cf3a03d2b58f0f864406ea682b2aa0a6d0e64219","tarball":"https://registry.npmjs.org/split/-/split-0.0.0.tgz"},"maintainers":[{"name":"dominictarr","email":"dominic.tarr@gmail.com"}],"directories":{}},"0.1.0":{"name":"split","version":"0.1.0","description":"split a Text Stream into a Line Stream","homepage":"http://github.com/dominictarr/split","repository":{"type":"git","url":"git://github.com/dominictarr/split.git"},"dependencies":{"through":"0.0.4"},"devDependencies":{"asynct":"*","it-is":"1","ubelt":"~2.9","stream-spec":"~0.2","event-stream":"~3.0.2"},"scripts":{"test":"asynct test/"},"author":{"name":"Dominic Tarr","email":"dominic.tarr@gmail.com","url":"http://bit.ly/dominictarr"},"optionalDependencies":{},"engines":{"node":"*"},"_id":"split@0.1.0","dist":{"shasum":"41f8c222d96d2d8e102cf998c1c98097d8883872","tarball":"https://registry.npmjs.org/split/-/split-0.1.0.tgz"},"maintainers":[{"name":"dominictarr","email":"dominic.tarr@gmail.com"}],"directories":{}},"0.1.1":{"name":"split","version":"0.1.1","description":"split a Text Stream into a Line Stream","homepage":"http://github.com/dominictarr/split","repository":{"type":"git","url":"git://github.com/dominictarr/split.git"},"dependencies":{"through":"1"},"devDependencies":{"asynct":"*","it-is":"1","ubelt":"~2.9","stream-spec":"~0.2","event-stream":"~3.0.2"},"scripts":{"test":"asynct test/"},"author":{"name":"Dominic Tarr","email":"dominic.tarr@gmail.com","url":"http://bit.ly/dominictarr"},"optionalDependencies":{},"engines":{"node":"*"},"_id":"split@0.1.1","dist":{"shasum":"c587535f43659e8541caaaf97ca8bfad405394f0","tarball":"https://registry.npmjs.org/split/-/split-0.1.1.tgz"},"_npmVersion":"1.1.69","_npmUser":{"name":"dominictarr","email":"dominic.tarr@gmail.com"},"maintainers":[{"name":"dominictarr","email":"dominic.tarr@gmail.com"}],"directories":{}},"0.1.2":{"name":"split","version":"0.1.2","description":"split a Text Stream into a Line Stream","homepage":"http://github.com/dominictarr/split","repository":{"type":"git","url":"git://github.com/dominictarr/split.git"},"dependencies":{"through":"1"},"devDependencies":{"asynct":"*","it-is":"1","ubelt":"~2.9","stream-spec":"~0.2","event-stream":"~3.0.2"},"scripts":{"test":"asynct test/"},"author":{"name":"Dominic Tarr","email":"dominic.tarr@gmail.com","url":"http://bit.ly/dominictarr"},"optionalDependencies":{},"engines":{"node":"*"},"_id":"split@0.1.2","dist":{"shasum":"f0710744c453d551fc7143ead983da6014e336cc","tarball":"https://registry.npmjs.org/split/-/split-0.1.2.tgz"},"_npmVersion":"1.1.70","_npmUser":{"name":"dominictarr","email":"dominic.tarr@gmail.com"},"maintainers":[{"name":"dominictarr","email":"dominic.tarr@gmail.com"}],"directories":{}},"0.2.0":{"name":"split","version":"0.2.0","description":"split a Text Stream into a Line Stream","homepage":"http://github.com/dominictarr/split","repository":{"type":"git","url":"git://github.com/dominictarr/split.git"},"dependencies":{"through":"2"},"devDependencies":{"asynct":"*","it-is":"1","ubelt":"~2.9","stream-spec":"~0.2","event-stream":"~3.0.2"},"scripts":{"test":"asynct test/"},"author":{"name":"Dominic Tarr","email":"dominic.tarr@gmail.com","url":"http://bit.ly/dominictarr"},"optionalDependencies":{},"engines":{"node":"*"},"_id":"split@0.2.0","dist":{"shasum":"34a0d1bbcf4820987536efcbcd27a402de60b6d9","tarball":"https://registry.npmjs.org/split/-/split-0.2.0.tgz"},"_from":".","_npmVersion":"1.2.3","_npmUser":{"name":"dominictarr","email":"dominic.tarr@gmail.com"},"maintainers":[{"name":"dominictarr","email":"dominic.tarr@gmail.com"}],"directories":{}},"0.2.1":{"name":"split","version":"0.2.1","description":"split a Text Stream into a Line Stream","homepage":"http://github.com/dominictarr/split","repository":{"type":"git","url":"git://github.com/dominictarr/split.git"},"dependencies":{"through":"2"},"devDependencies":{"asynct":"*","it-is":"1","ubelt":"~2.9","stream-spec":"~0.2","event-stream":"~3.0.2"},"scripts":{"test":"asynct test/"},"author":{"name":"Dominic Tarr","email":"dominic.tarr@gmail.com","url":"http://bit.ly/dominictarr"},"optionalDependencies":{},"engines":{"node":"*"},"_id":"split@0.2.1","dist":{"shasum":"81e40e88176f1c83acaf7a842922c73a7b8da9a6","tarball":"https://registry.npmjs.org/split/-/split-0.2.1.tgz"},"_from":".","_npmVersion":"1.2.3","_npmUser":{"name":"dominictarr","email":"dominic.tarr@gmail.com"},"maintainers":[{"name":"dominictarr","email":"dominic.tarr@gmail.com"}],"directories":{}},"0.2.3":{"name":"split","version":"0.2.3","description":"split a Text Stream into a Line Stream","homepage":"http://github.com/dominictarr/split","repository":{"type":"git","url":"git://github.com/dominictarr/split.git"},"dependencies":{"through":"2"},"devDependencies":{"asynct":"*","it-is":"1","ubelt":"~2.9","stream-spec":"~0.2","event-stream":"~3.0.2"},"scripts":{"test":"asynct test/"},"author":{"name":"Dominic Tarr","email":"dominic.tarr@gmail.com","url":"http://bit.ly/dominictarr"},"optionalDependencies":{},"engines":{"node":"*"},"_id":"split@0.2.3","dist":{"shasum":"304178774df15e6274d86cf0e09fd752255bfb99","tarball":"https://registry.npmjs.org/split/-/split-0.2.3.tgz"},"_from":".","_npmVersion":"1.2.3","_npmUser":{"name":"dominictarr","email":"dominic.tarr@gmail.com"},"maintainers":[{"name":"dominictarr","email":"dominic.tarr@gmail.com"}],"directories":{}},"0.2.4":{"name":"split","version":"0.2.4","description":"split a Text Stream into a Line Stream","homepage":"http://github.com/dominictarr/split","repository":{"type":"git","url":"git://github.com/dominictarr/split.git"},"dependencies":{"through":"2"},"devDependencies":{"asynct":"*","it-is":"1","ubelt":"~2.9","stream-spec":"~0.2","event-stream":"~3.0.2"},"scripts":{"test":"asynct test/"},"author":{"name":"Dominic Tarr","email":"dominic.tarr@gmail.com","url":"http://bit.ly/dominictarr"},"optionalDependencies":{},"engines":{"node":"*"},"_id":"split@0.2.4","dist":{"shasum":"142aa664554b87ac9b770d763921c6b6d85df44d","tarball":"https://registry.npmjs.org/split/-/split-0.2.4.tgz"},"_from":".","_npmVersion":"1.2.3","_npmUser":{"name":"dominictarr","email":"dominic.tarr@gmail.com"},"maintainers":[{"name":"dominictarr","email":"dominic.tarr@gmail.com"}],"directories":{}},"0.2.5":{"name":"split","version":"0.2.5","description":"split a Text Stream into a Line Stream","homepage":"http://github.com/dominictarr/split","repository":{"type":"git","url":"git://github.com/dominictarr/split.git"},"dependencies":{"through":"2"},"devDependencies":{"asynct":"*","it-is":"1","ubelt":"~2.9","stream-spec":"~0.2","event-stream":"~3.0.2"},"scripts":{"test":"asynct test/"},"author":{"name":"Dominic Tarr","email":"dominic.tarr@gmail.com","url":"http://bit.ly/dominictarr"},"optionalDependencies":{},"engines":{"node":"*"},"_id":"split@0.2.5","dist":{"shasum":"605bca21d8f6e32ec523270035baf351f787fa47","tarball":"https://registry.npmjs.org/split/-/split-0.2.5.tgz"},"_from":".","_npmVersion":"1.2.3","_npmUser":{"name":"dominictarr","email":"dominic.tarr@gmail.com"},"maintainers":[{"name":"dominictarr","email":"dominic.tarr@gmail.com"}],"directories":{}},"0.2.6":{"name":"split","version":"0.2.6","description":"split a Text Stream into a Line Stream","homepage":"http://github.com/dominictarr/split","repository":{"type":"git","url":"git://github.com/dominictarr/split.git"},"dependencies":{"through":"2"},"devDependencies":{"asynct":"*","it-is":"1","ubelt":"~2.9","stream-spec":"~0.2","event-stream":"~3.0.2"},"scripts":{"test":"asynct test/"},"author":{"name":"Dominic Tarr","email":"dominic.tarr@gmail.com","url":"http://bit.ly/dominictarr"},"optionalDependencies":{},"engines":{"node":"*"},"bugs":{"url":"https://github.com/dominictarr/split/issues"},"_id":"split@0.2.6","dist":{"shasum":"14ecd80f4af3d7a286f005fb9f7089dcf2fb673c","tarball":"https://registry.npmjs.org/split/-/split-0.2.6.tgz"},"_from":".","_npmVersion":"1.3.0","_npmUser":{"name":"dominictarr","email":"dominic.tarr@gmail.com"},"maintainers":[{"name":"dominictarr","email":"dominic.tarr@gmail.com"}],"directories":{}},"0.2.7":{"name":"split","version":"0.2.7","description":"split a Text Stream into a Line Stream","homepage":"http://github.com/dominictarr/split","repository":{"type":"git","url":"git://github.com/dominictarr/split.git"},"dependencies":{"through":"2"},"devDependencies":{"asynct":"*","it-is":"1","ubelt":"~2.9","stream-spec":"~0.2","event-stream":"~3.0.2"},"scripts":{"test":"asynct test/"},"author":{"name":"Dominic Tarr","email":"dominic.tarr@gmail.com","url":"http://bit.ly/dominictarr"},"optionalDependencies":{},"engines":{"node":"*"},"bugs":{"url":"https://github.com/dominictarr/split/issues"},"_id":"split@0.2.7","dist":{"shasum":"49cd5c05e23b82277dd83bc2b908c0a4c2ed886c","tarball":"https://registry.npmjs.org/split/-/split-0.2.7.tgz"},"_from":".","_npmVersion":"1.3.6","_npmUser":{"name":"dominictarr","email":"dominic.tarr@gmail.com"},"maintainers":[{"name":"dominictarr","email":"dominic.tarr@gmail.com"}],"directories":{}},"0.2.8":{"name":"split","version":"0.2.8","description":"split a Text Stream into a Line Stream","homepage":"http://github.com/dominictarr/split","repository":{"type":"git","url":"git://github.com/dominictarr/split.git"},"dependencies":{"through":"2"},"devDependencies":{"asynct":"*","it-is":"1","ubelt":"~2.9","stream-spec":"~0.2","event-stream":"~3.0.2"},"scripts":{"test":"asynct test/"},"author":{"name":"Dominic Tarr","email":"dominic.tarr@gmail.com","url":"http://bit.ly/dominictarr"},"optionalDependencies":{},"engines":{"node":"*"},"bugs":{"url":"https://github.com/dominictarr/split/issues"},"_id":"split@0.2.8","dist":{"shasum":"bbed24c08aba376f8389d98ee12dc227db31b339","tarball":"https://registry.npmjs.org/split/-/split-0.2.8.tgz"},"_from":".","_npmVersion":"1.3.6","_npmUser":{"name":"dominictarr","email":"dominic.tarr@gmail.com"},"maintainers":[{"name":"dominictarr","email":"dominic.tarr@gmail.com"}],"directories":{}},"0.2.9":{"name":"split","version":"0.2.9","description":"split a Text Stream into a Line Stream","homepage":"http://github.com/dominictarr/split","repository":{"type":"git","url":"git://github.com/dominictarr/split.git"},"dependencies":{"through":"2"},"devDependencies":{"asynct":"*","it-is":"1","ubelt":"~2.9","stream-spec":"~0.2","event-stream":"~3.0.2"},"scripts":{"test":"asynct test/"},"author":{"name":"Dominic Tarr","email":"dominic.tarr@gmail.com","url":"http://bit.ly/dominictarr"},"optionalDependencies":{},"engines":{"node":"*"},"bugs":{"url":"https://github.com/dominictarr/split/issues"},"_id":"split@0.2.9","dist":{"shasum":"aa4489a97442fa3acb82a5d0aa012d02accf304c","tarball":"https://registry.npmjs.org/split/-/split-0.2.9.tgz"},"_from":".","_npmVersion":"1.3.6","_npmUser":{"name":"dominictarr","email":"dominic.tarr@gmail.com"},"maintainers":[{"name":"dominictarr","email":"dominic.tarr@gmail.com"}],"directories":{}},"0.2.10":{"name":"split","version":"0.2.10","description":"split a Text Stream into a Line Stream","homepage":"http://github.com/dominictarr/split","repository":{"type":"git","url":"git://github.com/dominictarr/split.git"},"dependencies":{"through":"2"},"devDependencies":{"asynct":"*","it-is":"1","ubelt":"~2.9","stream-spec":"~0.2","event-stream":"~3.0.2"},"scripts":{"test":"asynct test/"},"author":{"name":"Dominic Tarr","email":"dominic.tarr@gmail.com","url":"http://bit.ly/dominictarr"},"optionalDependencies":{},"engines":{"node":"*"},"bugs":{"url":"https://github.com/dominictarr/split/issues"},"_id":"split@0.2.10","dist":{"shasum":"67097c601d697ce1368f418f06cd201cf0521a57","tarball":"https://registry.npmjs.org/split/-/split-0.2.10.tgz"},"_from":".","_npmVersion":"1.3.6","_npmUser":{"name":"dominictarr","email":"dominic.tarr@gmail.com"},"maintainers":[{"name":"dominictarr","email":"dominic.tarr@gmail.com"}],"directories":{}},"0.3.0":{"name":"split","version":"0.3.0","description":"split a Text Stream into a Line Stream","homepage":"http://github.com/dominictarr/split","repository":{"type":"git","url":"git://github.com/dominictarr/split.git"},"dependencies":{"through":"2"},"devDependencies":{"asynct":"*","it-is":"1","ubelt":"~2.9","stream-spec":"~0.2","event-stream":"~3.0.2"},"scripts":{"test":"asynct test/"},"author":{"name":"Dominic Tarr","email":"dominic.tarr@gmail.com","url":"http://bit.ly/dominictarr"},"optionalDependencies":{},"engines":{"node":"*"},"bugs":{"url":"https://github.com/dominictarr/split/issues"},"_id":"split@0.3.0","dist":{"shasum":"02958c9fb7adb35907ac7068629aa28c91814f1b","tarball":"https://registry.npmjs.org/split/-/split-0.3.0.tgz"},"_from":".","_npmVersion":"1.3.21","_npmUser":{"name":"dominictarr","email":"dominic.tarr@gmail.com"},"maintainers":[{"name":"dominictarr","email":"dominic.tarr@gmail.com"}],"directories":{}},"0.3.1":{"name":"split","version":"0.3.1","license":"MIT","description":"split a Text Stream into a Line Stream","homepage":"http://github.com/dominictarr/split","repository":{"type":"git","url":"git://github.com/dominictarr/split.git"},"dependencies":{"through":"2"},"devDependencies":{"asynct":"*","it-is":"1","ubelt":"~2.9","stream-spec":"~0.2","event-stream":"~3.0.2"},"scripts":{"test":"asynct test/"},"author":{"name":"Dominic Tarr","email":"dominic.tarr@gmail.com","url":"http://bit.ly/dominictarr"},"optionalDependencies":{},"engines":{"node":"*"},"gitHead":"93d5c8a04da1ca4acf040c1f08dc5f4316e09711","bugs":{"url":"https://github.com/dominictarr/split/issues"},"_id":"split@0.3.1","_shasum":"cebcf142bf61bbb64b141628e6db482a2914654c","_from":".","_npmVersion":"1.4.26","_npmUser":{"name":"dominictarr","email":"dominic.tarr@gmail.com"},"maintainers":[{"name":"dominictarr","email":"dominic.tarr@gmail.com"}],"dist":{"shasum":"cebcf142bf61bbb64b141628e6db482a2914654c","tarball":"https://registry.npmjs.org/split/-/split-0.3.1.tgz"},"directories":{}},"0.3.2":{"name":"split","version":"0.3.2","license":"MIT","description":"split a Text Stream into a Line Stream","homepage":"http://github.com/dominictarr/split","repository":{"type":"git","url":"git://github.com/dominictarr/split.git"},"dependencies":{"through":"2"},"devDependencies":{"asynct":"*","it-is":"1","ubelt":"~2.9","stream-spec":"~0.2","event-stream":"~3.0.2"},"scripts":{"test":"asynct test/"},"author":{"name":"Dominic Tarr","email":"dominic.tarr@gmail.com","url":"http://bit.ly/dominictarr"},"optionalDependencies":{},"engines":{"node":"*"},"gitHead":"d2ae5e25453c89181c7e53527f08eef416c5fdba","bugs":{"url":"https://github.com/dominictarr/split/issues"},"_id":"split@0.3.2","_shasum":"4b812a275f842c1d340c12761e40df7b802bca17","_from":".","_npmVersion":"1.4.26","_npmUser":{"name":"dominictarr","email":"dominic.tarr@gmail.com"},"maintainers":[{"name":"dominictarr","email":"dominic.tarr@gmail.com"}],"dist":{"shasum":"4b812a275f842c1d340c12761e40df7b802bca17","tarball":"https://registry.npmjs.org/split/-/split-0.3.2.tgz"},"directories":{}},"0.3.3":{"name":"split","version":"0.3.3","license":"MIT","description":"split a Text Stream into a Line Stream","homepage":"http://github.com/dominictarr/split","repository":{"type":"git","url":"git://github.com/dominictarr/split.git"},"dependencies":{"through":"2"},"devDependencies":{"asynct":"*","event-stream":"~3.0.2","it-is":"1","stream-spec":"~0.2","ubelt":"~2.9","string-to-stream":"~1.0.0"},"scripts":{"test":"asynct test/"},"author":{"name":"Dominic Tarr","email":"dominic.tarr@gmail.com","url":"http://bit.ly/dominictarr"},"optionalDependencies":{},"engines":{"node":"*"},"gitHead":"3fe392ef2aabce9db7abe8185ec48389ae224883","bugs":{"url":"https://github.com/dominictarr/split/issues"},"_id":"split@0.3.3","_shasum":"cd0eea5e63a211dfff7eb0f091c4133e2d0dd28f","_from":".","_npmVersion":"2.2.0","_nodeVersion":"0.10.35","_npmUser":{"name":"dominictarr","email":"dominic.tarr@gmail.com"},"maintainers":[{"name":"dominictarr","email":"dominic.tarr@gmail.com"}],"dist":{"shasum":"cd0eea5e63a211dfff7eb0f091c4133e2d0dd28f","tarball":"https://registry.npmjs.org/split/-/split-0.3.3.tgz"},"directories":{}},"1.0.0":{"name":"split","version":"1.0.0","license":"MIT","description":"split a Text Stream into a Line Stream","homepage":"http://github.com/dominictarr/split","repository":{"type":"git","url":"git://github.com/dominictarr/split.git"},"dependencies":{"through":"2"},"devDependencies":{"asynct":"*","event-stream":"~3.0.2","it-is":"1","stream-spec":"~0.2","ubelt":"~2.9","string-to-stream":"~1.0.0"},"scripts":{"test":"asynct test/"},"author":{"name":"Dominic Tarr","email":"dominic.tarr@gmail.com","url":"http://bit.ly/dominictarr"},"optionalDependencies":{},"engines":{"node":"*"},"gitHead":"08b99aafdd40ec84aa88ac29eb808c70a2ecb549","bugs":{"url":"https://github.com/dominictarr/split/issues"},"_id":"split@1.0.0","_shasum":"c4395ce683abcd254bc28fe1dabb6e5c27dcffae","_from":".","_npmVersion":"1.4.28","_npmUser":{"name":"dominictarr","email":"dominic.tarr@gmail.com"},"maintainers":[{"name":"dominictarr","email":"dominic.tarr@gmail.com"}],"dist":{"shasum":"c4395ce683abcd254bc28fe1dabb6e5c27dcffae","tarball":"https://registry.npmjs.org/split/-/split-1.0.0.tgz"},"directories":{}},"1.0.1":{"name":"split","version":"1.0.1","license":"MIT","description":"split a Text Stream into a Line Stream","homepage":"http://github.com/dominictarr/split","repository":{"type":"git","url":"git://github.com/dominictarr/split.git"},"dependencies":{"through":"2"},"devDependencies":{"asynct":"*","event-stream":"~3.0.2","it-is":"1","stream-spec":"~0.2","ubelt":"~2.9","string-to-stream":"~1.0.0"},"scripts":{"test":"asynct test/"},"author":{"name":"Dominic Tarr","email":"dominic.tarr@gmail.com","url":"http://bit.ly/dominictarr"},"optionalDependencies":{},"engines":{"node":"*"},"gitHead":"b567eb4768dfb1d2153e19702438626059ac9f37","bugs":{"url":"https://github.com/dominictarr/split/issues"},"_id":"split@1.0.1","_npmVersion":"5.3.0","_nodeVersion":"6.5.0","_npmUser":{"name":"dominictarr","email":"dominic.tarr@gmail.com"},"dist":{"integrity":"sha512-mTyOoPbrivtXnwnIxZRFYRrPNtEFKlpB2fvjSnCQUiAA6qAZzqwna5envK4uk6OIeP17CsdF3rSBGYVBsU0Tkg==","shasum":"605bd9be303aa59fb35f9229fbea0ddec9ea07d9","tarball":"https://registry.npmjs.org/split/-/split-1.0.1.tgz"},"maintainers":[{"name":"dominictarr","email":"dominic.tarr@gmail.com"}],"_npmOperationalInternal":{"host":"s3://npm-registry-packages","tmp":"tmp/split-1.0.1.tgz_1501747438339_0.998140046838671"},"directories":{}}},"readme":"# Split (matcher)\n\n[![build status](https://secure.travis-ci.org/dominictarr/split.png)](http://travis-ci.org/dominictarr/split)\n\nBreak up a stream and reassemble it so that each line is a chunk. matcher may be a `String`, or a `RegExp`\n\nExample, read every line in a file ...\n\n``` js\n  fs.createReadStream(file)\n    .pipe(split())\n    .on('data', function (line) {\n      //each chunk now is a separate line!\n    })\n\n```\n\n`split` takes the same arguments as `string.split` except it defaults to '/\\r?\\n/' instead of ',', and the optional `limit` parameter is ignored.\n[String#split](https://developer.mozilla.org/en/JavaScript/Reference/Global_Objects/String/split)\n\n`split` takes an optional options object on its third argument.\n\n``` js\n  split(matcher, mapper, options)\n```\n\nValid options:\n\n* maxLength - The maximum buffer length without seeing a newline or `matcher`,\n  if a single line exceeds this, the split stream will emit an error.\n\n``` js\n  split(JSON.parse, null, { maxLength: 2})\n```\n\n* trailing - By default the last buffer not delimited by a newline or `matcher` will be emitted. To prevent this set `options.trailing` to `false`.\n\n``` js\n  split(JSON.parse, null, { trailing: false })\n```\n\n## keep matched splitter\n\nAs with `String#split`, if you split by a regular expression with a matching group,\nthe matches will be retained in the collection.\n\n```\nstdin\n.pipe(split(/(\\r?\\n)/))\n... //lines + separators.\n```\n\n\n# NDJ - Newline Delimited Json\n\n`split` accepts a function which transforms each line.\n\n``` js\nfs.createReadStream(file)\n  .pipe(split(JSON.parse))\n  .on('data', function (obj) {\n    //each chunk now is a a js object\n  })\n  .on('error', function (err) {\n    //syntax errors will land here\n    //note, this ends the stream.\n  })\n```\n\n# License\n\nMIT\n","maintainers":[{"name":"dominictarr","email":"dominic.tarr@gmail.com"}],"time":{"modified":"2018-01-10T07:18:17.695Z","created":"2012-08-30T14:21:55.557Z","0.0.0":"2012-08-30T14:21:57.957Z","0.1.0":"2012-08-30T14:37:53.053Z","0.1.1":"2013-01-06T10:24:50.760Z","0.1.2":"2013-01-23T00:07:27.593Z","0.2.0":"2013-02-05T07:14:33.746Z","0.2.1":"2013-02-14T23:19:03.153Z","0.2.3":"2013-04-11T08:58:24.117Z","0.2.4":"2013-04-12T15:27:07.809Z","0.2.5":"2013-04-25T16:18:29.114Z","0.2.6":"2013-07-11T07:12:00.385Z","0.2.7":"2013-08-06T16:03:52.085Z","0.2.8":"2013-08-06T16:05:21.343Z","0.2.9":"2013-08-07T08:46:01.975Z","0.2.10":"2013-08-07T08:48:33.572Z","0.3.0":"2014-01-29T18:11:50.069Z","0.3.1":"2014-11-03T16:41:06.661Z","0.3.2":"2014-12-02T14:06:56.546Z","0.3.3":"2015-02-02T10:08:33.385Z","1.0.0":"2015-05-24T17:07:19.889Z","1.0.1":"2017-08-03T08:03:58.517Z"},"author":{"name":"Dominic Tarr","email":"dominic.tarr@gmail.com","url":"http://bit.ly/dominictarr"},"repository":{"type":"git","url":"git://github.com/dominictarr/split.git"},"users":{"306766053":true,"mmckegg":true,"pragmadash":true,"bpierre":true,"tarcio":true,"drspaceman":true,"garrickcheung":true,"joshmu":true,"tunnckocore":true,"nromano":true,"gaboesquivel":true,"alanshaw":true,"liveinjs":true,"bmpvieira":true,"joshwyatt":true,"detj":true,"wangyinchuan":true,"ryanj":true,"focusaurus":true,"joakin":true,"noffle":true,"juicypasta":true,"markthethomas":true,"bertuz":true,"456wyc":true,"dwaynecrooks":true,"fank":true,"akiva":true,"staraple":true,"dotnil":true,"ggorczynski":true,"phoenix-xsy":true,"thecodeparadox":true,"asawq2006":true,"kodeandgame":true,"adiachenko":true,"princetoad":true,"lcsrinaldi":true,"rbecheras":true,"louisyeh":true,"0x4c3p":true,"barenko":true,"zedyu":true,"galenandrew":true,"usnow":true,"eterna2":true,"xieranmaya":true,"stany":true,"superherointj":true,"jabbalaci":true,"wenbing":true,"sirrah":true,"wangnan0610":true,"evanyeung":true,"leobakerhytch":true,"ray_ye":true,"alottofideas":true,"cantidio":true,"debearloper":true,"mauricio_andrades":true,"pragmader":true,"akarem":true,"francisbrito":true,"qddegtya":true,"seangenabe":true,"lgh06":true,"leonzhao":true,"amala":true,"monjer":true,"indraone01":true,"andygreenegrass":true,"robmcguinness":true,"hckhanh":true,"noopkat":true,"enderandpeter":true,"bhaskarmelkani":true,"tvvixie":true,"wvlvik":true,"zousandian":true,"asadm2706":true,"hintss":true},"readmeFilename":"readme.markdown","homepage":"http://github.com/dominictarr/split","bugs":{"url":"https://github.com/dominictarr/split/issues"},"license":"MIT","_attachments":{},"_etag":"W/\"2cc0c0942b6c0456ed50702d9ea8cf43\"","_lastModified":"Sun, 27 May 2018 18:01:48 GMT"}