{"_id":"event-stream","_rev":"277-7cbc316b69865ddafc311cec1f5edd22","name":"event-stream","description":"construct pipes of streams of events","dist-tags":{"latest":"3.3.4"},"versions":{"0.1.0":{"name":"event-stream","version":"0.1.0","description":"construct pipes of streams of events","homepage":"http://github.com/dominictarr/event-stream","repository":{"type":"git","url":"git://github.com/dominictarr/event-stream.git"},"dependencies":{},"devDependencies":{},"author":{"name":"Dominic Tarr","email":"dominic.tarr@gmail.com","url":"http://bit.ly/dominictarr"},"_npmJsonOpts":{"file":"/home/dominic/.npm/event-stream/0.1.0/package/package.json","wscript":false,"contributors":false,"serverjs":false},"_id":"event-stream@0.1.0","engines":{"node":"*"},"_engineSupported":true,"_npmVersion":"1.0.13","_nodeVersion":"v0.4.10","_defaultsLoaded":true,"dist":{"shasum":"6e9d2d059cf66deeb001d211bd60e45a9c0ae05e","tarball":"http://registry.npmjs.org/event-stream/-/event-stream-0.1.0.tgz"},"scripts":{},"maintainers":[{"name":"dominictarr","email":"dominic.tarr@gmail.com"}],"_npmUser":{"name":"dominictarr","email":"dominic.tarr@gmail.com"},"directories":{}},"0.2.0":{"name":"event-stream","version":"0.2.0","description":"construct pipes of streams of events","homepage":"http://github.com/dominictarr/event-stream","repository":{"type":"git","url":"git://github.com/dominictarr/event-stream.git"},"dependencies":{},"devDependencies":{},"author":{"name":"Dominic Tarr","email":"dominic.tarr@gmail.com","url":"http://bit.ly/dominictarr"},"_npmJsonOpts":{"file":"/home/dominic/.npm/event-stream/0.2.0/package/package.json","wscript":false,"contributors":false,"serverjs":false},"_id":"event-stream@0.2.0","engines":{"node":"*"},"_engineSupported":true,"_npmVersion":"1.0.27","_nodeVersion":"v0.4.10","_defaultsLoaded":true,"dist":{"shasum":"1cbcb8c7b361e5c7d2b72738afca5b6fdfcd31af","tarball":"http://registry.npmjs.org/event-stream/-/event-stream-0.2.0.tgz"},"maintainers":[{"name":"dominictarr","email":"dominic.tarr@gmail.com"}],"_npmUser":{"name":"dominictarr","email":"dominic.tarr@gmail.com"},"directories":{}},"0.2.1":{"name":"event-stream","version":"0.2.1","description":"construct pipes of streams of events","homepage":"http://github.com/dominictarr/event-stream","repository":{"type":"git","url":"git://github.com/dominictarr/event-stream.git"},"dependencies":{},"devDependencies":{"asynct":"1","it-is":"1","d-utils":"2.3"},"author":{"name":"Dominic Tarr","email":"dominic.tarr@gmail.com","url":"http://bit.ly/dominictarr"},"_npmJsonOpts":{"file":"/home/dominic/.npm/event-stream/0.2.1/package/package.json","wscript":false,"contributors":false,"serverjs":false},"_id":"event-stream@0.2.1","engines":{"node":"*"},"_engineSupported":true,"_npmVersion":"1.0.27","_nodeVersion":"v0.4.10","_defaultsLoaded":true,"dist":{"shasum":"8bb45416f8ccffc608a4525e5c0d35fb0c1dc9f5","tarball":"http://registry.npmjs.org/event-stream/-/event-stream-0.2.1.tgz"},"maintainers":[{"name":"dominictarr","email":"dominic.tarr@gmail.com"}],"_npmUser":{"name":"dominictarr","email":"dominic.tarr@gmail.com"},"directories":{}},"0.3.0":{"name":"event-stream","version":"0.3.0","description":"construct pipes of streams of events","homepage":"http://github.com/dominictarr/event-stream","repository":{"type":"git","url":"git://github.com/dominictarr/event-stream.git"},"dependencies":{},"devDependencies":{"asynct":"1","it-is":"1","d-utils":"2.3"},"author":{"name":"Dominic Tarr","email":"dominic.tarr@gmail.com","url":"http://bit.ly/dominictarr"},"_npmJsonOpts":{"file":"/home/dominic/.npm/event-stream/0.3.0/package/package.json","wscript":false,"contributors":false,"serverjs":false},"_id":"event-stream@0.3.0","engines":{"node":"*"},"_engineSupported":true,"_npmVersion":"1.0.27","_nodeVersion":"v0.4.10","_defaultsLoaded":true,"dist":{"shasum":"13185462d01da4b299aa15eb69ba58bbbe1d0e4e","tarball":"http://registry.npmjs.org/event-stream/-/event-stream-0.3.0.tgz"},"maintainers":[{"name":"dominictarr","email":"dominic.tarr@gmail.com"}],"_npmUser":{"name":"dominictarr","email":"dominic.tarr@gmail.com"},"directories":{}},"0.4.0":{"name":"event-stream","version":"0.4.0","description":"construct pipes of streams of events","homepage":"http://github.com/dominictarr/event-stream","repository":{"type":"git","url":"git://github.com/dominictarr/event-stream.git"},"dependencies":{},"devDependencies":{"asynct":"1","it-is":"1","d-utils":"2.3"},"author":{"name":"Dominic Tarr","email":"dominic.tarr@gmail.com","url":"http://bit.ly/dominictarr"},"_npmJsonOpts":{"file":"/home/dominic/.npm/event-stream/0.4.0/package/package.json","wscript":false,"contributors":false,"serverjs":false},"_id":"event-stream@0.4.0","engines":{"node":"*"},"_engineSupported":true,"_npmVersion":"1.0.27","_nodeVersion":"v0.4.10","_defaultsLoaded":true,"dist":{"shasum":"e8c0a3615d4bfb64fb241fbda70aa298c110d78d","tarball":"http://registry.npmjs.org/event-stream/-/event-stream-0.4.0.tgz"},"maintainers":[{"name":"dominictarr","email":"dominic.tarr@gmail.com"}],"_npmUser":{"name":"dominictarr","email":"dominic.tarr@gmail.com"},"directories":{}},"0.5.0":{"name":"event-stream","version":"0.5.0","description":"construct pipes of streams of events","homepage":"http://github.com/dominictarr/event-stream","repository":{"type":"git","url":"git://github.com/dominictarr/event-stream.git"},"dependencies":{},"devDependencies":{"asynct":"1","it-is":"1","d-utils":"2.3"},"author":{"name":"Dominic Tarr","email":"dominic.tarr@gmail.com","url":"http://bit.ly/dominictarr"},"_npmJsonOpts":{"file":"/home/dominic/.npm/event-stream/0.5.0/package/package.json","wscript":false,"contributors":false,"serverjs":false},"_id":"event-stream@0.5.0","engines":{"node":"*"},"_engineSupported":true,"_npmVersion":"1.0.27","_nodeVersion":"v0.4.10","_defaultsLoaded":true,"dist":{"shasum":"afc04362b4a75ff6693b403b1cc996505f78cd6e","tarball":"http://registry.npmjs.org/event-stream/-/event-stream-0.5.0.tgz"},"maintainers":[{"name":"dominictarr","email":"dominic.tarr@gmail.com"}],"_npmUser":{"name":"dominictarr","email":"dominic.tarr@gmail.com"},"directories":{}},"0.5.1":{"name":"event-stream","version":"0.5.1","description":"construct pipes of streams of events","homepage":"http://github.com/dominictarr/event-stream","repository":{"type":"git","url":"git://github.com/dominictarr/event-stream.git"},"dependencies":{"optimist":"0.2"},"devDependencies":{"asynct":"1","it-is":"1","d-utils":"2.3"},"author":{"name":"Dominic Tarr","email":"dominic.tarr@gmail.com","url":"http://bit.ly/dominictarr"},"_npmJsonOpts":{"file":"/home/dominic/.npm/event-stream/0.5.1/package/package.json","wscript":false,"contributors":false,"serverjs":false},"_id":"event-stream@0.5.1","engines":{"node":"*"},"_engineSupported":true,"_npmVersion":"1.0.27","_nodeVersion":"v0.4.10","_defaultsLoaded":true,"dist":{"shasum":"39b93b81a5c2012e9bf42013248d1fa867ef680b","tarball":"http://registry.npmjs.org/event-stream/-/event-stream-0.5.1.tgz"},"maintainers":[{"name":"dominictarr","email":"dominic.tarr@gmail.com"}],"_npmUser":{"name":"dominictarr","email":"dominic.tarr@gmail.com"},"directories":{}},"0.5.2":{"name":"event-stream","version":"0.5.2","description":"construct pipes of streams of events","homepage":"http://github.com/dominictarr/event-stream","repository":{"type":"git","url":"git://github.com/dominictarr/event-stream.git"},"dependencies":{"optimist":"0.2"},"devDependencies":{"asynct":"1","it-is":"1","d-utils":"2.3"},"author":{"name":"Dominic Tarr","email":"dominic.tarr@gmail.com","url":"http://bit.ly/dominictarr"},"_npmUser":{"name":"dominictarr","email":"dominic.tarr@gmail.com"},"_id":"event-stream@0.5.2","engines":{"node":"*"},"_engineSupported":true,"_npmVersion":"1.0.101","_nodeVersion":"v0.4.10","_defaultsLoaded":true,"dist":{"shasum":"a27dda2021993cfade22037178b6da812dd06ea4","tarball":"http://registry.npmjs.org/event-stream/-/event-stream-0.5.2.tgz"},"maintainers":[{"name":"dominictarr","email":"dominic.tarr@gmail.com"}],"directories":{}},"0.5.3":{"name":"event-stream","version":"0.5.3","description":"construct pipes of streams of events","homepage":"http://github.com/dominictarr/event-stream","repository":{"type":"git","url":"git://github.com/dominictarr/event-stream.git"},"dependencies":{"optimist":"0.2"},"devDependencies":{"asynct":"1","it-is":"1","d-utils":"2.3"},"author":{"name":"Dominic Tarr","email":"dominic.tarr@gmail.com","url":"http://bit.ly/dominictarr"},"_npmUser":{"name":"dominictarr","email":"dominic.tarr@gmail.com"},"_id":"event-stream@0.5.3","engines":{"node":"*"},"_engineSupported":true,"_npmVersion":"1.0.101","_nodeVersion":"v0.4.10","_defaultsLoaded":true,"dist":{"shasum":"b77b9309f7107addfeab63f0c0eafd8db0bd8c1c","tarball":"http://registry.npmjs.org/event-stream/-/event-stream-0.5.3.tgz"},"maintainers":[{"name":"dominictarr","email":"dominic.tarr@gmail.com"}],"directories":{}},"0.6.0":{"name":"event-stream","version":"0.6.0","description":"construct pipes of streams of events","homepage":"http://github.com/dominictarr/event-stream","repository":{"type":"git","url":"git://github.com/dominictarr/event-stream.git"},"dependencies":{"optimist":"0.2"},"devDependencies":{"asynct":"1","it-is":"1","d-utils":"2.3"},"author":{"name":"Dominic Tarr","email":"dominic.tarr@gmail.com","url":"http://bit.ly/dominictarr"},"_npmUser":{"name":"dominictarr","email":"dominic.tarr@gmail.com"},"_id":"event-stream@0.6.0","engines":{"node":"*"},"_engineSupported":true,"_npmVersion":"1.0.103","_nodeVersion":"v0.4.12","_defaultsLoaded":true,"dist":{"shasum":"5601c6c61f595010d1eabfdc9265b1ad5e9902b8","tarball":"http://registry.npmjs.org/event-stream/-/event-stream-0.6.0.tgz"},"maintainers":[{"name":"dominictarr","email":"dominic.tarr@gmail.com"}],"directories":{}},"0.7.0":{"name":"event-stream","version":"0.7.0","description":"construct pipes of streams of events","homepage":"http://github.com/dominictarr/event-stream","repository":{"type":"git","url":"git://github.com/dominictarr/event-stream.git"},"dependencies":{"optimist":"0.2"},"devDependencies":{"asynct":"1","it-is":"1","d-utils":"2.3"},"author":{"name":"Dominic Tarr","email":"dominic.tarr@gmail.com","url":"http://bit.ly/dominictarr"},"_npmUser":{"name":"dominictarr","email":"dominic.tarr@gmail.com"},"_id":"event-stream@0.7.0","engines":{"node":"*"},"_engineSupported":true,"_npmVersion":"1.0.103","_nodeVersion":"v0.4.12","_defaultsLoaded":true,"dist":{"shasum":"2d0d12412e0a24f56641766932b9558718e0001f","tarball":"http://registry.npmjs.org/event-stream/-/event-stream-0.7.0.tgz"},"maintainers":[{"name":"dominictarr","email":"dominic.tarr@gmail.com"}],"directories":{}},"0.8.0":{"name":"event-stream","version":"0.8.0","description":"construct pipes of streams of events","homepage":"http://github.com/dominictarr/event-stream","repository":{"type":"git","url":"git://github.com/dominictarr/event-stream.git"},"dependencies":{"optimist":"0.2"},"devDependencies":{"asynct":"1","it-is":"1","d-utils":"2.3"},"author":{"name":"Dominic Tarr","email":"dominic.tarr@gmail.com","url":"http://bit.ly/dominictarr"},"_npmUser":{"name":"dominictarr","email":"dominic.tarr@gmail.com"},"_id":"event-stream@0.8.0","optionalDependencies":{},"engines":{"node":"*"},"_engineSupported":true,"_npmVersion":"1.1.0-3","_nodeVersion":"v0.6.10","_defaultsLoaded":true,"dist":{"shasum":"9117185ceba4b8f5cac2e6d8745f011599a3646e","tarball":"http://registry.npmjs.org/event-stream/-/event-stream-0.8.0.tgz"},"maintainers":[{"name":"dominictarr","email":"dominic.tarr@gmail.com"}],"directories":{}},"0.8.1":{"name":"event-stream","version":"0.8.1","description":"construct pipes of streams of events","homepage":"http://github.com/dominictarr/event-stream","repository":{"type":"git","url":"git://github.com/dominictarr/event-stream.git"},"dependencies":{"optimist":"0.2"},"devDependencies":{"asynct":"1","it-is":"1","d-utils":"2.3"},"author":{"name":"Dominic Tarr","email":"dominic.tarr@gmail.com","url":"http://bit.ly/dominictarr"},"_npmUser":{"name":"dominictarr","email":"dominic.tarr@gmail.com"},"_id":"event-stream@0.8.1","optionalDependencies":{},"engines":{"node":"*"},"_engineSupported":true,"_npmVersion":"1.1.0-3","_nodeVersion":"v0.6.10","_defaultsLoaded":true,"dist":{"shasum":"7f820fbedd6be767161fbabe725c556e6195f6ef","tarball":"http://registry.npmjs.org/event-stream/-/event-stream-0.8.1.tgz"},"maintainers":[{"name":"dominictarr","email":"dominic.tarr@gmail.com"}],"directories":{}},"0.8.2":{"name":"event-stream","version":"0.8.2","description":"construct pipes of streams of events","homepage":"http://github.com/dominictarr/event-stream","repository":{"type":"git","url":"git://github.com/dominictarr/event-stream.git"},"dependencies":{"optimist":"0.2"},"devDependencies":{"asynct":"*","it-is":"1","ubelt":"~2.9"},"scripts":{"test":"asynct test/"},"author":{"name":"Dominic Tarr","email":"dominic.tarr@gmail.com","url":"http://bit.ly/dominictarr"},"_npmUser":{"name":"dominictarr","email":"dominic.tarr@gmail.com"},"_id":"event-stream@0.8.2","optionalDependencies":{},"engines":{"node":"*"},"_engineSupported":true,"_npmVersion":"1.1.0-3","_nodeVersion":"v0.6.10","_defaultsLoaded":true,"dist":{"shasum":"f44d557462062ab20ec6198f9bca7193507d7907","tarball":"http://registry.npmjs.org/event-stream/-/event-stream-0.8.2.tgz"},"maintainers":[{"name":"dominictarr","email":"dominic.tarr@gmail.com"}],"directories":{}},"0.9.0":{"name":"event-stream","version":"0.9.0","description":"construct pipes of streams of events","homepage":"http://github.com/dominictarr/event-stream","repository":{"type":"git","url":"git://github.com/dominictarr/event-stream.git"},"dependencies":{"optimist":"0.2"},"devDependencies":{"asynct":"*","it-is":"1","ubelt":"~2.9"},"scripts":{"test":"asynct test/"},"author":{"name":"Dominic Tarr","email":"dominic.tarr@gmail.com","url":"http://bit.ly/dominictarr"},"_npmUser":{"name":"dominictarr","email":"dominic.tarr@gmail.com"},"_id":"event-stream@0.9.0","optionalDependencies":{},"engines":{"node":"*"},"_engineSupported":true,"_npmVersion":"1.1.0-3","_nodeVersion":"v0.6.10","_defaultsLoaded":true,"dist":{"shasum":"8d9fbf773800284b48e158320fe84ed172a5ff04","tarball":"http://registry.npmjs.org/event-stream/-/event-stream-0.9.0.tgz"},"maintainers":[{"name":"dominictarr","email":"dominic.tarr@gmail.com"}],"directories":{}},"0.9.1":{"name":"event-stream","version":"0.9.1","description":"construct pipes of streams of events","homepage":"http://github.com/dominictarr/event-stream","repository":{"type":"git","url":"git://github.com/dominictarr/event-stream.git"},"dependencies":{"optimist":"0.2"},"devDependencies":{"asynct":"*","it-is":"1","ubelt":"~2.9"},"scripts":{"test":"asynct test/"},"author":{"name":"Dominic Tarr","email":"dominic.tarr@gmail.com","url":"http://bit.ly/dominictarr"},"_npmUser":{"name":"dominictarr","email":"dominic.tarr@gmail.com"},"_id":"event-stream@0.9.1","optionalDependencies":{},"engines":{"node":"*"},"_engineSupported":true,"_npmVersion":"1.1.0-3","_nodeVersion":"v0.6.10","_defaultsLoaded":true,"dist":{"shasum":"d13bd543138154f503146878ba500c005eb9d5cb","tarball":"http://registry.npmjs.org/event-stream/-/event-stream-0.9.1.tgz"},"maintainers":[{"name":"dominictarr","email":"dominic.tarr@gmail.com"}],"directories":{}},"0.9.2":{"name":"event-stream","version":"0.9.2","description":"construct pipes of streams of events","homepage":"http://github.com/dominictarr/event-stream","repository":{"type":"git","url":"git://github.com/dominictarr/event-stream.git"},"dependencies":{"optimist":"0.2"},"devDependencies":{"asynct":"*","it-is":"1","ubelt":"~2.9"},"scripts":{"test":"asynct test/"},"author":{"name":"Dominic Tarr","email":"dominic.tarr@gmail.com","url":"http://bit.ly/dominictarr"},"_npmUser":{"name":"dominictarr","email":"dominic.tarr@gmail.com"},"_id":"event-stream@0.9.2","optionalDependencies":{},"engines":{"node":"*"},"_engineSupported":true,"_npmVersion":"1.1.0-3","_nodeVersion":"v0.6.10","_defaultsLoaded":true,"dist":{"shasum":"0768518cf67b8389a07385066578fc1041fd0e84","tarball":"http://registry.npmjs.org/event-stream/-/event-stream-0.9.2.tgz"},"maintainers":[{"name":"dominictarr","email":"dominic.tarr@gmail.com"}],"directories":{}},"0.9.3":{"name":"event-stream","version":"0.9.3","description":"construct pipes of streams of events","homepage":"http://github.com/dominictarr/event-stream","repository":{"type":"git","url":"git://github.com/dominictarr/event-stream.git"},"dependencies":{"optimist":"0.2"},"devDependencies":{"asynct":"*","it-is":"1","ubelt":"~2.9"},"scripts":{"test":"asynct test/"},"author":{"name":"Dominic Tarr","email":"dominic.tarr@gmail.com","url":"http://bit.ly/dominictarr"},"_npmUser":{"name":"dominictarr","email":"dominic.tarr@gmail.com"},"_id":"event-stream@0.9.3","optionalDependencies":{},"engines":{"node":"*"},"_engineSupported":true,"_npmVersion":"1.1.0-3","_nodeVersion":"v0.6.10","_defaultsLoaded":true,"dist":{"shasum":"dda71a9096a86819ca4fd87f0aeaf075cc7162dc","tarball":"http://registry.npmjs.org/event-stream/-/event-stream-0.9.3.tgz"},"maintainers":[{"name":"dominictarr","email":"dominic.tarr@gmail.com"}],"directories":{}},"0.9.4":{"name":"event-stream","version":"0.9.4","description":"construct pipes of streams of events","homepage":"http://github.com/dominictarr/event-stream","repository":{"type":"git","url":"git://github.com/dominictarr/event-stream.git"},"dependencies":{"optimist":"0.2"},"devDependencies":{"asynct":"*","it-is":"1","ubelt":"~2.9"},"scripts":{"test":"asynct test/"},"author":{"name":"Dominic Tarr","email":"dominic.tarr@gmail.com","url":"http://bit.ly/dominictarr"},"_npmUser":{"name":"dominictarr","email":"dominic.tarr@gmail.com"},"_id":"event-stream@0.9.4","optionalDependencies":{},"engines":{"node":"*"},"_engineSupported":true,"_npmVersion":"1.1.0-3","_nodeVersion":"v0.6.10","_defaultsLoaded":true,"dist":{"shasum":"eee7747b2dac5c8eba5e8ccdc2f6576502bd5ee3","tarball":"http://registry.npmjs.org/event-stream/-/event-stream-0.9.4.tgz"},"maintainers":[{"name":"dominictarr","email":"dominic.tarr@gmail.com"}],"directories":{}},"0.9.6":{"name":"event-stream","version":"0.9.6","description":"construct pipes of streams of events","homepage":"http://github.com/dominictarr/event-stream","repository":{"type":"git","url":"git://github.com/dominictarr/event-stream.git"},"dependencies":{"optimist":"0.2"},"devDependencies":{"asynct":"*","it-is":"1","ubelt":"~2.9"},"scripts":{"test":"asynct test/"},"author":{"name":"Dominic Tarr","email":"dominic.tarr@gmail.com","url":"http://bit.ly/dominictarr"},"_npmUser":{"name":"dominictarr","email":"dominic.tarr@gmail.com"},"_id":"event-stream@0.9.6","optionalDependencies":{},"engines":{"node":"*"},"_engineSupported":true,"_npmVersion":"1.1.0-3","_nodeVersion":"v0.6.10","_defaultsLoaded":true,"dist":{"shasum":"b2400917b19c7d56432dab4c9d8bb520492d77a0","tarball":"http://registry.npmjs.org/event-stream/-/event-stream-0.9.6.tgz"},"maintainers":[{"name":"dominictarr","email":"dominic.tarr@gmail.com"}],"directories":{}},"0.9.7":{"name":"event-stream","version":"0.9.7","description":"construct pipes of streams of events","homepage":"http://github.com/dominictarr/event-stream","repository":{"type":"git","url":"git://github.com/dominictarr/event-stream.git"},"dependencies":{"optimist":"0.2"},"devDependencies":{"asynct":"*","it-is":"1","ubelt":"~2.9"},"scripts":{"test":"asynct test/"},"author":{"name":"Dominic Tarr","email":"dominic.tarr@gmail.com","url":"http://bit.ly/dominictarr"},"_npmUser":{"name":"dominictarr","email":"dominic.tarr@gmail.com"},"_id":"event-stream@0.9.7","optionalDependencies":{},"engines":{"node":"*"},"_engineSupported":true,"_npmVersion":"1.1.0-3","_nodeVersion":"v0.6.10","_defaultsLoaded":true,"dist":{"shasum":"c179eaecf314eb43e164da0493628d288e4df879","tarball":"http://registry.npmjs.org/event-stream/-/event-stream-0.9.7.tgz"},"maintainers":[{"name":"dominictarr","email":"dominic.tarr@gmail.com"}],"directories":{}},"0.9.8":{"name":"event-stream","version":"0.9.8","description":"construct pipes of streams of events","homepage":"http://github.com/dominictarr/event-stream","repository":{"type":"git","url":"git://github.com/dominictarr/event-stream.git"},"dependencies":{"optimist":"0.2"},"devDependencies":{"asynct":"*","it-is":"1","ubelt":"~2.9"},"scripts":{"test":"asynct test/"},"author":{"name":"Dominic Tarr","email":"dominic.tarr@gmail.com","url":"http://bit.ly/dominictarr"},"_npmUser":{"name":"dominictarr","email":"dominic.tarr@gmail.com"},"_id":"event-stream@0.9.8","optionalDependencies":{},"engines":{"node":"*"},"_engineSupported":true,"_npmVersion":"1.1.0-3","_nodeVersion":"v0.6.10","_defaultsLoaded":true,"dist":{"shasum":"5da9cf3c7900975989db5a68c28e5b3c98ebe03a","tarball":"http://registry.npmjs.org/event-stream/-/event-stream-0.9.8.tgz"},"maintainers":[{"name":"dominictarr","email":"dominic.tarr@gmail.com"}],"directories":{}},"0.10.0":{"name":"event-stream","version":"0.10.0","description":"construct pipes of streams of events","homepage":"http://github.com/dominictarr/event-stream","repository":{"type":"git","url":"git://github.com/dominictarr/event-stream.git"},"dependencies":{"optimist":"0.2"},"devDependencies":{"asynct":"*","it-is":"1","ubelt":"~2.9"},"scripts":{"test":"asynct test/"},"author":{"name":"Dominic Tarr","email":"dominic.tarr@gmail.com","url":"http://bit.ly/dominictarr"},"_npmUser":{"name":"dominictarr","email":"dominic.tarr@gmail.com"},"_id":"event-stream@0.10.0","optionalDependencies":{},"engines":{"node":"*"},"_engineSupported":true,"_npmVersion":"1.1.21","_nodeVersion":"v0.6.17","_defaultsLoaded":true,"dist":{"shasum":"3b6e7dc596371408d0b3286920e32b3f63f35ed5","tarball":"http://registry.npmjs.org/event-stream/-/event-stream-0.10.0.tgz"},"maintainers":[{"name":"dominictarr","email":"dominic.tarr@gmail.com"}],"directories":{}},"1.0.0":{"name":"event-stream","version":"1.0.0","description":"construct pipes of streams of events","homepage":"http://github.com/dominictarr/event-stream","repository":{"type":"git","url":"git://github.com/dominictarr/event-stream.git"},"dependencies":{"optimist":"0.2"},"devDependencies":{"asynct":"*","it-is":"1","ubelt":"~2.9"},"scripts":{"test":"asynct test/"},"author":{"name":"Dominic Tarr","email":"dominic.tarr@gmail.com","url":"http://bit.ly/dominictarr"},"_npmUser":{"name":"dominictarr","email":"dominic.tarr@gmail.com"},"_id":"event-stream@1.0.0","optionalDependencies":{},"engines":{"node":"*"},"_engineSupported":true,"_npmVersion":"1.1.21","_nodeVersion":"v0.6.17","_defaultsLoaded":true,"dist":{"shasum":"d4ab19d0f4bf82174d69384882df1f1752877530","tarball":"http://registry.npmjs.org/event-stream/-/event-stream-1.0.0.tgz"},"maintainers":[{"name":"dominictarr","email":"dominic.tarr@gmail.com"}],"directories":{}},"1.1.0":{"name":"event-stream","version":"1.1.0","description":"construct pipes of streams of events","homepage":"http://github.com/dominictarr/event-stream","repository":{"type":"git","url":"git://github.com/dominictarr/event-stream.git"},"dependencies":{"optimist":"0.2"},"devDependencies":{"asynct":"*","it-is":"1","ubelt":"~2.9"},"scripts":{"test":"asynct test/"},"author":{"name":"Dominic Tarr","email":"dominic.tarr@gmail.com","url":"http://bit.ly/dominictarr"},"_npmUser":{"name":"dominictarr","email":"dominic.tarr@gmail.com"},"_id":"event-stream@1.1.0","optionalDependencies":{},"engines":{"node":"*"},"_engineSupported":true,"_npmVersion":"1.1.21","_nodeVersion":"v0.6.17","_defaultsLoaded":true,"dist":{"shasum":"92b6973d1ce30e6dcf87667b18614926dcaf38f8","tarball":"http://registry.npmjs.org/event-stream/-/event-stream-1.1.0.tgz"},"maintainers":[{"name":"dominictarr","email":"dominic.tarr@gmail.com"}],"directories":{}},"1.2.0":{"name":"event-stream","version":"1.2.0","description":"construct pipes of streams of events","homepage":"http://github.com/dominictarr/event-stream","repository":{"type":"git","url":"git://github.com/dominictarr/event-stream.git"},"dependencies":{"optimist":"0.2"},"devDependencies":{"asynct":"*","it-is":"1","ubelt":"~2.9"},"scripts":{"test":"asynct test/"},"author":{"name":"Dominic Tarr","email":"dominic.tarr@gmail.com","url":"http://bit.ly/dominictarr"},"_npmUser":{"name":"dominictarr","email":"dominic.tarr@gmail.com"},"_id":"event-stream@1.2.0","optionalDependencies":{},"engines":{"node":"*"},"_engineSupported":true,"_npmVersion":"1.1.21","_nodeVersion":"v0.6.18","_defaultsLoaded":true,"dist":{"shasum":"e9a3453ece01c90c45cac26616e0d4efa0aff3be","tarball":"http://registry.npmjs.org/event-stream/-/event-stream-1.2.0.tgz"},"maintainers":[{"name":"dominictarr","email":"dominic.tarr@gmail.com"}],"directories":{}},"1.3.0":{"name":"event-stream","version":"1.3.0","description":"construct pipes of streams of events","homepage":"http://github.com/dominictarr/event-stream","repository":{"type":"git","url":"git://github.com/dominictarr/event-stream.git"},"dependencies":{"optimist":"0.2"},"devDependencies":{"asynct":"*","it-is":"1","ubelt":"~2.9"},"scripts":{"test":"asynct test/"},"author":{"name":"Dominic Tarr","email":"dominic.tarr@gmail.com","url":"http://bit.ly/dominictarr"},"_npmUser":{"name":"dominictarr","email":"dominic.tarr@gmail.com"},"_id":"event-stream@1.3.0","optionalDependencies":{},"engines":{"node":"*"},"_engineSupported":true,"_npmVersion":"1.1.21","_nodeVersion":"v0.6.18","_defaultsLoaded":true,"dist":{"shasum":"3899301abf82233f69de8e625c0cf530097d130a","tarball":"http://registry.npmjs.org/event-stream/-/event-stream-1.3.0.tgz"},"maintainers":[{"name":"dominictarr","email":"dominic.tarr@gmail.com"}],"directories":{}},"1.3.1":{"name":"event-stream","version":"1.3.1","description":"construct pipes of streams of events","homepage":"http://github.com/dominictarr/event-stream","repository":{"type":"git","url":"git://github.com/dominictarr/event-stream.git"},"dependencies":{"optimist":"0.2"},"devDependencies":{"asynct":"*","it-is":"1","ubelt":"~2.9"},"scripts":{"test":"asynct test/"},"author":{"name":"Dominic Tarr","email":"dominic.tarr@gmail.com","url":"http://bit.ly/dominictarr"},"_npmUser":{"name":"dominictarr","email":"dominic.tarr@gmail.com"},"_id":"event-stream@1.3.1","optionalDependencies":{},"engines":{"node":"*"},"_engineSupported":true,"_npmVersion":"1.1.23","_nodeVersion":"v0.6.18","_defaultsLoaded":true,"dist":{"shasum":"19d3ae53b92910eb7a3f2bd382a58693b5eb22ab","tarball":"http://registry.npmjs.org/event-stream/-/event-stream-1.3.1.tgz"},"maintainers":[{"name":"dominictarr","email":"dominic.tarr@gmail.com"}],"directories":{}},"2.0.0":{"name":"event-stream","version":"2.0.0","description":"construct pipes of streams of events","homepage":"http://github.com/dominictarr/event-stream","repository":{"type":"git","url":"git://github.com/dominictarr/event-stream.git"},"dependencies":{"optimist":"0.2"},"devDependencies":{"asynct":"*","it-is":"1","ubelt":"~2.9"},"scripts":{"test":"asynct test/"},"author":{"name":"Dominic Tarr","email":"dominic.tarr@gmail.com","url":"http://bit.ly/dominictarr"},"_npmUser":{"name":"dominictarr","email":"dominic.tarr@gmail.com"},"_id":"event-stream@2.0.0","optionalDependencies":{},"engines":{"node":"*"},"_engineSupported":true,"_npmVersion":"1.1.23","_nodeVersion":"v0.6.18","_defaultsLoaded":true,"dist":{"shasum":"91b5599247c41672a3c75cd86877c2f9589f07f2","tarball":"http://registry.npmjs.org/event-stream/-/event-stream-2.0.0.tgz"},"maintainers":[{"name":"dominictarr","email":"dominic.tarr@gmail.com"}],"directories":{}},"2.0.1":{"name":"event-stream","version":"2.0.1","description":"construct pipes of streams of events","homepage":"http://github.com/dominictarr/event-stream","repository":{"type":"git","url":"git://github.com/dominictarr/event-stream.git"},"dependencies":{"optimist":"0.2"},"devDependencies":{"asynct":"*","it-is":"1","ubelt":"~2.9"},"scripts":{"test":"asynct test/"},"author":{"name":"Dominic Tarr","email":"dominic.tarr@gmail.com","url":"http://bit.ly/dominictarr"},"_npmUser":{"name":"dominictarr","email":"dominic.tarr@gmail.com"},"_id":"event-stream@2.0.1","optionalDependencies":{},"engines":{"node":"*"},"_engineSupported":true,"_npmVersion":"1.1.23","_nodeVersion":"v0.6.18","_defaultsLoaded":true,"dist":{"shasum":"817518c25263801c1e2fdc6aac1f231add90801a","tarball":"http://registry.npmjs.org/event-stream/-/event-stream-2.0.1.tgz"},"maintainers":[{"name":"dominictarr","email":"dominic.tarr@gmail.com"}],"directories":{}},"2.0.2":{"name":"event-stream","version":"2.0.2","description":"construct pipes of streams of events","homepage":"http://github.com/dominictarr/event-stream","repository":{"type":"git","url":"git://github.com/dominictarr/event-stream.git"},"dependencies":{"optimist":"0.2"},"devDependencies":{"asynct":"*","it-is":"1","ubelt":"~2.9"},"scripts":{"test":"asynct test/"},"author":{"name":"Dominic Tarr","email":"dominic.tarr@gmail.com","url":"http://bit.ly/dominictarr"},"_npmUser":{"name":"dominictarr","email":"dominic.tarr@gmail.com"},"_id":"event-stream@2.0.2","optionalDependencies":{},"engines":{"node":"*"},"_engineSupported":true,"_npmVersion":"1.1.23","_nodeVersion":"v0.6.18","_defaultsLoaded":true,"dist":{"shasum":"de33221d25115be73893e17679809e1ec1ef0021","tarball":"http://registry.npmjs.org/event-stream/-/event-stream-2.0.2.tgz"},"maintainers":[{"name":"dominictarr","email":"dominic.tarr@gmail.com"}],"directories":{}},"2.0.3":{"name":"event-stream","version":"2.0.3","description":"construct pipes of streams of events","homepage":"http://github.com/dominictarr/event-stream","repository":{"type":"git","url":"git://github.com/dominictarr/event-stream.git"},"dependencies":{"optimist":"0.2"},"devDependencies":{"asynct":"*","it-is":"1","ubelt":"~2.9"},"scripts":{"test":"asynct test/"},"author":{"name":"Dominic Tarr","email":"dominic.tarr@gmail.com","url":"http://bit.ly/dominictarr"},"_npmUser":{"name":"dominictarr","email":"dominic.tarr@gmail.com"},"_id":"event-stream@2.0.3","optionalDependencies":{},"engines":{"node":"*"},"_engineSupported":true,"_npmVersion":"1.1.23","_nodeVersion":"v0.6.18","_defaultsLoaded":true,"dist":{"shasum":"15a395ae817ce7e78611f6be00ea9e81ca94ae29","tarball":"http://registry.npmjs.org/event-stream/-/event-stream-2.0.3.tgz"},"maintainers":[{"name":"dominictarr","email":"dominic.tarr@gmail.com"}],"directories":{}},"2.0.4":{"name":"event-stream","version":"2.0.4","description":"construct pipes of streams of events","homepage":"http://github.com/dominictarr/event-stream","repository":{"type":"git","url":"git://github.com/dominictarr/event-stream.git"},"dependencies":{"optimist":"0.2"},"devDependencies":{"asynct":"*","it-is":"1","ubelt":"~2.9"},"scripts":{"test":"asynct test/"},"author":{"name":"Dominic Tarr","email":"dominic.tarr@gmail.com","url":"http://bit.ly/dominictarr"},"optionalDependencies":{},"engines":{"node":"*"},"_npmUser":{"name":"dominictarr","email":"dominic.tarr@gmail.com"},"_id":"event-stream@2.0.4","_engineSupported":true,"_npmVersion":"1.1.23","_nodeVersion":"v0.6.18","_defaultsLoaded":true,"dist":{"shasum":"4ab4245dd021bb58f69a3ef00325598269b15f5d","tarball":"http://registry.npmjs.org/event-stream/-/event-stream-2.0.4.tgz"},"maintainers":[{"name":"dominictarr","email":"dominic.tarr@gmail.com"}],"directories":{}},"2.0.9":{"name":"event-stream","version":"2.0.9","description":"construct pipes of streams of events","homepage":"http://github.com/dominictarr/event-stream","repository":{"type":"git","url":"git://github.com/dominictarr/event-stream.git"},"dependencies":{"optimist":"0.2"},"devDependencies":{"asynct":"*","it-is":"1","ubelt":"~2.9"},"scripts":{"test":"asynct test/"},"author":{"name":"Dominic Tarr","email":"dominic.tarr@gmail.com","url":"http://bit.ly/dominictarr"},"optionalDependencies":{},"engines":{"node":"*"},"_npmUser":{"name":"dominictarr","email":"dominic.tarr@gmail.com"},"_id":"event-stream@2.0.9","_engineSupported":true,"_npmVersion":"1.1.23","_nodeVersion":"v0.6.18","_defaultsLoaded":true,"dist":{"shasum":"38cff1bc33e23d82e2999fd6d840304950fc6a82","tarball":"http://registry.npmjs.org/event-stream/-/event-stream-2.0.9.tgz"},"maintainers":[{"name":"dominictarr","email":"dominic.tarr@gmail.com"}],"directories":{}},"2.0.10":{"name":"event-stream","version":"2.0.10","description":"construct pipes of streams of events","homepage":"http://github.com/dominictarr/event-stream","repository":{"type":"git","url":"git://github.com/dominictarr/event-stream.git"},"dependencies":{"optimist":"0.2"},"devDependencies":{"asynct":"*","it-is":"1","ubelt":"~2.9"},"scripts":{"test":"asynct test/"},"author":{"name":"Dominic Tarr","email":"dominic.tarr@gmail.com","url":"http://bit.ly/dominictarr"},"optionalDependencies":{},"engines":{"node":"*"},"_npmUser":{"name":"dominictarr","email":"dominic.tarr@gmail.com"},"_id":"event-stream@2.0.10","_engineSupported":true,"_npmVersion":"1.1.23","_nodeVersion":"v0.6.18","_defaultsLoaded":true,"dist":{"shasum":"4be0735cdd4dd1b75e3aa9ab24a6f9e3ce3d3d16","tarball":"http://registry.npmjs.org/event-stream/-/event-stream-2.0.10.tgz"},"maintainers":[{"name":"dominictarr","email":"dominic.tarr@gmail.com"}],"directories":{}},"2.1.0":{"name":"event-stream","version":"2.1.0","description":"construct pipes of streams of events","homepage":"http://github.com/dominictarr/event-stream","repository":{"type":"git","url":"git://github.com/dominictarr/event-stream.git"},"dependencies":{"optimist":"0.2"},"devDependencies":{"asynct":"*","it-is":"1","ubelt":"~2.9"},"scripts":{"test":"asynct test/"},"author":{"name":"Dominic Tarr","email":"dominic.tarr@gmail.com","url":"http://bit.ly/dominictarr"},"optionalDependencies":{},"engines":{"node":"*"},"_npmUser":{"name":"dominictarr","email":"dominic.tarr@gmail.com"},"_id":"event-stream@2.1.0","_engineSupported":true,"_npmVersion":"1.1.23","_nodeVersion":"v0.6.18","_defaultsLoaded":true,"dist":{"shasum":"96d7847097e41920842bcb8a1080399d7dc5c3b6","tarball":"http://registry.npmjs.org/event-stream/-/event-stream-2.1.0.tgz"},"maintainers":[{"name":"dominictarr","email":"dominic.tarr@gmail.com"}],"directories":{}},"2.1.2":{"name":"event-stream","version":"2.1.2","description":"construct pipes of streams of events","homepage":"http://github.com/dominictarr/event-stream","repository":{"type":"git","url":"git://github.com/dominictarr/event-stream.git"},"dependencies":{"optimist":"0.2"},"devDependencies":{"asynct":"*","it-is":"1","ubelt":"~2.9","macgyver":"~1.5"},"scripts":{"test":"asynct test/"},"author":{"name":"Dominic Tarr","email":"dominic.tarr@gmail.com","url":"http://bit.ly/dominictarr"},"optionalDependencies":{},"engines":{"node":"*"},"_id":"event-stream@2.1.2","dist":{"shasum":"e969ae0138e8e8a96a4adb9b9700333481c38ba6","tarball":"http://registry.npmjs.org/event-stream/-/event-stream-2.1.2.tgz"},"maintainers":[{"name":"dominictarr","email":"dominic.tarr@gmail.com"}],"directories":{}},"2.1.3":{"name":"event-stream","version":"2.1.3","description":"construct pipes of streams of events","homepage":"http://github.com/dominictarr/event-stream","repository":{"type":"git","url":"git://github.com/dominictarr/event-stream.git"},"dependencies":{"optimist":"0.2","through":"0","from":"0"},"devDependencies":{"asynct":"*","it-is":"1","ubelt":"~2.9","stream-spec":"0"},"scripts":{"test":"asynct test/"},"author":{"name":"Dominic Tarr","email":"dominic.tarr@gmail.com","url":"http://bit.ly/dominictarr"},"optionalDependencies":{},"engines":{"node":"*"},"_id":"event-stream@2.1.3","dist":{"shasum":"9192f8fffa44ba199d1122f03f7c59aec1a707e7","tarball":"http://registry.npmjs.org/event-stream/-/event-stream-2.1.3.tgz"},"maintainers":[{"name":"dominictarr","email":"dominic.tarr@gmail.com"}],"directories":{}},"2.1.4":{"name":"event-stream","version":"2.1.4","description":"construct pipes of streams of events","homepage":"http://github.com/dominictarr/event-stream","repository":{"type":"git","url":"git://github.com/dominictarr/event-stream.git"},"dependencies":{"optimist":"0.2","through":"0","from":"0"},"devDependencies":{"asynct":"*","it-is":"1","ubelt":"~2.9","stream-spec":"~0.1"},"scripts":{"test":"asynct test/"},"author":{"name":"Dominic Tarr","email":"dominic.tarr@gmail.com","url":"http://bit.ly/dominictarr"},"optionalDependencies":{},"engines":{"node":"*"},"_id":"event-stream@2.1.4","dist":{"shasum":"94532198384148ab51bba11d50d66e481c2b3304","tarball":"http://registry.npmjs.org/event-stream/-/event-stream-2.1.4.tgz"},"maintainers":[{"name":"dominictarr","email":"dominic.tarr@gmail.com"}],"directories":{}},"2.1.5":{"name":"event-stream","version":"2.1.5","description":"construct pipes of streams of events","homepage":"http://github.com/dominictarr/event-stream","repository":{"type":"git","url":"git://github.com/dominictarr/event-stream.git"},"dependencies":{"optimist":"0.2","through":"0","from":"0"},"devDependencies":{"asynct":"*","it-is":"1","ubelt":"~2.9","stream-spec":"~0.2"},"scripts":{"test":"asynct test/"},"author":{"name":"Dominic Tarr","email":"dominic.tarr@gmail.com","url":"http://bit.ly/dominictarr"},"optionalDependencies":{},"engines":{"node":"*"},"_id":"event-stream@2.1.5","dist":{"shasum":"84aa89da993870d77240544e1efbe50fd9aa6364","tarball":"http://registry.npmjs.org/event-stream/-/event-stream-2.1.5.tgz"},"maintainers":[{"name":"dominictarr","email":"dominic.tarr@gmail.com"}],"directories":{}},"2.1.7":{"name":"event-stream","version":"2.1.7","description":"construct pipes of streams of events","homepage":"http://github.com/dominictarr/event-stream","repository":{"type":"git","url":"git://github.com/dominictarr/event-stream.git"},"dependencies":{"optimist":"0.2","through":"0.0.4","from":"~0"},"devDependencies":{"asynct":"*","it-is":"1","ubelt":"~2.9","stream-spec":"~0.2"},"scripts":{"test":"asynct test/"},"author":{"name":"Dominic Tarr","email":"dominic.tarr@gmail.com","url":"http://bit.ly/dominictarr"},"optionalDependencies":{},"engines":{"node":"*"},"_id":"event-stream@2.1.7","dist":{"shasum":"f181e2a82321a6a6ae06e288ba1265070118f7d9","tarball":"http://registry.npmjs.org/event-stream/-/event-stream-2.1.7.tgz"},"maintainers":[{"name":"dominictarr","email":"dominic.tarr@gmail.com"}],"directories":{}},"2.1.8":{"name":"event-stream","version":"2.1.8","description":"construct pipes of streams of events","homepage":"http://github.com/dominictarr/event-stream","repository":{"type":"git","url":"git://github.com/dominictarr/event-stream.git"},"dependencies":{"optimist":"0.2","through":"0.0.4","from":"~0"},"devDependencies":{"asynct":"*","it-is":"1","ubelt":"~2.9","stream-spec":"~0.2"},"scripts":{"test":"asynct test/"},"author":{"name":"Dominic Tarr","email":"dominic.tarr@gmail.com","url":"http://bit.ly/dominictarr"},"optionalDependencies":{},"engines":{"node":"*"},"_id":"event-stream@2.1.8","dist":{"shasum":"538423bfa6ed7469340706530f547dea5fb41eb8","tarball":"http://registry.npmjs.org/event-stream/-/event-stream-2.1.8.tgz"},"maintainers":[{"name":"dominictarr","email":"dominic.tarr@gmail.com"}],"directories":{}},"2.1.9":{"name":"event-stream","version":"2.1.9","description":"construct pipes of streams of events","homepage":"http://github.com/dominictarr/event-stream","repository":{"type":"git","url":"git://github.com/dominictarr/event-stream.git"},"dependencies":{"optimist":"0.2","through":"0.0.4","from":"~0"},"devDependencies":{"asynct":"*","it-is":"1","ubelt":"~2.9","stream-spec":"~0.2"},"scripts":{"test":"asynct test/"},"author":{"name":"Dominic Tarr","email":"dominic.tarr@gmail.com","url":"http://bit.ly/dominictarr"},"optionalDependencies":{},"engines":{"node":"*"},"_id":"event-stream@2.1.9","dist":{"shasum":"677d8cabd4dae00af0a38d27678f30c2060d2cfa","tarball":"http://registry.npmjs.org/event-stream/-/event-stream-2.1.9.tgz"},"maintainers":[{"name":"dominictarr","email":"dominic.tarr@gmail.com"}],"directories":{}},"2.2.0":{"name":"event-stream","version":"2.2.0","description":"construct pipes of streams of events","homepage":"http://github.com/dominictarr/event-stream","repository":{"type":"git","url":"git://github.com/dominictarr/event-stream.git"},"dependencies":{"optimist":"0.2","through":"0.0.4","from":"~0"},"devDependencies":{"asynct":"*","it-is":"1","ubelt":"~2.9","stream-spec":"~0.2"},"scripts":{"test":"asynct test/"},"author":{"name":"Dominic Tarr","email":"dominic.tarr@gmail.com","url":"http://bit.ly/dominictarr"},"optionalDependencies":{},"engines":{"node":"*"},"_id":"event-stream@2.2.0","dist":{"shasum":"be81769056a116a5965fdb09f1b7a39329f30c83","tarball":"http://registry.npmjs.org/event-stream/-/event-stream-2.2.0.tgz"},"maintainers":[{"name":"dominictarr","email":"dominic.tarr@gmail.com"}],"directories":{}},"2.2.1":{"name":"event-stream","version":"2.2.1","description":"construct pipes of streams of events","homepage":"http://github.com/dominictarr/event-stream","repository":{"type":"git","url":"git://github.com/dominictarr/event-stream.git"},"dependencies":{"optimist":"0.2","through":"0.0.4","duplexer":"0.0.1","from":"~0"},"devDependencies":{"asynct":"*","it-is":"1","ubelt":"~2.9","stream-spec":"~0.2"},"scripts":{"test":"asynct test/"},"author":{"name":"Dominic Tarr","email":"dominic.tarr@gmail.com","url":"http://bit.ly/dominictarr"},"optionalDependencies":{},"engines":{"node":"*"},"_id":"event-stream@2.2.1","dist":{"shasum":"43ae270f21a56b9978d0a9018ea878dae3ed36dd","tarball":"http://registry.npmjs.org/event-stream/-/event-stream-2.2.1.tgz"},"maintainers":[{"name":"dominictarr","email":"dominic.tarr@gmail.com"}],"directories":{}},"2.2.2":{"name":"event-stream","version":"2.2.2","description":"construct pipes of streams of events","homepage":"http://github.com/dominictarr/event-stream","repository":{"type":"git","url":"git://github.com/dominictarr/event-stream.git"},"dependencies":{"optimist":"0.2","through":"0.0.4","duplexer":"0.0.1","from":"~0"},"devDependencies":{"asynct":"*","it-is":"1","ubelt":"~2.9","stream-spec":"~0.2"},"scripts":{"test":"asynct test/"},"author":{"name":"Dominic Tarr","email":"dominic.tarr@gmail.com","url":"http://bit.ly/dominictarr"},"optionalDependencies":{},"engines":{"node":"*"},"_id":"event-stream@2.2.2","dist":{"shasum":"07c2aadb89f54e24a0cb74714ba89d5fd42e3b58","tarball":"http://registry.npmjs.org/event-stream/-/event-stream-2.2.2.tgz"},"maintainers":[{"name":"dominictarr","email":"dominic.tarr@gmail.com"}],"directories":{}},"2.2.3":{"name":"event-stream","version":"2.2.3","description":"construct pipes of streams of events","homepage":"http://github.com/dominictarr/event-stream","repository":{"type":"git","url":"git://github.com/dominictarr/event-stream.git"},"dependencies":{"optimist":"0.2","through":"0.0.4","duplexer":"0.0.1","from":"~0","map-stream":"0.0.1"},"devDependencies":{"asynct":"*","it-is":"1","ubelt":"~2.9","stream-spec":"~0.2"},"scripts":{"test":"asynct test/"},"author":{"name":"Dominic Tarr","email":"dominic.tarr@gmail.com","url":"http://bit.ly/dominictarr"},"optionalDependencies":{},"engines":{"node":"*"},"_id":"event-stream@2.2.3","dist":{"shasum":"0250205b259916490f6783b41c2e49b3f01d42f7","tarball":"http://registry.npmjs.org/event-stream/-/event-stream-2.2.3.tgz"},"maintainers":[{"name":"dominictarr","email":"dominic.tarr@gmail.com"}],"directories":{}},"3.0.0":{"name":"event-stream","version":"3.0.0","description":"construct pipes of streams of events","homepage":"http://github.com/dominictarr/event-stream","repository":{"type":"git","url":"git://github.com/dominictarr/event-stream.git"},"dependencies":{"optimist":"0.2","through":"0.0.4","duplexer":"0.0.1","from":"~0","map-stream":"0.0.1","pause-stream":"0.0.3"},"devDependencies":{"asynct":"*","it-is":"1","ubelt":"~2.9","stream-spec":"~0.2"},"scripts":{"test":"asynct test/"},"author":{"name":"Dominic Tarr","email":"dominic.tarr@gmail.com","url":"http://bit.ly/dominictarr"},"optionalDependencies":{},"engines":{"node":"*"},"_id":"event-stream@3.0.0","dist":{"shasum":"5533eb561cff52d9b9673651ba7485841043a9ba","tarball":"http://registry.npmjs.org/event-stream/-/event-stream-3.0.0.tgz"},"maintainers":[{"name":"dominictarr","email":"dominic.tarr@gmail.com"}],"directories":{}},"3.0.1":{"name":"event-stream","version":"3.0.1","description":"construct pipes of streams of events","homepage":"http://github.com/dominictarr/event-stream","repository":{"type":"git","url":"git://github.com/dominictarr/event-stream.git"},"dependencies":{"optimist":"0.2","through":"0.0.4","duplexer":"0.0.1","from":"~0","map-stream":"0.0.1","pause-stream":"0.0.4"},"devDependencies":{"asynct":"*","it-is":"1","ubelt":"~2.9","stream-spec":"~0.2"},"scripts":{"test":"asynct test/"},"author":{"name":"Dominic Tarr","email":"dominic.tarr@gmail.com","url":"http://bit.ly/dominictarr"},"optionalDependencies":{},"engines":{"node":"*"},"_id":"event-stream@3.0.1","dist":{"shasum":"3aa0bc4562e24ed5aeb6b24e0a95a790a3038ec4","tarball":"http://registry.npmjs.org/event-stream/-/event-stream-3.0.1.tgz"},"maintainers":[{"name":"dominictarr","email":"dominic.tarr@gmail.com"}],"directories":{}},"3.0.2":{"name":"event-stream","version":"3.0.2","description":"construct pipes of streams of events","homepage":"http://github.com/dominictarr/event-stream","repository":{"type":"git","url":"git://github.com/dominictarr/event-stream.git"},"dependencies":{"optimist":"0.2","through":"0.0.4","duplexer":"~0.0.2","from":"~0","map-stream":"0.0.1","pause-stream":"0.0.4"},"devDependencies":{"asynct":"*","it-is":"1","ubelt":"~2.9","stream-spec":"~0.2"},"scripts":{"test":"asynct test/"},"author":{"name":"Dominic Tarr","email":"dominic.tarr@gmail.com","url":"http://bit.ly/dominictarr"},"optionalDependencies":{},"engines":{"node":"*"},"_id":"event-stream@3.0.2","dist":{"shasum":"fba2eec08a53649049ef99728b15439c9a6f83b3","tarball":"http://registry.npmjs.org/event-stream/-/event-stream-3.0.2.tgz"},"maintainers":[{"name":"dominictarr","email":"dominic.tarr@gmail.com"}],"directories":{}},"3.0.3":{"name":"event-stream","version":"3.0.3","description":"construct pipes of streams of events","homepage":"http://github.com/dominictarr/event-stream","repository":{"type":"git","url":"git://github.com/dominictarr/event-stream.git"},"dependencies":{"optimist":"0.2","through":"0.0.4","duplexer":"~0.0.2","from":"~0","map-stream":"0.0.1","pause-stream":"0.0.4","split":"0.0.0"},"devDependencies":{"asynct":"*","it-is":"1","ubelt":"~2.9","stream-spec":"~0.2"},"scripts":{"test":"asynct test/"},"author":{"name":"Dominic Tarr","email":"dominic.tarr@gmail.com","url":"http://bit.ly/dominictarr"},"optionalDependencies":{},"engines":{"node":"*"},"_id":"event-stream@3.0.3","dist":{"shasum":"446cce17696c8b1e8af9605c72fa7222aa3a4ec7","tarball":"http://registry.npmjs.org/event-stream/-/event-stream-3.0.3.tgz"},"maintainers":[{"name":"dominictarr","email":"dominic.tarr@gmail.com"}],"directories":{}},"3.0.4":{"name":"event-stream","version":"3.0.4","description":"construct pipes of streams of events","homepage":"http://github.com/dominictarr/event-stream","repository":{"type":"git","url":"git://github.com/dominictarr/event-stream.git"},"dependencies":{"optimist":"0.2","through":"1.0.0","duplexer":"~0.0.2","from":"~0","map-stream":"0.0.1","pause-stream":"0.0.4","split":"0.0.0"},"devDependencies":{"asynct":"*","it-is":"1","ubelt":"~2.9","stream-spec":"~0.2"},"scripts":{"test":"asynct test/"},"author":{"name":"Dominic Tarr","email":"dominic.tarr@gmail.com","url":"http://bit.ly/dominictarr"},"optionalDependencies":{},"engines":{"node":"*"},"_id":"event-stream@3.0.4","dist":{"shasum":"a66f568c91ee03bbfe7d42ca5d5905b659b708d6","tarball":"http://registry.npmjs.org/event-stream/-/event-stream-3.0.4.tgz"},"maintainers":[{"name":"dominictarr","email":"dominic.tarr@gmail.com"}],"directories":{}},"3.0.5":{"name":"event-stream","version":"3.0.5","description":"construct pipes of streams of events","homepage":"http://github.com/dominictarr/event-stream","repository":{"type":"git","url":"git://github.com/dominictarr/event-stream.git"},"dependencies":{"optimist":"0.2","through":"1.1.0","duplexer":"~0.0.2","from":"~0","map-stream":"0.0.1","pause-stream":"0.0.4","split":"0.0.0"},"devDependencies":{"asynct":"*","it-is":"1","ubelt":"~2.9","stream-spec":"~0.2"},"scripts":{"test":"asynct test/"},"author":{"name":"Dominic Tarr","email":"dominic.tarr@gmail.com","url":"http://bit.ly/dominictarr"},"optionalDependencies":{},"engines":{"node":"*"},"_id":"event-stream@3.0.5","dist":{"shasum":"a90de982687c9e8b67ed2e599c40943dc8f671e3","tarball":"http://registry.npmjs.org/event-stream/-/event-stream-3.0.5.tgz"},"_npmVersion":"1.1.59","_npmUser":{"name":"dominictarr","email":"dominic.tarr@gmail.com"},"maintainers":[{"name":"dominictarr","email":"dominic.tarr@gmail.com"}],"directories":{}},"3.0.6":{"name":"event-stream","version":"3.0.6","description":"construct pipes of streams of events","homepage":"http://github.com/dominictarr/event-stream","repository":{"type":"git","url":"git://github.com/dominictarr/event-stream.git"},"dependencies":{"optimist":"0.2","through":"1.1.0","duplexer":"~0.0.2","from":"~0","map-stream":"0.0.1","pause-stream":"0.0.4","split":"0.0.0"},"devDependencies":{"asynct":"*","it-is":"1","ubelt":"~2.9","stream-spec":"~0.2"},"scripts":{"test":"asynct test/"},"author":{"name":"Dominic Tarr","email":"dominic.tarr@gmail.com","url":"http://bit.ly/dominictarr"},"optionalDependencies":{},"engines":{"node":"*"},"_id":"event-stream@3.0.6","dist":{"shasum":"d26d0198eabb25c474a34c4a5cd5baabbed049b8","tarball":"http://registry.npmjs.org/event-stream/-/event-stream-3.0.6.tgz"},"_npmVersion":"1.1.59","_npmUser":{"name":"dominictarr","email":"dominic.tarr@gmail.com"},"maintainers":[{"name":"dominictarr","email":"dominic.tarr@gmail.com"}],"directories":{}},"3.0.7":{"name":"event-stream","version":"3.0.7","description":"construct pipes of streams of events","homepage":"http://github.com/dominictarr/event-stream","repository":{"type":"git","url":"git://github.com/dominictarr/event-stream.git"},"dependencies":{"optimist":"0.2","through":"1.1.0","duplexer":"~0.0.2","from":"~0","map-stream":"0.0.1","pause-stream":"0.0.4","split":"0.0.0"},"devDependencies":{"asynct":"*","it-is":"1","ubelt":"~2.9","stream-spec":"~0.2"},"scripts":{"test":"asynct test/"},"author":{"name":"Dominic Tarr","email":"dominic.tarr@gmail.com","url":"http://bit.ly/dominictarr"},"optionalDependencies":{},"engines":{"node":"*"},"_id":"event-stream@3.0.7","dist":{"shasum":"9e91509d87c286dc247d32ebc77bcbcbd476bcd9","tarball":"http://registry.npmjs.org/event-stream/-/event-stream-3.0.7.tgz"},"_npmVersion":"1.1.59","_npmUser":{"name":"dominictarr","email":"dominic.tarr@gmail.com"},"maintainers":[{"name":"dominictarr","email":"dominic.tarr@gmail.com"}],"directories":{}},"3.0.8":{"name":"event-stream","version":"3.0.8","description":"construct pipes of streams of events","homepage":"http://github.com/dominictarr/event-stream","repository":{"type":"git","url":"git://github.com/dominictarr/event-stream.git"},"dependencies":{"through":"1.1.0","duplexer":"~0.0.2","from":"~0","map-stream":"0.0.1","pause-stream":"0.0.4","split":"0.0.0","stream-combiner":"0.0.0"},"devDependencies":{"asynct":"*","it-is":"1","ubelt":"~2.9","stream-spec":"~0.2"},"scripts":{"test":"asynct test/"},"author":{"name":"Dominic Tarr","email":"dominic.tarr@gmail.com","url":"http://bit.ly/dominictarr"},"optionalDependencies":{},"engines":{"node":"*"},"_id":"event-stream@3.0.8","dist":{"shasum":"37ab05d38b963623ee176e48787259e2ccd2ac04","tarball":"http://registry.npmjs.org/event-stream/-/event-stream-3.0.8.tgz"},"_npmVersion":"1.1.65","_npmUser":{"name":"dominictarr","email":"dominic.tarr@gmail.com"},"maintainers":[{"name":"dominictarr","email":"dominic.tarr@gmail.com"}],"directories":{}},"3.0.9":{"name":"event-stream","version":"3.0.9","description":"construct pipes of streams of events","homepage":"http://github.com/dominictarr/event-stream","repository":{"type":"git","url":"git://github.com/dominictarr/event-stream.git"},"dependencies":{"through":"1.1.0","duplexer":"~0.0.2","from":"~0","map-stream":"0.0.1","pause-stream":"0.0.4","split":"0.0.0","stream-combiner":"0.0.0"},"devDependencies":{"asynct":"*","it-is":"1","ubelt":"~2.9","stream-spec":"~0.2"},"scripts":{"test":"asynct test/"},"author":{"name":"Dominic Tarr","email":"dominic.tarr@gmail.com","url":"http://bit.ly/dominictarr"},"optionalDependencies":{},"engines":{"node":"*"},"_id":"event-stream@3.0.9","dist":{"shasum":"db886a8724f6fec30e5e468befa15e87316b800f","tarball":"http://registry.npmjs.org/event-stream/-/event-stream-3.0.9.tgz"},"_npmVersion":"1.1.65","_npmUser":{"name":"dominictarr","email":"dominic.tarr@gmail.com"},"maintainers":[{"name":"dominictarr","email":"dominic.tarr@gmail.com"}],"directories":{}},"3.0.10":{"name":"event-stream","version":"3.0.10","description":"construct pipes of streams of events","homepage":"http://github.com/dominictarr/event-stream","repository":{"type":"git","url":"git://github.com/dominictarr/event-stream.git"},"dependencies":{"through":"1.1.0","duplexer":"~0.0.2","from":"~0","map-stream":"0.0.1","pause-stream":"0.0.4","split":"0.0.0","stream-combiner":"0.0.0"},"devDependencies":{"asynct":"*","it-is":"1","ubelt":"~2.9","stream-spec":"~0.2"},"scripts":{"test":"asynct test/"},"author":{"name":"Dominic Tarr","email":"dominic.tarr@gmail.com","url":"http://bit.ly/dominictarr"},"optionalDependencies":{},"engines":{"node":"*"},"_id":"event-stream@3.0.10","dist":{"shasum":"6d0604708a63143be03b490f00d7010cac020c2e","tarball":"http://registry.npmjs.org/event-stream/-/event-stream-3.0.10.tgz"},"_npmVersion":"1.1.65","_npmUser":{"name":"dominictarr","email":"dominic.tarr@gmail.com"},"maintainers":[{"name":"dominictarr","email":"dominic.tarr@gmail.com"}],"directories":{}},"3.0.11":{"name":"event-stream","version":"3.0.11","description":"construct pipes of streams of events","homepage":"http://github.com/dominictarr/event-stream","repository":{"type":"git","url":"git://github.com/dominictarr/event-stream.git"},"dependencies":{"through":"1.1.0","duplexer":"~0.0.2","from":"~0","map-stream":"0.0.1","pause-stream":"0.0.4","split":"0.1","stream-combiner":"0.0.0"},"devDependencies":{"asynct":"*","it-is":"1","ubelt":"~2.9","stream-spec":"~0.2","tape":"~0.1.5"},"scripts":{"test":"asynct test/","test_tap":"set -e; for t in test/*.js; do node $t; done"},"testling":{"files":"test/*.js","browsers":{"ie":[8,9],"firefox":[13],"chrome":[20],"safari":[5.1],"opera":[12]}},"author":{"name":"Dominic Tarr","email":"dominic.tarr@gmail.com","url":"http://bit.ly/dominictarr"},"optionalDependencies":{},"engines":{"node":"*"},"_id":"event-stream@3.0.11","dist":{"shasum":"bc1e340fd94903903822b1a90f14d9fdcaa6333f","tarball":"http://registry.npmjs.org/event-stream/-/event-stream-3.0.11.tgz"},"_npmVersion":"1.1.69","_npmUser":{"name":"dominictarr","email":"dominic.tarr@gmail.com"},"maintainers":[{"name":"dominictarr","email":"dominic.tarr@gmail.com"}],"directories":{}},"3.0.12":{"name":"event-stream","version":"3.0.12","description":"construct pipes of streams of events","homepage":"http://github.com/dominictarr/event-stream","repository":{"type":"git","url":"git://github.com/dominictarr/event-stream.git"},"dependencies":{"through":"1.1.0","duplexer":"~0.0.2","from":"~0","map-stream":"0.0.1","pause-stream":"0.0.4","split":"0.2","stream-combiner":"0.0.0"},"devDependencies":{"asynct":"*","it-is":"1","ubelt":"~2.9","stream-spec":"~0.2","tape":"~0.1.5"},"scripts":{"test":"asynct test/","test_tap":"set -e; for t in test/*.js; do node $t; done"},"testling":{"files":"test/*.js","browsers":{"ie":[8,9],"firefox":[13],"chrome":[20],"safari":[5.1],"opera":[12]}},"author":{"name":"Dominic Tarr","email":"dominic.tarr@gmail.com","url":"http://bit.ly/dominictarr"},"optionalDependencies":{},"engines":{"node":"*"},"_id":"event-stream@3.0.12","dist":{"shasum":"1c85e3a219663ad7876d9e8bdb6a2bc187b040ba","tarball":"http://registry.npmjs.org/event-stream/-/event-stream-3.0.12.tgz"},"_from":".","_npmVersion":"1.2.3","_npmUser":{"name":"dominictarr","email":"dominic.tarr@gmail.com"},"maintainers":[{"name":"dominictarr","email":"dominic.tarr@gmail.com"}],"directories":{}},"3.0.13":{"name":"event-stream","version":"3.0.13","description":"construct pipes of streams of events","homepage":"http://github.com/dominictarr/event-stream","repository":{"type":"git","url":"git://github.com/dominictarr/event-stream.git"},"dependencies":{"through":"1.1.0","duplexer":"~0.0.2","from":"~0","map-stream":"0.0.1","pause-stream":"0.0.4","split":"0.2","stream-combiner":"0.0.0"},"devDependencies":{"asynct":"*","it-is":"1","ubelt":"~2.9","stream-spec":"~0.2","tape":"~0.1.5"},"scripts":{"test":"asynct test/","test_tap":"set -e; for t in test/*.js; do node $t; done"},"testling":{"files":"test/*.js","browsers":{"ie":[8,9],"firefox":[13],"chrome":[20],"safari":[5.1],"opera":[12]}},"author":{"name":"Dominic Tarr","email":"dominic.tarr@gmail.com","url":"http://bit.ly/dominictarr"},"optionalDependencies":{},"engines":{"node":"*"},"_id":"event-stream@3.0.13","dist":{"shasum":"33bef11a4a2f5df96ab5b52680f3c7e2c073ea02","tarball":"http://registry.npmjs.org/event-stream/-/event-stream-3.0.13.tgz"},"_from":".","_npmVersion":"1.2.3","_npmUser":{"name":"dominictarr","email":"dominic.tarr@gmail.com"},"maintainers":[{"name":"dominictarr","email":"dominic.tarr@gmail.com"}],"directories":{}},"3.0.14":{"name":"event-stream","version":"3.0.14","description":"construct pipes of streams of events","homepage":"http://github.com/dominictarr/event-stream","repository":{"type":"git","url":"git://github.com/dominictarr/event-stream.git"},"dependencies":{"through":"~2.3.1","duplexer":"~0.0.2","from":"~0","map-stream":"0.0.2","pause-stream":"0.0.10","split":"0.2","stream-combiner":"0.0.0"},"devDependencies":{"asynct":"*","it-is":"1","ubelt":"~2.9","stream-spec":"~0.2","tape":"~0.1.5"},"scripts":{"test":"asynct test/","test_tap":"set -e; for t in test/*.js; do node $t; done"},"testling":{"files":"test/*.js","browsers":{"ie":[8,9],"firefox":[13],"chrome":[20],"safari":[5.1],"opera":[12]}},"author":{"name":"Dominic Tarr","email":"dominic.tarr@gmail.com","url":"http://bit.ly/dominictarr"},"_id":"event-stream@3.0.14","dist":{"shasum":"786d78b53b3019e30aeabc72829ff9cf32308a26","tarball":"http://registry.npmjs.org/event-stream/-/event-stream-3.0.14.tgz"},"_from":".","_npmVersion":"1.2.3","_npmUser":{"name":"dominictarr","email":"dominic.tarr@gmail.com"},"maintainers":[{"name":"dominictarr","email":"dominic.tarr@gmail.com"}],"directories":{}},"3.0.15":{"name":"event-stream","version":"3.0.15","description":"construct pipes of streams of events","homepage":"http://github.com/dominictarr/event-stream","repository":{"type":"git","url":"git://github.com/dominictarr/event-stream.git"},"dependencies":{"through":"~2.3.1","duplexer":"~0.0.2","from":"~0","map-stream":"0.0.2","pause-stream":"0.0.10","split":"0.2","stream-combiner":"0.0.0"},"devDependencies":{"asynct":"*","it-is":"1","ubelt":"~2.9","stream-spec":"~0.2","tape":"~0.1.5"},"scripts":{"test":"asynct test/","test_tap":"set -e; for t in test/*.js; do node $t; done"},"testling":{"files":"test/*.js","browsers":{"ie":[8,9],"firefox":[13],"chrome":[20],"safari":[5.1],"opera":[12]}},"author":{"name":"Dominic Tarr","email":"dominic.tarr@gmail.com","url":"http://bit.ly/dominictarr"},"bugs":{"url":"https://github.com/dominictarr/event-stream/issues"},"_id":"event-stream@3.0.15","dist":{"shasum":"82bfd046fa465583a76bb850e64e15da853e8c5d","tarball":"http://registry.npmjs.org/event-stream/-/event-stream-3.0.15.tgz"},"_from":".","_npmVersion":"1.2.30","_npmUser":{"name":"dominictarr","email":"dominic.tarr@gmail.com"},"maintainers":[{"name":"dominictarr","email":"dominic.tarr@gmail.com"}],"directories":{}},"3.0.16":{"name":"event-stream","version":"3.0.16","description":"construct pipes of streams of events","homepage":"http://github.com/dominictarr/event-stream","repository":{"type":"git","url":"git://github.com/dominictarr/event-stream.git"},"dependencies":{"through":"~2.3.1","duplexer":"~0.0.2","from":"~0","map-stream":"0.0.2","pause-stream":"0.0.10","split":"0.2","stream-combiner":"0.0.0"},"devDependencies":{"asynct":"*","it-is":"1","ubelt":"~2.9","stream-spec":"~0.2","tape":"~0.1.5"},"scripts":{"test":"asynct test/","test_tap":"set -e; for t in test/*.js; do node $t; done"},"testling":{"files":"test/*.js","browsers":{"ie":[8,9],"firefox":[13],"chrome":[20],"safari":[5.1],"opera":[12]}},"author":{"name":"Dominic Tarr","email":"dominic.tarr@gmail.com","url":"http://bit.ly/dominictarr"},"bugs":{"url":"https://github.com/dominictarr/event-stream/issues"},"_id":"event-stream@3.0.16","dist":{"shasum":"3523458eb1d827fac6ae26a7563dbae9c0e9a43b","tarball":"http://registry.npmjs.org/event-stream/-/event-stream-3.0.16.tgz"},"_from":".","_npmVersion":"1.3.0","_npmUser":{"name":"dominictarr","email":"dominic.tarr@gmail.com"},"maintainers":[{"name":"dominictarr","email":"dominic.tarr@gmail.com"}],"directories":{}},"3.0.17":{"name":"event-stream","version":"3.0.17","description":"construct pipes of streams of events","homepage":"http://github.com/dominictarr/event-stream","repository":{"type":"git","url":"git://github.com/dominictarr/event-stream.git"},"dependencies":{"through":"~2.3.1","duplexer":"~0.0.2","from":"~0","map-stream":"~0.0.3","pause-stream":"0.0.10","split":"0.2","stream-combiner":"0.0.0"},"devDependencies":{"asynct":"*","it-is":"1","ubelt":"~2.9","stream-spec":"~0.2","tape":"~0.1.5"},"scripts":{"test":"asynct test/","test_tap":"set -e; for t in test/*.js; do node $t; done"},"testling":{"files":"test/*.js","browsers":{"ie":[8,9],"firefox":[13],"chrome":[20],"safari":[5.1],"opera":[12]}},"author":"Dominic Tarr <dominic.tarr@gmail.com> (http://bit.ly/dominictarr)","dist":{"shasum":"4d9790b8fa5d088b45268e8cc9c7c64f5c8fccc0","tarball":"http://registry.npmjs.org/event-stream/-/event-stream-3.0.17.tgz"},"_id":"event-stream@3.0.17","maintainers":[{"name":"dominictarr","email":"dominic.tarr@gmail.com"}],"directories":{}},"3.0.18":{"name":"event-stream","version":"3.0.18","description":"construct pipes of streams of events","homepage":"http://github.com/dominictarr/event-stream","repository":{"type":"git","url":"git://github.com/dominictarr/event-stream.git"},"dependencies":{"through":"~2.3.1","duplexer":"~0.0.2","from":"~0","map-stream":"~0.0.3","pause-stream":"0.0.10","split":"0.2","stream-combiner":"0.0.0"},"devDependencies":{"asynct":"*","it-is":"1","ubelt":"~2.9","stream-spec":"~0.2","tape":"~0.1.5"},"scripts":{"test":"asynct test/","test_tap":"set -e; for t in test/*.js; do node $t; done"},"testling":{"files":"test/*.js","browsers":{"ie":[8,9],"firefox":[13],"chrome":[20],"safari":[5.1],"opera":[12]}},"author":"Dominic Tarr <dominic.tarr@gmail.com> (http://bit.ly/dominictarr)","dist":{"shasum":"562494d4ae82e7693ea2141e11793b3f0e670527","tarball":"http://registry.npmjs.org/event-stream/-/event-stream-3.0.18.tgz"},"_id":"event-stream@3.0.18","maintainers":[{"name":"dominictarr","email":"dominic.tarr@gmail.com"}],"directories":{}},"3.0.20":{"name":"event-stream","version":"3.0.20","description":"construct pipes of streams of events","homepage":"http://github.com/dominictarr/event-stream","repository":{"type":"git","url":"git://github.com/dominictarr/event-stream.git"},"dependencies":{"through":"~2.3.1","duplexer":"~0.1.1","from":"~0","map-stream":"~0.0.3","pause-stream":"0.0.11","split":"0.2","stream-combiner":"~0.0.3"},"devDependencies":{"asynct":"*","it-is":"1","ubelt":"~3.2.2","stream-spec":"~0.3.5","tape":"~2.3.0"},"scripts":{"test":"asynct test/","test_tap":"set -e; for t in test/*.js; do node $t; done"},"testling":{"files":"test/*.js","browsers":{"ie":[8,9],"firefox":[13],"chrome":[20],"safari":[5.1],"opera":[12]}},"author":{"name":"Dominic Tarr","email":"dominic.tarr@gmail.com","url":"http://bit.ly/dominictarr"},"bugs":{"url":"https://github.com/dominictarr/event-stream/issues"},"_id":"event-stream@3.0.20","dist":{"shasum":"038bbb2ea9ea90385b26fbc1854d0b539f2abea3","tarball":"http://registry.npmjs.org/event-stream/-/event-stream-3.0.20.tgz"},"_from":".","_npmVersion":"1.3.11","_npmUser":{"name":"dominictarr","email":"dominic.tarr@gmail.com"},"maintainers":[{"name":"dominictarr","email":"dominic.tarr@gmail.com"}],"directories":{}},"3.1.0":{"name":"event-stream","version":"3.1.0","description":"construct pipes of streams of events","homepage":"http://github.com/dominictarr/event-stream","repository":{"type":"git","url":"git://github.com/dominictarr/event-stream.git"},"dependencies":{"through":"~2.3.1","duplexer":"~0.1.1","from":"~0","map-stream":"~0.1.0","pause-stream":"0.0.11","split":"0.2","stream-combiner":"~0.0.4"},"devDependencies":{"asynct":"*","it-is":"1","ubelt":"~3.2.2","stream-spec":"~0.3.5","tape":"~2.3.0"},"scripts":{"test":"asynct test/","test_tap":"set -e; for t in test/*.js; do node $t; done"},"testling":{"files":"test/*.js","browsers":{"ie":[8,9],"firefox":[13],"chrome":[20],"safari":[5.1],"opera":[12]}},"author":{"name":"Dominic Tarr","email":"dominic.tarr@gmail.com","url":"http://bit.ly/dominictarr"},"bugs":{"url":"https://github.com/dominictarr/event-stream/issues"},"_id":"event-stream@3.1.0","dist":{"shasum":"b5dcfe2fa45eb2e14a00e4a29f1cd61a333f05d5","tarball":"http://registry.npmjs.org/event-stream/-/event-stream-3.1.0.tgz"},"_from":".","_npmVersion":"1.3.21","_npmUser":{"name":"dominictarr","email":"dominic.tarr@gmail.com"},"maintainers":[{"name":"dominictarr","email":"dominic.tarr@gmail.com"}],"directories":{}},"3.1.1":{"name":"event-stream","version":"3.1.1","description":"construct pipes of streams of events","homepage":"http://github.com/dominictarr/event-stream","repository":{"type":"git","url":"git://github.com/dominictarr/event-stream.git"},"dependencies":{"through":"~2.3.1","duplexer":"~0.1.1","from":"~0","map-stream":"~0.1.0","pause-stream":"0.0.11","split":"0.2","stream-combiner":"~0.0.4"},"devDependencies":{"asynct":"*","it-is":"1","ubelt":"~3.2.2","stream-spec":"~0.3.5","tape":"~2.3.0"},"scripts":{"test":"asynct test/","test_tap":"set -e; for t in test/*.js; do node $t; done"},"testling":{"files":"test/*.js","browsers":{"ie":[8,9],"firefox":[13],"chrome":[20],"safari":[5.1],"opera":[12]}},"author":{"name":"Dominic Tarr","email":"dominic.tarr@gmail.com","url":"http://bit.ly/dominictarr"},"bugs":{"url":"https://github.com/dominictarr/event-stream/issues"},"_id":"event-stream@3.1.1","dist":{"shasum":"8ebc7b3f4545e2286121cb81f854479e0d7c31f4","tarball":"http://registry.npmjs.org/event-stream/-/event-stream-3.1.1.tgz"},"_from":".","_npmVersion":"1.3.24","_npmUser":{"name":"dominictarr","email":"dominic.tarr@gmail.com"},"maintainers":[{"name":"dominictarr","email":"dominic.tarr@gmail.com"}],"directories":{}},"3.1.2":{"name":"event-stream","version":"3.1.2","description":"construct pipes of streams of events","homepage":"http://github.com/dominictarr/event-stream","repository":{"type":"git","url":"git://github.com/dominictarr/event-stream.git"},"dependencies":{"through":"~2.3.1","duplexer":"~0.1.1","from":"~0","map-stream":"~0.1.0","pause-stream":"0.0.11","split":"0.2","stream-combiner":"~0.0.4"},"devDependencies":{"asynct":"*","it-is":"1","ubelt":"~3.2.2","stream-spec":"~0.3.5","tape":"~2.3.0"},"scripts":{"test":"asynct test/","test_tap":"set -e; for t in test/*.js; do node $t; done"},"testling":{"files":"test/*.js","browsers":{"ie":[8,9],"firefox":[13],"chrome":[20],"safari":[5.1],"opera":[12]}},"author":{"name":"Dominic Tarr","email":"dominic.tarr@gmail.com","url":"http://bit.ly/dominictarr"},"bugs":{"url":"https://github.com/dominictarr/event-stream/issues"},"_id":"event-stream@3.1.2","dist":{"shasum":"403a4b67934b20c9cc0ee7551c00394e4037d0b3","tarball":"http://registry.npmjs.org/event-stream/-/event-stream-3.1.2.tgz"},"_from":".","_npmVersion":"1.4.6","_npmUser":{"name":"dominictarr","email":"dominic.tarr@gmail.com"},"maintainers":[{"name":"dominictarr","email":"dominic.tarr@gmail.com"}],"directories":{}},"3.1.4":{"name":"event-stream","version":"3.1.4","description":"construct pipes of streams of events","homepage":"http://github.com/dominictarr/event-stream","repository":{"type":"git","url":"git://github.com/dominictarr/event-stream.git"},"dependencies":{"through":"~2.3.1","duplexer":"~0.1.1","from":"~0","map-stream":"~0.1.0","pause-stream":"0.0.11","split":"0.2","stream-combiner":"~0.0.4"},"devDependencies":{"asynct":"*","it-is":"1","ubelt":"~3.2.2","stream-spec":"~0.3.5","tape":"~2.3.0"},"scripts":{"test":"asynct test/","test_tap":"set -e; for t in test/*.js; do node $t; done"},"testling":{"files":"test/*.js","browsers":{"ie":[8,9],"firefox":[13],"chrome":[20],"safari":[5.1],"opera":[12]}},"author":{"name":"Dominic Tarr","email":"dominic.tarr@gmail.com","url":"http://bit.ly/dominictarr"},"bugs":{"url":"https://github.com/dominictarr/event-stream/issues"},"_id":"event-stream@3.1.4","dist":{"shasum":"97fb1ba55f5e36b42289ecf2c7afaa6107015a72","tarball":"http://registry.npmjs.org/event-stream/-/event-stream-3.1.4.tgz"},"_from":".","_npmVersion":"1.4.6","_npmUser":{"name":"dominictarr","email":"dominic.tarr@gmail.com"},"maintainers":[{"name":"dominictarr","email":"dominic.tarr@gmail.com"}],"directories":{}},"3.1.5":{"name":"event-stream","version":"3.1.5","description":"construct pipes of streams of events","homepage":"http://github.com/dominictarr/event-stream","repository":{"type":"git","url":"git://github.com/dominictarr/event-stream.git"},"dependencies":{"through":"~2.3.1","duplexer":"~0.1.1","from":"~0","map-stream":"~0.1.0","pause-stream":"0.0.11","split":"0.2","stream-combiner":"~0.0.4"},"devDependencies":{"asynct":"*","it-is":"1","ubelt":"~3.2.2","stream-spec":"~0.3.5","tape":"~2.3.0"},"scripts":{"test":"asynct test/","test_tap":"set -e; for t in test/*.js; do node $t; done"},"testling":{"files":"test/*.js","browsers":{"ie":[8,9],"firefox":[13],"chrome":[20],"safari":[5.1],"opera":[12]}},"author":{"name":"Dominic Tarr","email":"dominic.tarr@gmail.com","url":"http://bit.ly/dominictarr"},"bugs":{"url":"https://github.com/dominictarr/event-stream/issues"},"_id":"event-stream@3.1.5","dist":{"shasum":"6cba5a3ae02a7e4967d65ad04ef12502a2fff66c","tarball":"http://registry.npmjs.org/event-stream/-/event-stream-3.1.5.tgz"},"_from":".","_npmVersion":"1.4.6","_npmUser":{"name":"dominictarr","email":"dominic.tarr@gmail.com"},"maintainers":[{"name":"dominictarr","email":"dominic.tarr@gmail.com"}],"directories":{}},"3.1.7":{"name":"event-stream","version":"3.1.7","description":"construct pipes of streams of events","homepage":"http://github.com/dominictarr/event-stream","repository":{"type":"git","url":"git://github.com/dominictarr/event-stream.git"},"dependencies":{"through":"~2.3.1","duplexer":"~0.1.1","from":"~0","map-stream":"~0.1.0","pause-stream":"0.0.11","split":"0.2","stream-combiner":"~0.0.4"},"devDependencies":{"asynct":"*","it-is":"1","ubelt":"~3.2.2","stream-spec":"~0.3.5","tape":"~2.3.0"},"scripts":{"test":"asynct test/","test_tap":"set -e; for t in test/*.js; do node $t; done"},"testling":{"files":"test/*.js","browsers":{"ie":[8,9],"firefox":[13],"chrome":[20],"safari":[5.1],"opera":[12]}},"author":{"name":"Dominic Tarr","email":"dominic.tarr@gmail.com","url":"http://bit.ly/dominictarr"},"bugs":{"url":"https://github.com/dominictarr/event-stream/issues"},"_id":"event-stream@3.1.7","_shasum":"b4c540012d0fe1498420f3d8946008db6393c37a","_from":".","_npmVersion":"1.4.9","_npmUser":{"name":"dominictarr","email":"dominic.tarr@gmail.com"},"maintainers":[{"name":"dominictarr","email":"dominic.tarr@gmail.com"}],"dist":{"shasum":"b4c540012d0fe1498420f3d8946008db6393c37a","tarball":"http://registry.npmjs.org/event-stream/-/event-stream-3.1.7.tgz"},"directories":{}},"3.2.0":{"name":"event-stream","version":"3.2.0","description":"construct pipes of streams of events","homepage":"http://github.com/dominictarr/event-stream","repository":{"type":"git","url":"git://github.com/dominictarr/event-stream.git"},"dependencies":{"through":"~2.3.1","duplexer":"~0.1.1","from":"~0","map-stream":"~0.1.0","pause-stream":"0.0.11","split":"0.2","stream-combiner":"~0.0.4"},"devDependencies":{"asynct":"*","it-is":"1","ubelt":"~3.2.2","stream-spec":"~0.3.5","tape":"~2.3.0"},"scripts":{"prepublish":"npm ls && npm test","test":"asynct test/","test_tap":"set -e; for t in test/*.js; do node $t; done"},"testling":{"files":"test/*.js","browsers":{"ie":[8,9],"firefox":[13],"chrome":[20],"safari":[5.1],"opera":[12]}},"author":{"name":"Dominic Tarr","email":"dominic.tarr@gmail.com","url":"http://bit.ly/dominictarr"},"gitHead":"cc515678da93baf9e303d5adb273261f7dd45a03","bugs":{"url":"https://github.com/dominictarr/event-stream/issues"},"_id":"event-stream@3.2.0","_shasum":"35c5a77f3726d60aca9e370cf3075c65735098e1","_from":".","_npmVersion":"2.1.11","_nodeVersion":"0.10.31","_npmUser":{"name":"dominictarr","email":"dominic.tarr@gmail.com"},"maintainers":[{"name":"dominictarr","email":"dominic.tarr@gmail.com"}],"dist":{"shasum":"35c5a77f3726d60aca9e370cf3075c65735098e1","tarball":"http://registry.npmjs.org/event-stream/-/event-stream-3.2.0.tgz"},"directories":{}},"3.2.1":{"name":"event-stream","version":"3.2.1","description":"construct pipes of streams of events","homepage":"http://github.com/dominictarr/event-stream","repository":{"type":"git","url":"git://github.com/dominictarr/event-stream.git"},"dependencies":{"through":"~2.3.1","duplexer":"~0.1.1","from":"~0","map-stream":"~0.1.0","pause-stream":"0.0.11","split":"0.2","stream-combiner":"~0.0.4"},"devDependencies":{"asynct":"*","it-is":"1","ubelt":"~3.2.2","stream-spec":"~0.3.5","tape":"~2.3.0"},"scripts":{"prepublish":"npm ls && npm test","test":"asynct test/","test_tap":"set -e; for t in test/*.js; do node $t; done"},"testling":{"files":"test/*.js","browsers":{"ie":[8,9],"firefox":[13],"chrome":[20],"safari":[5.1],"opera":[12]}},"author":{"name":"Dominic Tarr","email":"dominic.tarr@gmail.com","url":"http://bit.ly/dominictarr"},"gitHead":"b543bce61e697f371819ab4399eaa9b61d5951c8","bugs":{"url":"https://github.com/dominictarr/event-stream/issues"},"_id":"event-stream@3.2.1","_shasum":"90da6874864fe4615ac8f4d7101f2d647a83e6f4","_from":".","_npmVersion":"2.1.11","_nodeVersion":"0.10.31","_npmUser":{"name":"dominictarr","email":"dominic.tarr@gmail.com"},"maintainers":[{"name":"dominictarr","email":"dominic.tarr@gmail.com"}],"dist":{"shasum":"90da6874864fe4615ac8f4d7101f2d647a83e6f4","tarball":"http://registry.npmjs.org/event-stream/-/event-stream-3.2.1.tgz"},"directories":{}},"3.2.2":{"name":"event-stream","version":"3.2.2","description":"construct pipes of streams of events","homepage":"http://github.com/dominictarr/event-stream","repository":{"type":"git","url":"git://github.com/dominictarr/event-stream.git"},"dependencies":{"through":"~2.3.1","duplexer":"~0.1.1","from":"~0","map-stream":"~0.1.0","pause-stream":"0.0.11","split":"0.3","stream-combiner":"~0.0.4"},"devDependencies":{"asynct":"*","it-is":"1","ubelt":"~3.2.2","stream-spec":"~0.3.5","tape":"~2.3.0"},"scripts":{"prepublish":"npm ls && npm test","test":"asynct test/","test_tap":"set -e; for t in test/*.js; do node $t; done"},"testling":{"files":"test/*.js","browsers":{"ie":[8,9],"firefox":[13],"chrome":[20],"safari":[5.1],"opera":[12]}},"author":{"name":"Dominic Tarr","email":"dominic.tarr@gmail.com","url":"http://bit.ly/dominictarr"},"gitHead":"6bd795a63a5da9d2c74ed686631bee29c27f0669","bugs":{"url":"https://github.com/dominictarr/event-stream/issues"},"_id":"event-stream@3.2.2","_shasum":"f79f9984c07ee3fd9b44ffb3cd0422b13e24084d","_from":".","_npmVersion":"2.2.0","_nodeVersion":"0.10.35","_npmUser":{"name":"dominictarr","email":"dominic.tarr@gmail.com"},"maintainers":[{"name":"dominictarr","email":"dominic.tarr@gmail.com"}],"dist":{"shasum":"f79f9984c07ee3fd9b44ffb3cd0422b13e24084d","tarball":"http://registry.npmjs.org/event-stream/-/event-stream-3.2.2.tgz"},"directories":{}},"3.3.0":{"name":"event-stream","version":"3.3.0","description":"construct pipes of streams of events","homepage":"http://github.com/dominictarr/event-stream","repository":{"type":"git","url":"git://github.com/dominictarr/event-stream.git"},"dependencies":{"through":"~2.3.1","duplexer":"~0.1.1","from":"~0","map-stream":"~0.1.0","pause-stream":"0.0.11","split":"0.3","stream-combiner":"~0.0.4"},"devDependencies":{"asynct":"*","it-is":"1","ubelt":"~3.2.2","stream-spec":"~0.3.5","tape":"~2.3.0"},"scripts":{"prepublish":"npm ls && npm test","test":"asynct test/","test_tap":"set -e; for t in test/*.js; do node $t; done"},"testling":{"files":"test/*.js","browsers":{"ie":[8,9],"firefox":[13],"chrome":[20],"safari":[5.1],"opera":[12]}},"author":{"name":"Dominic Tarr","email":"dominic.tarr@gmail.com","url":"http://bit.ly/dominictarr"},"gitHead":"c847b3691a3599bac31dfc4e99850899e3508d03","bugs":{"url":"https://github.com/dominictarr/event-stream/issues"},"_id":"event-stream@3.3.0","_shasum":"ad35bdfccc3925e030a55a01d102c65e77911799","_from":".","_npmVersion":"2.4.1","_nodeVersion":"0.10.35","_npmUser":{"name":"dominictarr","email":"dominic.tarr@gmail.com"},"maintainers":[{"name":"dominictarr","email":"dominic.tarr@gmail.com"}],"dist":{"shasum":"ad35bdfccc3925e030a55a01d102c65e77911799","tarball":"http://registry.npmjs.org/event-stream/-/event-stream-3.3.0.tgz"},"directories":{}},"3.3.1":{"name":"event-stream","version":"3.3.1","description":"construct pipes of streams of events","homepage":"http://github.com/dominictarr/event-stream","repository":{"type":"git","url":"git://github.com/dominictarr/event-stream.git"},"dependencies":{"through":"~2.3.1","duplexer":"~0.1.1","from":"~0","map-stream":"~0.1.0","pause-stream":"0.0.11","split":"0.3","stream-combiner":"~0.0.4"},"devDependencies":{"asynct":"*","it-is":"1","ubelt":"~3.2.2","stream-spec":"~0.3.5","tape":"~2.3.0"},"scripts":{"prepublish":"npm ls && npm test","test":"asynct test/","test_tap":"set -e; for t in test/*.js; do node $t; done"},"testling":{"files":"test/*.js","browsers":{"ie":[8,9],"firefox":[13],"chrome":[20],"safari":[5.1],"opera":[12]}},"author":{"name":"Dominic Tarr","email":"dominic.tarr@gmail.com","url":"http://bit.ly/dominictarr"},"gitHead":"d32723482dc2db8085a7457552232e01ff11bda6","bugs":{"url":"https://github.com/dominictarr/event-stream/issues"},"_id":"event-stream@3.3.1","_shasum":"b8cf6c00119181e688f335363daa7915ce890bdb","_from":".","_npmVersion":"2.4.1","_nodeVersion":"0.10.35","_npmUser":{"name":"dominictarr","email":"dominic.tarr@gmail.com"},"maintainers":[{"name":"dominictarr","email":"dominic.tarr@gmail.com"}],"dist":{"shasum":"b8cf6c00119181e688f335363daa7915ce890bdb","tarball":"http://registry.npmjs.org/event-stream/-/event-stream-3.3.1.tgz"},"directories":{}},"3.3.2":{"name":"event-stream","version":"3.3.2","description":"construct pipes of streams of events","homepage":"http://github.com/dominictarr/event-stream","repository":{"type":"git","url":"git://github.com/dominictarr/event-stream.git"},"dependencies":{"through":"~2.3.1","duplexer":"~0.1.1","from":"~0","map-stream":"~0.1.0","pause-stream":"0.0.11","split":"0.3","stream-combiner":"~0.0.4"},"devDependencies":{"asynct":"*","it-is":"1","ubelt":"~3.2.2","stream-spec":"~0.3.5","tape":"~2.3.0"},"scripts":{"prepublish":"npm ls && npm test","test":"asynct test/","test_tap":"set -e; for t in test/*.js; do node $t; done"},"testling":{"files":"test/*.js","browsers":{"ie":[8,9],"firefox":[13],"chrome":[20],"safari":[5.1],"opera":[12]}},"license":"MIT","author":{"name":"Dominic Tarr","email":"dominic.tarr@gmail.com","url":"http://bit.ly/dominictarr"},"gitHead":"bbcefd4d2b52d25cf5dd3e6025a88a050a66a317","bugs":{"url":"https://github.com/dominictarr/event-stream/issues"},"_id":"event-stream@3.3.2","_shasum":"3cc310feb1f28d2f62b2a085d736a9ef566378b8","_from":".","_npmVersion":"2.14.7","_nodeVersion":"4.2.1","_npmUser":{"name":"dominictarr","email":"dominic.tarr@gmail.com"},"maintainers":[{"name":"dominictarr","email":"dominic.tarr@gmail.com"}],"dist":{"shasum":"3cc310feb1f28d2f62b2a085d736a9ef566378b8","tarball":"http://registry.npmjs.org/event-stream/-/event-stream-3.3.2.tgz"},"directories":{}},"3.3.3":{"name":"event-stream","version":"3.3.3","description":"construct pipes of streams of events","homepage":"http://github.com/dominictarr/event-stream","repository":{"type":"git","url":"git://github.com/dominictarr/event-stream.git"},"dependencies":{"through":"~2.3.1","duplexer":"~0.1.1","from":"~0","map-stream":"~0.1.0","pause-stream":"0.0.11","split":"0.3","stream-combiner":"~0.0.4"},"devDependencies":{"asynct":"*","it-is":"1","ubelt":"~3.2.2","stream-spec":"~0.3.5","tape":"~2.3.0"},"scripts":{"prepublish":"npm ls && npm test","test":"asynct test/","test_tap":"set -e; for t in test/*.js; do node $t; done"},"testling":{"files":"test/*.js","browsers":{"ie":[8,9],"firefox":[13],"chrome":[20],"safari":[5.1],"opera":[12]}},"license":"MIT","author":{"name":"Dominic Tarr","email":"dominic.tarr@gmail.com","url":"http://bit.ly/dominictarr"},"gitHead":"c6867261929e5fe2696377cf2231bb5eae2aa377","bugs":{"url":"https://github.com/dominictarr/event-stream/issues"},"_id":"event-stream@3.3.3","_shasum":"f7d437a98f9c0715f4b643a97b66425549479b9b","_from":".","_npmVersion":"3.8.6","_nodeVersion":"5.11.1","_npmUser":{"name":"dominictarr","email":"dominic.tarr@gmail.com"},"dist":{"shasum":"f7d437a98f9c0715f4b643a97b66425549479b9b","tarball":"http://registry.npmjs.org/event-stream/-/event-stream-3.3.3.tgz"},"maintainers":[{"name":"dominictarr","email":"dominic.tarr@gmail.com"}],"_npmOperationalInternal":{"host":"packages-16-east.internal.npmjs.com","tmp":"tmp/event-stream-3.3.3.tgz_1466293147584_0.9326834555249661"},"directories":{}},"3.3.4":{"name":"event-stream","version":"3.3.4","description":"construct pipes of streams of events","homepage":"http://github.com/dominictarr/event-stream","repository":{"type":"git","url":"git://github.com/dominictarr/event-stream.git"},"dependencies":{"through":"~2.3.1","duplexer":"~0.1.1","from":"~0","map-stream":"~0.1.0","pause-stream":"0.0.11","split":"0.3","stream-combiner":"~0.0.4"},"devDependencies":{"asynct":"*","it-is":"1","ubelt":"~3.2.2","stream-spec":"~0.3.5","tape":"~2.3.0"},"scripts":{"prepublish":"npm ls && npm test","test":"asynct test/","test_tap":"set -e; for t in test/*.js; do node $t; done"},"testling":{"files":"test/*.js","browsers":{"ie":[8,9],"firefox":[13],"chrome":[20],"safari":[5.1],"opera":[12]}},"license":"MIT","author":{"name":"Dominic Tarr","email":"dominic.tarr@gmail.com","url":"http://bit.ly/dominictarr"},"gitHead":"0d9d45744b06ead81976b3400569160b76299a41","bugs":{"url":"https://github.com/dominictarr/event-stream/issues"},"_id":"event-stream@3.3.4","_shasum":"4ab4c9a0f5a54db9338b4c34d86bfce8f4b35571","_from":".","_npmVersion":"3.8.9","_nodeVersion":"6.2.0","_npmUser":{"name":"dominictarr","email":"dominic.tarr@gmail.com"},"dist":{"shasum":"4ab4c9a0f5a54db9338b4c34d86bfce8f4b35571","tarball":"http://registry.npmjs.org/event-stream/-/event-stream-3.3.4.tgz"},"maintainers":[{"name":"dominictarr","email":"dominic.tarr@gmail.com"}],"_npmOperationalInternal":{"host":"packages-16-east.internal.npmjs.com","tmp":"tmp/event-stream-3.3.4.tgz_1468740248120_0.7839670591056347"},"directories":{}}},"maintainers":[{"name":"dominictarr","email":"dominic.tarr@gmail.com"}],"time":{"modified":"2018-03-12T08:55:09.836Z","created":"2011-08-22T05:26:46.363Z","0.1.0":"2011-12-07T06:11:27.548Z","0.2.0":"2011-12-07T06:11:27.548Z","0.2.1":"2011-12-07T06:11:27.548Z","0.3.0":"2011-12-07T06:11:27.548Z","0.4.0":"2011-12-07T06:11:27.548Z","0.5.0":"2011-12-07T06:11:27.548Z","0.5.1":"2011-12-07T06:11:27.548Z","0.5.2":"2011-11-01T00:33:33.526Z","0.5.3":"2011-11-01T01:16:47.365Z","0.6.0":"2011-11-07T08:42:04.761Z","0.7.0":"2011-12-07T06:11:27.548Z","0.8.0":"2012-03-25T22:39:41.344Z","0.8.1":"2012-04-07T00:59:16.484Z","0.8.2":"2012-04-07T03:32:02.580Z","0.9.0":"2012-04-21T08:16:38.740Z","0.9.1":"2012-04-21T08:26:32.603Z","0.9.2":"2012-04-21T09:44:59.748Z","0.9.3":"2012-04-25T07:46:19.655Z","0.9.4":"2012-04-25T08:49:58.980Z","0.9.6":"2012-04-25T09:18:33.569Z","0.9.7":"2012-04-25T09:29:15.354Z","0.9.8":"2012-05-03T02:47:33.747Z","0.10.0":"2012-05-17T14:57:58.798Z","1.0.0":"2012-05-21T05:28:09.492Z","1.1.0":"2012-05-21T06:05:51.172Z","1.2.0":"2012-05-25T18:21:30.518Z","1.3.0":"2012-05-27T16:43:09.641Z","1.3.1":"2012-06-05T07:15:53.054Z","2.0.0":"2012-06-05T14:57:16.522Z","2.0.1":"2012-06-12T16:21:21.947Z","2.0.2":"2012-06-12T16:24:36.486Z","2.0.3":"2012-06-12T16:36:15.993Z","2.0.4":"2012-06-14T14:20:41.712Z","2.0.9":"2012-06-26T09:19:26.919Z","2.0.10":"2012-06-26T10:47:58.161Z","2.1.0":"2012-06-26T12:26:12.837Z","2.1.2":"2012-06-30T12:40:11.854Z","2.1.3":"2012-07-04T16:31:17.609Z","2.1.4":"2012-07-04T17:12:30.551Z","2.1.5":"2012-07-11T12:05:48.438Z","2.1.7":"2012-07-19T16:52:10.426Z","2.1.8":"2012-07-23T20:34:31.619Z","2.1.9":"2012-08-04T12:59:26.323Z","2.2.0":"2012-08-07T14:52:31.032Z","2.2.1":"2012-08-10T12:31:18.687Z","2.2.2":"2012-08-15T12:26:09.720Z","2.2.3":"2012-08-18T13:10:53.974Z","3.0.0":"2012-08-18T13:39:02.524Z","3.0.1":"2012-08-18T14:18:00.038Z","3.0.2":"2012-08-19T19:44:58.461Z","3.0.3":"2012-08-30T14:25:05.439Z","3.0.4":"2012-08-31T09:40:06.165Z","3.0.5":"2012-09-25T23:02:28.550Z","3.0.6":"2012-09-30T22:39:48.407Z","3.0.7":"2012-09-30T22:43:59.240Z","3.0.8":"2012-11-27T07:27:28.661Z","3.0.9":"2012-12-12T04:48:07.024Z","3.0.10":"2012-12-13T00:57:45.839Z","3.0.11":"2013-01-06T10:32:41.136Z","3.0.12":"2013-03-09T00:18:56.430Z","3.0.13":"2013-03-27T10:03:30.034Z","3.0.14":"2013-04-22T23:37:56.657Z","3.0.15":"2013-06-18T15:25:59.980Z","3.0.16":"2013-07-13T23:10:11.738Z","3.0.17":"2013-12-04T14:25:43.218Z","3.0.18":"2013-12-04T14:41:21.493Z","3.0.20":"2013-12-11T14:44:18.783Z","3.1.0":"2014-01-09T07:19:47.716Z","3.1.1":"2014-03-27T04:12:34.596Z","3.1.2":"2014-04-13T10:33:55.628Z","3.1.4":"2014-04-28T16:14:34.607Z","3.1.5":"2014-04-30T03:59:54.201Z","3.1.7":"2014-07-21T01:03:45.046Z","3.2.0":"2014-12-27T06:59:21.624Z","3.2.1":"2014-12-29T20:38:42.306Z","3.2.2":"2015-02-02T10:11:31.433Z","3.3.0":"2015-03-06T10:58:40.308Z","3.3.1":"2015-05-06T02:59:08.992Z","3.3.2":"2015-10-16T04:25:40.139Z","3.3.3":"2016-06-18T23:39:10.007Z","3.3.4":"2016-07-17T07:24:09.767Z"},"author":{"name":"Dominic Tarr","email":"dominic.tarr@gmail.com","url":"http://bit.ly/dominictarr"},"repository":{"type":"git","url":"git://github.com/dominictarr/event-stream.git"},"users":{"substack":true,"fgribreau":true,"xenomuta":true,"jswartwood":true,"carlos8f":true,"hughsk":true,"hij1nx":true,"dubban":true,"zarkone":true,"shawnsandy":true,"greelgorke":true,"redbe4rd":true,"magomogo":true,"nak2k":true,"mcharytoniuk":true,"tunnckocore":true,"pospi":true,"joakin":true,"scull7":true,"liveinjs":true,"kahboom":true,"mk":true,"drdrej":true,"h02e56":true,"goldenboy":true,"isao":true,"bmpvieira":true,"jits":true,"vivainio":true,"green_goo":true,"deide":true,"hengkiardo":true,"lewisbrown":true,"phoenix-xsy":true,"gorillatron":true,"silom":true,"hollobit":true,"thomask33":true,"akiva":true,"stooboo":true,"wangnan0610":true,"guilhermehn":true,"pressla":true,"axelav":true,"akarzim":true,"sahilsk":true,"kubakubula":true,"markthethomas":true,"yashprit":true,"stph":true,"sessionbean":true,"roryrjb":true,"alexkval":true,"n0n1":true,"mastayoda":true,"godion":true,"subso":true,"tylersclark":true,"nickleefly":true,"jkutianski":true,"jyounce":true,"jun01ito":true,"preflight":true,"xueboren":true,"klauskpm":true,"krabello":true,"buya":true,"pandao":true,"oscarelotero":true,"landy2014":true,"antixrist":true,"yeahoffline":true,"cfleschhut":true,"donggw2030521":true,"keberox":true,"huypham":true,"danielgr":true,"zhanghaili":true,"monjer":true,"segen":true,"ddkothari":true,"yoking":true,"ferrari":true,"akarem":true,"hyokosdeveloper":true,"umidjons":true,"eijs":true,"maxwang":true,"coolhanddev":true,"rbecheras":true,"nilz3ro":true,"sballan":true,"itonyyo":true,"elessarkrin":true,"faraoman":true,"yl2014":true,"yikuo":true,"itcorp":true,"rping":true,"jaimegvalero":true,"leix3041":true,"elussich":true,"ahvonenj":true},"readme":"# EventStream\n\n<img src=https://secure.travis-ci.org/dominictarr/event-stream.png?branch=master>\n\n[![browser status](http://ci.testling.com/dominictarr/event-stream.png)]\n(http://ci.testling.com/dominictarr/event-stream)\n\n[Streams](http://nodejs.org/api/stream.html \"Stream\") are node's best and most misunderstood idea, and \n_<em>EventStream</em>_ is a toolkit to make creating and working with streams <em>easy</em>.  \n\nNormally, streams are only used for IO,  \nbut in event stream we send all kinds of objects down the pipe.  \nIf your application's <em>input</em> and <em>output</em> are streams,  \nshouldn't the <em>throughput</em> be a stream too?  \n\nThe *EventStream* functions resemble the array functions,  \nbecause Streams are like Arrays, but laid out in time, rather than in memory.  \n\n<em>All the `event-stream` functions return instances of `Stream`</em>.\n\n`event-stream` creates \n[0.8 streams](https://github.com/joyent/node/blob/v0.8/doc/api/stream.markdown)\n, which are compatible with [0.10 streams](http://nodejs.org/api/stream.html \"Stream\").\n\n>NOTE: I shall use the term <em>\"through stream\"</em> to refer to a stream that is writable <em>and</em> readable.  \n\n### [simple example](https://github.com/dominictarr/event-stream/blob/master/examples/pretty.js):\n\n``` js\n\n//pretty.js\n\nif(!module.parent) {\n  var es = require('event-stream')\n  var inspect = require('util').inspect\n\n  process.stdin                        //connect streams together with `pipe`\n    .pipe(es.split())                  //split stream to break on newlines\n    .pipe(es.map(function (data, cb) { //turn this async function into a stream\n      cb(null\n        , inspect(JSON.parse(data)))   //render it nicely\n    }))\n    .pipe(process.stdout)              // pipe it to stdout !\n}\n```\nrun it ...\n\n``` bash  \ncurl -sS registry.npmjs.org/event-stream | node pretty.js\n```\n \n[node Stream documentation](http://nodejs.org/api/stream.html)\n\n## through (write?, end?)\n\nRe-emits data synchronously. Easy way to create synchronous through streams.\nPass in optional `write` and `end` methods. They will be called in the \ncontext of the stream. Use `this.pause()` and `this.resume()` to manage flow.\nCheck `this.paused` to see current flow state. (write always returns `!this.paused`)\n\nthis function is the basis for most of the synchronous streams in `event-stream`.\n\n``` js\n\nes.through(function write(data) {\n    this.emit('data', data)\n    //this.pause() \n  },\n  function end () { //optional\n    this.emit('end')\n  })\n\n```\n\n## map (asyncFunction)\n\nCreate a through stream from an asynchronous function.  \n\n``` js\nvar es = require('event-stream')\n\nes.map(function (data, callback) {\n  //transform data\n  // ...\n  callback(null, data)\n})\n\n```\n\nEach map MUST call the callback. It may callback with data, with an error or with no arguments, \n\n  * `callback()` drop this data.  \n    this makes the map work like `filter`,  \n    note:`callback(null,null)` is not the same, and will emit `null`\n\n  * `callback(null, newData)` turn data into newData\n    \n  * `callback(error)` emit an error for this item.\n\n>Note: if a callback is not called, `map` will think that it is still being processed,   \n>every call must be answered or the stream will not know when to end.  \n>\n>Also, if the callback is called more than once, every call but the first will be ignored.\n\n## mapSync (syncFunction)\n\nSame as `map`, but the callback is called synchronously. Based on `es.through`\n\n## split (matcher)\n\nBreak up a stream and reassemble it so that each line is a chunk. matcher may be a `String`, or a `RegExp` \n\nExample, read every line in a file ...\n\n``` js\nfs.createReadStream(file, {flags: 'r'})\n  .pipe(es.split())\n  .pipe(es.map(function (line, cb) {\n    //do something with the line \n    cb(null, line)\n  }))\n```\n\n`split` takes the same arguments as `string.split` except it defaults to '\\n' instead of ',', and the optional `limit` parameter is ignored.\n[String#split](https://developer.mozilla.org/en/JavaScript/Reference/Global_Objects/String/split)\n\n## join (separator)\n\nCreate a through stream that emits `separator` between each chunk, just like Array#join.\n\n(for legacy reasons, if you pass a callback instead of a string, join is a synonym for `es.wait`)\n\n## merge (stream1,...,streamN) or merge (streamArray) \n> concat → merge\n\nMerges streams into one and returns it.\nIncoming data will be emitted as soon it comes into - no ordering will be applied (for example: `data1 data1 data2 data1 data2` - where `data1` and `data2` is data from two streams).\nCounts how many streams were passed to it and emits end only when all streams emitted end.\n\n```js\nes.merge(\n  process.stdout,\n  process.stderr\n).pipe(fs.createWriteStream('output.log'));\n```\n\nIt can also take an Array of streams as input like this: \n```js\nes.merge([\n  fs.createReadStream('input1.txt'),\n  fs.createReadStream('input2.txt')\n]).pipe(fs.createWriteStream('output.log'));\n```\n\n## replace (from, to)\n\nReplace all occurrences of `from` with `to`. `from` may be a `String` or a `RegExp`.  \nWorks just like `string.split(from).join(to)`, but streaming.\n\n\n## parse\n\nConvenience function for parsing JSON chunks. For newline separated JSON,\nuse with `es.split`.  By default it logs parsing errors by `console.error`;\nfor another behaviour, transforms created by `es.parse({error: true})` will\nemit error events for exceptions thrown from `JSON.parse`, unmodified.\n\n``` js\nfs.createReadStream(filename)\n  .pipe(es.split()) //defaults to lines.\n  .pipe(es.parse())\n```\n\n## stringify\n\nconvert javascript objects into lines of text. The text will have whitespace escaped and have a `\\n` appended, so it will be compatible with `es.parse`\n\n``` js\nobjectStream\n  .pipe(es.stringify())\n  .pipe(fs.createWriteStream(filename))\n```\n\n## readable (asyncFunction) \n\ncreate a readable stream (that respects pause) from an async function.  \nwhile the stream is not paused,  \nthe function will be polled with `(count, callback)`,  \nand `this`  will be the readable stream.\n\n``` js\n\nes.readable(function (count, callback) {\n  if(streamHasEnded)\n    return this.emit('end')\n  \n  //...\n  \n  this.emit('data', data) //use this way to emit multiple chunks per call.\n      \n  callback() // you MUST always call the callback eventually.\n             // the function will not be called again until you do this.\n})\n```\nyou can also pass the data and the error to the callback.  \nyou may only call the callback once.  \ncalling the same callback more than once will have no effect.  \n\n## readArray (array)\n\nCreate a readable stream from an Array.\n\nJust emit each item as a data event, respecting `pause` and `resume`.\n\n``` js\n  var es = require('event-stream')\n    , reader = es.readArray([1,2,3])\n\n  reader.pipe(...)\n```\n\nIf you want the stream behave like a 0.10 stream you will need to wrap it using [`Readable.wrap()`](http://nodejs.org/api/stream.html#stream_readable_wrap_stream) function. Example:\n\n``` js\n\tvar s = new stream.Readable({objectMode: true}).wrap(es.readArray([1,2,3]));\n```\n\n## writeArray (callback)\n\ncreate a writeable stream from a callback,  \nall `data` events are stored in an array, which is passed to the callback when the stream ends.\n\n``` js\n  var es = require('event-stream')\n    , reader = es.readArray([1, 2, 3])\n    , writer = es.writeArray(function (err, array){\n      //array deepEqual [1, 2, 3]\n    })\n\n  reader.pipe(writer)\n```\n\n## pause  () \n\nA stream that buffers all chunks when paused.\n\n\n``` js\n  var ps = es.pause()\n  ps.pause() //buffer the stream, also do not allow 'end' \n  ps.resume() //allow chunks through\n```\n\n## duplex (writeStream, readStream)\n\nTakes a writable stream and a readable stream and makes them appear as a readable writable stream.\n\nIt is assumed that the two streams are connected to each other in some way.  \n\n(This is used by `pipeline` and `child`.)\n\n``` js\n  var grep = cp.exec('grep Stream')\n\n  es.duplex(grep.stdin, grep.stdout)\n```\n\n## child (child_process)\n\nCreate a through stream from a child process ...\n\n``` js\n  var cp = require('child_process')\n\n  es.child(cp.exec('grep Stream')) // a through stream\n\n```\n\n## wait (callback)\n\nwaits for stream to emit 'end'.\njoins chunks of a stream into a single string or buffer. \ntakes an optional callback, which will be passed the \ncomplete string/buffer when it receives the 'end' event.\n\nalso, emits a single 'data' event.\n\n``` js\n\nreadStream.pipe(es.wait(function (err, body) {\n  // have complete text here.\n}))\n\n```\n\n# Other Stream Modules\n\nThese modules are not included as a part of *EventStream* but may be\nuseful when working with streams.\n\n## [reduce (syncFunction, initial)](https://github.com/parshap/node-stream-reduce)\n\nLike `Array.prototype.reduce` but for streams. Given a sync reduce\nfunction and an initial value it will return a through stream that emits\na single data event with the reduced value once the input stream ends.\n\n``` js\nvar reduce = require(\"stream-reduce\");\nprocess.stdin.pipe(reduce(function(acc, data) {\n  return acc + data.length;\n}, 0)).on(\"data\", function(length) {\n  console.log(\"stdin size:\", length);\n});\n```\n","homepage":"http://github.com/dominictarr/event-stream","bugs":{"url":"https://github.com/dominictarr/event-stream/issues"},"readmeFilename":"readme.markdown","license":"MIT","_attachments":{},"_etag":"W/\"03455a222cf27c73901764324f814b26\"","_lastModified":"Sat, 26 May 2018 07:53:12 GMT"}