{"_id":"sb-fs","_rev":"5-9ee30e0b0ebff101d42381d6c7ce1662","name":"sb-fs","description":"Promisified fs for Node.js","dist-tags":{"latest":"3.0.0"},"versions":{"1.0.0":{"name":"sb-fs","version":"1.0.0","description":"Promisified fs for Node.js","main":"lib/index.js","scripts":{"test":"(apm test) && (flow check) && (eslint . )","clean":"rm -rf lib","build":"npm run clean; babel src --out-dir lib","watch":"npm run build -- -w"},"keywords":["sb","fs","promise"],"repository":{"type":"git","url":"git+https://github.com/steelbrain/fs.git"},"author":{"name":"steelbrain"},"license":"MIT","bugs":{"url":"https://github.com/steelbrain/fs/issues"},"homepage":"https://github.com/steelbrain/fs#readme","devDependencies":{"babel-cli":"^6.14.0","babel-preset-steelbrain":"^4.0.2","eslint-config-steelbrain":"^1.0.4","flow-bin":"^0.32.0","jasmine-fix":"^1.0.1"},"dependencies":{"mkdirp":"^0.5.1","rimraf":"^2.5.4","sb-promisify":"^2.0.1"},"gitHead":"ca2d04ac947b696d0a8af6dd086769df4a11c5d2","_id":"sb-fs@1.0.0","_shasum":"6263ce89352b508abdf27c6c4f9f9923f1744a5a","_from":".","_npmVersion":"3.10.3","_nodeVersion":"6.3.1","_npmUser":{"name":"steelbrain","email":"i@steelbrain.me"},"dist":{"shasum":"6263ce89352b508abdf27c6c4f9f9923f1744a5a","tarball":"https://registry.npmjs.org/sb-fs/-/sb-fs-1.0.0.tgz"},"maintainers":[{"name":"steelbrain","email":"i@steelbrain.me"}],"_npmOperationalInternal":{"host":"packages-12-west.internal.npmjs.com","tmp":"tmp/sb-fs-1.0.0.tgz_1473519206091_0.6718176596332341"},"directories":{}},"1.1.0":{"name":"sb-fs","version":"1.1.0","description":"Promisified fs for Node.js","main":"lib/index.js","scripts":{"test":"(apm test) && (flow check) && (eslint . )","clean":"rm -rf lib","build":"npm run clean; babel src --out-dir lib","watch":"npm run build -- -w"},"keywords":["sb","fs","promise"],"repository":{"type":"git","url":"git+https://github.com/steelbrain/fs.git"},"author":{"name":"steelbrain"},"license":"MIT","bugs":{"url":"https://github.com/steelbrain/fs/issues"},"homepage":"https://github.com/steelbrain/fs#readme","devDependencies":{"babel-cli":"^6.14.0","babel-preset-steelbrain":"^4.0.2","eslint-config-steelbrain":"^1.0.4","flow-bin":"^0.32.0","jasmine-fix":"^1.0.1"},"dependencies":{"mkdirp":"^0.5.1","rimraf":"^2.5.4","sb-promisify":"^2.0.1"},"gitHead":"093d28858f2393c10e28df9456955c1b71f20f8c","_id":"sb-fs@1.1.0","_shasum":"73cc479fbe7cbc17bc0d06ab7d56c6248af73c60","_from":".","_npmVersion":"3.10.3","_nodeVersion":"6.3.1","_npmUser":{"name":"steelbrain","email":"i@steelbrain.me"},"dist":{"shasum":"73cc479fbe7cbc17bc0d06ab7d56c6248af73c60","tarball":"https://registry.npmjs.org/sb-fs/-/sb-fs-1.1.0.tgz"},"maintainers":[{"name":"steelbrain","email":"i@steelbrain.me"}],"_npmOperationalInternal":{"host":"packages-12-west.internal.npmjs.com","tmp":"tmp/sb-fs-1.1.0.tgz_1473723970130_0.07041497528553009"},"directories":{}},"1.1.1":{"name":"sb-fs","version":"1.1.1","description":"Promisified fs for Node.js","main":"lib/index.js","scripts":{"test":"(apm test) && (flow check) && (eslint . )","clean":"rm -rf lib","compile":"npm run clean; babel src --out-dir lib","watch":"npm run compile -- -w"},"keywords":["sb","fs","promise"],"repository":{"type":"git","url":"git+https://github.com/steelbrain/fs.git"},"author":{"name":"steelbrain"},"license":"MIT","bugs":{"url":"https://github.com/steelbrain/fs/issues"},"homepage":"https://github.com/steelbrain/fs#readme","devDependencies":{"babel-cli":"^6.14.0","babel-preset-steelbrain":"^4.0.2","eslint-config-steelbrain":"^2.0.0","flow-bin":"^0.32.0","jasmine-fix":"^1.0.1"},"dependencies":{"mkdirp":"^0.5.1","rimraf":"^2.5.4","sb-promisify":"^2.0.1"},"gitHead":"f60f8527ea62e5f66fdc58bf02f628991273bc26","_id":"sb-fs@1.1.1","_shasum":"1fd6b071040e28a966e88e8ad2312192c6b6c1cd","_from":".","_npmVersion":"3.10.3","_nodeVersion":"6.3.1","_npmUser":{"name":"steelbrain","email":"i@steelbrain.me"},"dist":{"shasum":"1fd6b071040e28a966e88e8ad2312192c6b6c1cd","tarball":"https://registry.npmjs.org/sb-fs/-/sb-fs-1.1.1.tgz"},"maintainers":[{"name":"steelbrain","email":"i@steelbrain.me"}],"_npmOperationalInternal":{"host":"packages-16-east.internal.npmjs.com","tmp":"tmp/sb-fs-1.1.1.tgz_1474332185385_0.1504463420715183"},"directories":{}},"2.0.0":{"name":"sb-fs","version":"2.0.0","description":"Promisified fs for Node.js","main":"lib/index.js","scripts":{"test":"(apm test) && (flow check) && (eslint . )","clean":"rm -rf lib","compile":"npm run clean; babel src --out-dir lib","watch":"npm run compile -- -w"},"keywords":["sb","fs","promise"],"repository":{"type":"git","url":"git+https://github.com/steelbrain/fs.git"},"author":{"name":"steelbrain"},"license":"MIT","bugs":{"url":"https://github.com/steelbrain/fs/issues"},"homepage":"https://github.com/steelbrain/fs#readme","devDependencies":{"babel-cli":"^6.14.0","babel-preset-steelbrain":"^5.0.0","eslint-config-steelbrain":"^2.0.0","flow-bin":"^0.40.0","jasmine-fix":"^1.0.1"},"dependencies":{"mkdirp":"^0.5.1","rimraf":"^2.5.4","sb-promisify":"^2.0.1"},"gitHead":"4a1c6c7bca85d9ef5fa98df98530cb9a8772b0f9","_id":"sb-fs@2.0.0","_shasum":"7cff473c62b32465f8096dc7b6020a9b0dfa4135","_from":".","_npmVersion":"4.1.2","_nodeVersion":"7.6.0","_npmUser":{"name":"steelbrain","email":"i@steelbrain.me"},"dist":{"shasum":"7cff473c62b32465f8096dc7b6020a9b0dfa4135","tarball":"https://registry.npmjs.org/sb-fs/-/sb-fs-2.0.0.tgz"},"maintainers":[{"name":"steelbrain","email":"i@steelbrain.me"}],"_npmOperationalInternal":{"host":"packages-18-east.internal.npmjs.com","tmp":"tmp/sb-fs-2.0.0.tgz_1488446746181_0.7554157227277756"},"directories":{}},"3.0.0":{"name":"sb-fs","version":"3.0.0","description":"Promisified fs for Node.js","main":"lib/index.js","scripts":{"test":"(apm test) && (flow check) && (eslint . )","clean":"rm -rf lib","compile":"npm run clean; babel src --out-dir lib","watch":"npm run compile -- -w"},"keywords":["sb","fs","promise"],"repository":{"type":"git","url":"git+https://github.com/steelbrain/fs.git"},"author":{"name":"steelbrain"},"license":"MIT","bugs":{"url":"https://github.com/steelbrain/fs/issues"},"homepage":"https://github.com/steelbrain/fs#readme","devDependencies":{"babel-cli":"^6.14.0","babel-preset-steelbrain":"^5.0.0","eslint-config-steelbrain":"^3.0.0","flow-bin":"^0.43.0","jasmine-fix":"^1.0.1"},"dependencies":{"sb-promisify":"^2.0.1","strip-bom-buf":"^1.0.0"},"gitHead":"eab6c138a842d923aaebe982ba6d7900bbcf8d4a","_id":"sb-fs@3.0.0","_shasum":"fbdcdd3010e80a1b8e27490cef336064974203b8","_from":".","_npmVersion":"4.1.2","_nodeVersion":"7.7.2","_npmUser":{"name":"steelbrain","email":"i@steelbrain.me"},"dist":{"shasum":"fbdcdd3010e80a1b8e27490cef336064974203b8","tarball":"https://registry.npmjs.org/sb-fs/-/sb-fs-3.0.0.tgz"},"maintainers":[{"name":"steelbrain","email":"i@steelbrain.me"}],"_npmOperationalInternal":{"host":"packages-12-west.internal.npmjs.com","tmp":"tmp/sb-fs-3.0.0.tgz_1491783287336_0.6180746518075466"},"directories":{}}},"readme":"# FS\n\n[![Greenkeeper badge](https://badges.greenkeeper.io/steelbrain/fs.svg)](https://greenkeeper.io/)\n\n`sb-fs` is a Node.js module that exports a promisified FS.\n\n## Installation\n\n```\nnpm install --save sb-fs\n```\n\n## API\n\n```js\nexport promisifyAll(*) from 'fs'\nexport function rimraf(path: string): Promise<void>\nexport function mkdirp(path: string): Promise<void>\nexport function exists(path: string): Promise<boolean>\nexport function readFile(path: string): Promise<string>\n// ^ Returns a BOM stripped string\n```\n\n## Usage\n\n```js\nimport { readFile, rimraf, mkdirp, exists, createReadStream, createWriteStream } from 'sb-fs'\n\nexport default async function freedom() {\n  await mkdirp('/path/to/democracy')\n  await rimraf('/path/to/communism')\n  console.log(await readFile(__filename))\n  console.log(await exists('/path/to/humanity') ? 'it exists!!' : 'Naah it doesnt exist' )\n  createReadStream('source.js').pipe(createWriteStream('target.js'), { end: true })\n}\n```\n\n## License\n\nThis package is licensed under the terms of MIT License. See the LICENSE file for more info.\n","maintainers":[{"name":"steelbrain","email":"i@steelbrain.me"}],"time":{"modified":"2017-04-10T00:14:49.368Z","created":"2016-09-10T14:53:27.537Z","1.0.0":"2016-09-10T14:53:27.537Z","1.1.0":"2016-09-12T23:46:10.362Z","1.1.1":"2016-09-20T00:43:08.759Z","2.0.0":"2017-03-02T09:25:46.820Z","3.0.0":"2017-04-10T00:14:49.368Z"},"homepage":"https://github.com/steelbrain/fs#readme","keywords":["sb","fs","promise"],"repository":{"type":"git","url":"git+https://github.com/steelbrain/fs.git"},"author":{"name":"steelbrain"},"bugs":{"url":"https://github.com/steelbrain/fs/issues"},"license":"MIT","readmeFilename":"README.md","_attachments":{},"_etag":"W/\"56251dc6f96ab362c344ae6e786c9128\"","_lastModified":"Sun, 27 May 2018 16:39:00 GMT"}