{
  "menu": [
    {
      "label": "Packages",
      "submenu": [
        {
          "label": "LaTeX",
          "submenu": [
            { "label": "Build",   "command": "latex:build" },
            { "label": "Rebuild", "command": "latex:rebuild" },
            { "label": "Clean",   "command": "latex:clean" },
            { "label": "Kill Build",   "command": "latex:kill" },
            { "type": "separator" },
            { "label": "Toggle Log",   "command": "latex:toggle-log" },
            { "label": "Show Log",   "command": "latex:show-log" },
            { "label": "Hide Log",   "command": "latex:hide-log" },
            { "label": "Clear Log",   "command": "latex:clear-log" },
            { "type": "separator" },
            { "label": "Check Runtime",   "command": "latex:check-runtime" }
          ]
        }
      ]
    }
  ],
  "context-menu": {
    "atom-text-editor[data-grammar~=\"latex\"]": [
      { "label": "LaTeX Sync",     "command": "latex:sync" },
      { "label": "LaTeX Sync Log", "command": "latex:sync-log" }
    ]
  }
}
