{"_id":"@dicy/server","_rev":"6-46912900fe805c6d1ef1f2798940a47b","name":"@dicy/server","description":"JSON-RPC server for DiCy.","dist-tags":{"latest":"0.13.0"},"versions":{"0.12.0-pre.0":{"name":"@dicy/server","version":"0.12.0-pre.0","description":"JSON-RPC server for DiCy.","keywords":["latex","knitr","sage","biblatex"],"bugs":{"url":"https://github.com/yitzchak/dicy/issues"},"main":"lib/main.js","scripts":{"test":"jasmine-ts","compile":"rimraf lib && tsc","prepublish":"npm run compile"},"bin":{"dicy-server":"lib/main.js"},"repository":{"type":"git","url":"git+https://github.com/yitzchak/dicy.git"},"author":{"name":"Tarn Burton","email":"twburton@gmail.com"},"contributors":[],"homepage":"https://yitzchak.github.io/dicy/","engines":{"node":">=6.9.0"},"license":"MIT","dependencies":{"@dicy/core":"^0.12.0-pre.0","vscode-jsonrpc":"^3.5.0","yargs":"^10.0.3"},"devDependencies":{"@types/jasmine":"^2.6.2","@types/node":"^8.0.47","@types/yargs":"^8.0.2","jasmine":"^2.8.0","jasmine-ts":"^0.2.1","rimraf":"^2.6.2","typescript":"^2.5.3"},"_id":"@dicy/server@0.12.0-pre.0","_npmVersion":"5.5.1","_nodeVersion":"8.8.1","_npmUser":{"name":"yitzchak","email":"twburton@gmail.com"},"dist":{"integrity":"sha512-gHriu5jWSXaOOR5xbrIiO5E15Knsn+pgiO4G+/NC1RY/OpIA1S1yni79ip9kYiYOrOvEa4Sxdh3sLGzI2y26Tg==","shasum":"141c08cb17ebf37db6d93e435c8a76e3130ed2e2","tarball":"https://registry.npmjs.org/@dicy/server/-/server-0.12.0-pre.0.tgz"},"maintainers":[{"name":"yitzchak","email":"twburton@gmail.com"}],"_npmOperationalInternal":{"host":"s3://npm-registry-packages","tmp":"tmp/server-0.12.0-pre.0.tgz_1511050729608_0.3999946820549667"},"directories":{}},"0.12.0":{"name":"@dicy/server","version":"0.12.0","description":"JSON-RPC server for DiCy.","keywords":["latex","knitr","sage","biblatex"],"bugs":{"url":"https://github.com/yitzchak/dicy/issues"},"main":"lib/main.js","scripts":{"test":"jasmine-ts","compile":"rimraf lib && tsc","prepublish":"npm run compile"},"bin":{"dicy-server":"lib/main.js"},"repository":{"type":"git","url":"git+https://github.com/yitzchak/dicy.git"},"author":{"name":"Tarn Burton","email":"twburton@gmail.com"},"contributors":[],"homepage":"https://yitzchak.github.io/dicy/","engines":{"node":">=6.9.0"},"license":"MIT","dependencies":{"@dicy/core":"^0.12.0","vscode-jsonrpc":"^3.5.0","yargs":"^10.0.3"},"devDependencies":{"@types/jasmine":"^2.6.2","@types/node":"^8.0.47","@types/yargs":"^8.0.2","jasmine":"^2.8.0","jasmine-ts":"^0.2.1","rimraf":"^2.6.2","typescript":"^2.5.3"},"_id":"@dicy/server@0.12.0","_npmVersion":"5.5.1","_nodeVersion":"9.2.0","_npmUser":{"name":"yitzchak","email":"twburton@gmail.com"},"dist":{"integrity":"sha512-USlRoQthtZm5gZp6NODES9Ul3lGM/SDO52jZkK853aTZQwQegBlu6qjL6PDd7Q9F1vmd1SsvDBXXkxvPZEIq8g==","shasum":"116ad7d83f7fb07a840dffe381c6b9cc5898304a","tarball":"https://registry.npmjs.org/@dicy/server/-/server-0.12.0.tgz"},"maintainers":[{"name":"yitzchak","email":"twburton@gmail.com"}],"_npmOperationalInternal":{"host":"s3://npm-registry-packages","tmp":"tmp/server-0.12.0.tgz_1511661247174_0.05439061741344631"},"directories":{}},"0.12.1":{"name":"@dicy/server","version":"0.12.1","description":"JSON-RPC server for DiCy.","keywords":["latex","knitr","sage","biblatex"],"bugs":{"url":"https://github.com/yitzchak/dicy/issues"},"main":"lib/main.js","scripts":{"test":"jasmine-ts","compile":"rimraf lib && tsc","prepublish":"npm run compile"},"bin":{"dicy-server":"lib/main.js"},"repository":{"type":"git","url":"git+https://github.com/yitzchak/dicy.git"},"author":{"name":"Tarn Burton","email":"twburton@gmail.com"},"contributors":[],"homepage":"https://yitzchak.github.io/dicy/","engines":{"node":">=6.9.0"},"license":"MIT","dependencies":{"@dicy/core":"^0.12.1","vscode-jsonrpc":"^3.5.0","yargs":"^10.0.3"},"devDependencies":{"@types/jasmine":"^2.6.2","@types/node":"^8.0.47","@types/yargs":"^8.0.2","jasmine":"^2.8.0","jasmine-ts":"^0.2.1","rimraf":"^2.6.2","typescript":"^2.5.3"},"_id":"@dicy/server@0.12.1","_npmVersion":"5.5.1","_nodeVersion":"9.2.0","_npmUser":{"name":"yitzchak","email":"twburton@gmail.com"},"dist":{"integrity":"sha512-ZJroJS4P0PXymZyIz/PUOfIXq22lZGfZxVP1W8hEIdhtO0Vts2ZegeRxQKdqDzj1ch2AbErKBwP2FG7LM3kIHg==","shasum":"af7350325fcee2a537a7d64f324b2e187d5cdba4","tarball":"https://registry.npmjs.org/@dicy/server/-/server-0.12.1.tgz"},"maintainers":[{"name":"yitzchak","email":"twburton@gmail.com"}],"_npmOperationalInternal":{"host":"s3://npm-registry-packages","tmp":"tmp/server-0.12.1.tgz_1511986986705_0.1219914834946394"},"directories":{}},"0.12.2":{"name":"@dicy/server","version":"0.12.2","description":"JSON-RPC server for DiCy.","keywords":["latex","knitr","sage","biblatex"],"bugs":{"url":"https://github.com/yitzchak/dicy/issues"},"main":"lib/main.js","scripts":{"test":"jasmine-ts","compile":"rimraf lib && tsc","prepublish":"npm run compile"},"bin":{"dicy-server":"lib/main.js"},"repository":{"type":"git","url":"git+https://github.com/yitzchak/dicy.git"},"author":{"name":"Tarn Burton","email":"twburton@gmail.com"},"contributors":[],"homepage":"https://yitzchak.github.io/dicy/","engines":{"node":">=6.9.0"},"license":"MIT","dependencies":{"@dicy/core":"^0.12.2","vscode-jsonrpc":"^3.5.0","yargs":"^10.0.3"},"devDependencies":{"@types/jasmine":"^2.6.2","@types/node":"^8.0.47","@types/yargs":"^8.0.2","jasmine":"^2.8.0","jasmine-ts":"^0.2.1","rimraf":"^2.6.2","typescript":"^2.5.3"},"_id":"@dicy/server@0.12.2","_npmVersion":"5.5.1","_nodeVersion":"9.2.0","_npmUser":{"name":"yitzchak","email":"twburton@gmail.com"},"dist":{"integrity":"sha512-okx7xGMN8YZ1rGuRCrPY4sCtRBwTyGWiQK8FEo+h9yIzoddSVONn5gQ5sK2gDbQigo+ZVtEbbL4ZJUMCq4LlCw==","shasum":"9815a51bfe94f459fb17ac41ecbf5e233380a1a9","tarball":"https://registry.npmjs.org/@dicy/server/-/server-0.12.2.tgz"},"maintainers":[{"name":"yitzchak","email":"twburton@gmail.com"}],"_npmOperationalInternal":{"host":"s3://npm-registry-packages","tmp":"tmp/server-0.12.2.tgz_1512227298571_0.11484365211799741"},"directories":{}},"0.12.3":{"name":"@dicy/server","version":"0.12.3","description":"JSON-RPC server for DiCy.","keywords":["latex","knitr","sage","biblatex"],"bugs":{"url":"https://github.com/yitzchak/dicy/issues"},"main":"lib/main.js","scripts":{"test":"jasmine-ts","compile":"rimraf lib && tsc","prepublish":"npm run compile"},"bin":{"dicy-server":"lib/main.js"},"repository":{"type":"git","url":"git+https://github.com/yitzchak/dicy.git"},"author":{"name":"Tarn Burton","email":"twburton@gmail.com"},"contributors":[],"homepage":"https://yitzchak.github.io/dicy/","engines":{"node":">=6.9.0"},"license":"MIT","dependencies":{"@dicy/core":"^0.12.3","vscode-jsonrpc":"^3.5.0","yargs":"^10.0.3"},"devDependencies":{"@types/jasmine":"^2.6.2","@types/node":"^8.0.56","@types/yargs":"^8.0.3","jasmine":"^2.8.0","jasmine-ts":"^0.2.1","rimraf":"^2.6.2","typescript":"^2.6.2"},"_id":"@dicy/server@0.12.3","_npmVersion":"5.5.1","_nodeVersion":"9.2.0","_npmUser":{"name":"yitzchak","email":"twburton@gmail.com"},"dist":{"integrity":"sha512-vzVJN3H8wh7ckgnBnoV97n1e1FBN/JhDtfjFHObnImC0DuUbt24TPqNVMqHtAMimDYY9/UIhWncVDXNnMPXynA==","shasum":"7f436b4768ed1a622cae4351c0e9f36adaab85b3","tarball":"https://registry.npmjs.org/@dicy/server/-/server-0.12.3.tgz"},"maintainers":[{"name":"yitzchak","email":"twburton@gmail.com"}],"_npmOperationalInternal":{"host":"s3://npm-registry-packages","tmp":"tmp/server-0.12.3.tgz_1512911630808_0.061114951968193054"},"directories":{}},"0.13.0":{"name":"@dicy/server","version":"0.13.0","description":"JSON-RPC server for DiCy.","keywords":["latex","knitr","sage","biblatex"],"bugs":{"url":"https://github.com/yitzchak/dicy/issues"},"main":"lib/main.js","scripts":{"test":"jasmine-ts","compile":"rimraf lib && tsc && prepend lib/main.js \"#!/usr/bin/env node\n\"","prepublish":"npm run compile"},"bin":{"dicy-server":"lib/main.js"},"repository":{"type":"git","url":"git+https://github.com/yitzchak/dicy.git"},"author":{"name":"Tarn Burton","email":"twburton@gmail.com"},"contributors":[],"homepage":"https://yitzchak.github.io/dicy/","engines":{"node":">=6.9.0"},"license":"MIT","dependencies":{"@dicy/core":"^0.13.0","vscode-jsonrpc":"^3.5.0","yargs":"^11.0.0"},"devDependencies":{"@types/jasmine":"^2.8.6","@types/node":"^9.4.6","@types/yargs":"^11.0.0","jasmine":"^3.0.0","jasmine-ts":"^0.2.1","prepend-file-cli":"^1.0.6","rimraf":"^2.6.2","typescript":"^2.7.2"},"_id":"@dicy/server@0.13.0","_npmVersion":"5.7.1","_nodeVersion":"9.8.0","_npmUser":{"name":"yitzchak","email":"twburton@gmail.com"},"dist":{"integrity":"sha512-Vco7bzC6mmM6iu5E5Ob4W5jt/iuZ111Xb+db5UlWdQoQS0EMnX3eny3orTulOrywyZqOH0JelyI9tXMC4TYEjg==","shasum":"94852676344eed3537262985dbb676f75fae2805","tarball":"https://registry.npmjs.org/@dicy/server/-/server-0.13.0.tgz","fileCount":5,"unpackedSize":8433},"maintainers":[{"name":"yitzchak","email":"twburton@gmail.com"}],"directories":{},"_npmOperationalInternal":{"host":"s3://npm-registry-packages","tmp":"tmp/server_0.13.0_1521022139438_0.45427072408010094"}}},"readme":"# @dicy/server\n\n[![Build Status][travis svg]][travis]\n[![Windows Build Status][appveyor svg]][appveyor]\n[![Dependency Status][dependency svg]][dependency]\n[![devDependency Status][devdependency svg]][devdependency]\n\nThis package is a JSON-RPC server interface to DiCy, a JavaScript/TypeScript\nbased builder for LaTeX, knitr, Literate Agda, Literate Haskell, and Pweave that\nautomatically builds dependencies. DiCy parses and filters output logs and error\nmessages generated during build and can build projects that utilize the\nfollowing programs to process files.\n\n-   Bibliographies — Biber, BibTeX, BibTeX8, BibTeXu, pBibTeX, upBibTeX\n-   Graphics Creation — Asymptote, MetaPost\n-   Image/File Conversion — dvipdfm, dvipdfmx, dvips, dvisvgm, epstopdf, pdf2ps,\n    ps2pdf\n-   Indexing/Glossaries — bib2gls, makeglossaries, makeindex, mendex,\n    splitindex, texindy, upmendex\n-   LaTeX Engines — LaTeX, LuaLaTeX, pdfLaTeX, pLaTeX, upLaTeX, XeLaTeX\n-   Literate Programming/Reproducible Research — Agda, knitr, lhs2TeX,\n    patchSynctex, PythonTeX, Pweave, SageTeX\n\nMore information, including installation and API documentation is available at\nthe [DiCy][] website.\n\n## License\n\nThis project is licensed under the MIT License - see the LICENSE.md file for\ndetails.\n\n[appveyor svg]: https://ci.appveyor.com/api/projects/status/s3unjr8c90bhcd99?svg=true\n\n[appveyor]: https://ci.appveyor.com/project/yitzchak/dicy/branch/master\n\n[dependency svg]: https://david-dm.org/yitzchak/dicy.svg?path=packages%2Fserver\n\n[dependency]: https://david-dm.org/yitzchak/dicy?path=packages%2Fserver\n\n[devdependency svg]: https://david-dm.org/yitzchak/dicy/dev-status.svg?path=packages%2Fserver\n\n[devdependency]: https://david-dm.org/yitzchak/dicy?type=dev&path=packages%2Fserver\n\n[dicy]: https://yitzchak.github.io/dicy/\n\n[travis svg]: https://travis-ci.org/yitzchak/dicy.svg?branch=master\n\n[travis]: https://travis-ci.org/yitzchak/dicy\n","maintainers":[{"name":"yitzchak","email":"twburton@gmail.com"}],"time":{"modified":"2018-03-14T10:08:59.758Z","created":"2017-11-19T00:18:50.469Z","0.12.0-pre.0":"2017-11-19T00:18:50.469Z","0.12.0":"2017-11-26T01:54:08.021Z","0.12.1":"2017-11-29T20:23:08.298Z","0.12.2":"2017-12-02T15:08:18.642Z","0.12.3":"2017-12-10T13:13:51.714Z","0.13.0":"2018-03-14T10:08:59.537Z"},"homepage":"https://yitzchak.github.io/dicy/","keywords":["latex","knitr","sage","biblatex"],"repository":{"type":"git","url":"git+https://github.com/yitzchak/dicy.git"},"contributors":[],"author":{"name":"Tarn Burton","email":"twburton@gmail.com"},"bugs":{"url":"https://github.com/yitzchak/dicy/issues"},"license":"MIT","readmeFilename":"README.md","_attachments":{},"_etag":"W/\"b9f2d22744c87612c1c4b77101f434b6\"","_lastModified":"Wed, 14 Mar 2018 10:09:01 GMT"}