{"_id":"path-dirname","_rev":"5-fe70b472dc03e717b4119a485a93a93b","name":"path-dirname","time":{"modified":"2016-10-18T17:27:03.641Z","created":"2016-10-18T15:48:44.940Z","1.0.0":"2016-10-18T15:48:44.940Z","1.0.1":"2016-10-18T17:14:25.090Z","1.0.2":"2016-10-18T17:27:03.641Z"},"maintainers":[{"name":"es128","email":"elan.shanker+npm@gmail.com"}],"dist-tags":{"latest":"1.0.2"},"description":"Node.js path.dirname() ponyfill","readme":"# path-dirname [![Build Status](https://travis-ci.org/es128/path-dirname.svg?branch=master)](https://travis-ci.org/es128/path-dirname)\n\n> Node.js [`path.dirname()`](https://nodejs.org/api/path.html#path_path_dirname_path) [ponyfill](https://ponyfill.com)\n\nThis was needed in order to expose `path.posix.dirname()` on Node.js v0.10\n\n## Install\n\n```\n$ npm install --save path-dirname\n```\n\n\n## Usage\n\n```js\nconst pathDirname = require('path-dirname');\n\npathDirname('/home/foo');\n//=> '/home'\npathDirname('C:\\\\Users\\\\foo');\n//=> 'C:\\\\Users'\npathDirname('foo');\n//=> '.'\npathDirname('foo/bar');\n//=> 'foo'\n\n//Using posix version for consistent output when dealing with glob escape chars\npathDirname.win32('C:\\\\Users\\\\foo/\\\\*bar');\n//=> 'C:\\\\Users\\\\foo/'\npathDirname.posix('C:\\\\Users\\\\foo/\\\\*bar');\n//=> 'C:\\\\Users\\\\foo'\n```\n\n\n## API\n\nSee the [`path.dirname()` docs](https://nodejs.org/api/path.html#path_path_dirname_path).\n\n### pathDirname(path)\n\n### pathDirname.posix(path)\n\nPOSIX specific version.\n\n### pathDirname.win32(path)\n\nWindows specific version.\n\n\n## License\n\nMIT\n","versions":{"1.0.2":{"name":"path-dirname","version":"1.0.2","description":"Node.js path.dirname() ponyfill","license":"MIT","repository":{"type":"git","url":"git+https://github.com/es128/path-dirname.git"},"author":{"name":"Elan Shanker"},"scripts":{"test":"node test.js"},"files":["index.js"],"keywords":["dirname","dir","path","paths","file","built-in","util","utils","core","stdlib","ponyfill","polyfill","shim"],"gitHead":"ba28247b19f27ec3fa187088d6169241b223f9f8","bugs":{"url":"https://github.com/es128/path-dirname/issues"},"homepage":"https://github.com/es128/path-dirname#readme","_id":"path-dirname@1.0.2","_shasum":"cc33d24d525e099a5388c0336c6e32b9160609e0","_from":".","_npmVersion":"3.8.6","_nodeVersion":"5.12.0","_npmUser":{"name":"es128","email":"elan.shanker+npm@gmail.com"},"dist":{"shasum":"cc33d24d525e099a5388c0336c6e32b9160609e0","tarball":"https://registry.npmjs.org/path-dirname/-/path-dirname-1.0.2.tgz"},"maintainers":[{"name":"es128","email":"elan.shanker+npm@gmail.com"}],"_npmOperationalInternal":{"host":"packages-12-west.internal.npmjs.com","tmp":"tmp/path-dirname-1.0.2.tgz_1476811621782_0.25002457783557475"},"directories":{}}},"homepage":"https://github.com/es128/path-dirname#readme","keywords":["dirname","dir","path","paths","file","built-in","util","utils","core","stdlib","ponyfill","polyfill","shim"],"repository":{"type":"git","url":"git+https://github.com/es128/path-dirname.git"},"author":{"name":"Elan Shanker"},"bugs":{"url":"https://github.com/es128/path-dirname/issues"},"license":"MIT","readmeFilename":"readme.md","_attachments":{},"_etag":"W/\"85b6b4e94931112f97232559f08a33dc\"","_lastModified":"Sun, 27 May 2018 11:56:42 GMT"}