{"_id":"is-fullwidth-code-point","_rev":"6-5de288fca47da9a8035f1b355c399854","name":"is-fullwidth-code-point","description":"Check if the character represented by a given Unicode code point is fullwidth","dist-tags":{"latest":"2.0.0"},"versions":{"1.0.0":{"name":"is-fullwidth-code-point","version":"1.0.0","description":"Check if the character represented by a given Unicode code point is fullwidth","license":"MIT","repository":{"type":"git","url":"https://github.com/sindresorhus/is-fullwidth-code-point"},"author":{"name":"Sindre Sorhus","email":"sindresorhus@gmail.com","url":"sindresorhus.com"},"engines":{"node":">=0.10.0"},"scripts":{"test":"node test.js"},"files":["index.js"],"keywords":["fullwidth","full-width","full","width","unicode","character","char","string","str","codepoint","code","point","is","detect","check"],"dependencies":{"number-is-nan":"^1.0.0"},"devDependencies":{"ava":"0.0.4","code-point-at":"^1.0.0"},"gitHead":"f2152d357f41f82785436d428e4f8ede143b7548","bugs":{"url":"https://github.com/sindresorhus/is-fullwidth-code-point/issues"},"homepage":"https://github.com/sindresorhus/is-fullwidth-code-point","_id":"is-fullwidth-code-point@1.0.0","_shasum":"ef9e31386f031a7f0d643af82fde50c457ef00cb","_from":".","_npmVersion":"2.11.2","_nodeVersion":"0.12.5","_npmUser":{"name":"sindresorhus","email":"sindresorhus@gmail.com"},"dist":{"shasum":"ef9e31386f031a7f0d643af82fde50c457ef00cb","tarball":"https://registry.npmjs.org/is-fullwidth-code-point/-/is-fullwidth-code-point-1.0.0.tgz"},"maintainers":[{"name":"sindresorhus","email":"sindresorhus@gmail.com"}],"directories":{}},"2.0.0":{"name":"is-fullwidth-code-point","version":"2.0.0","description":"Check if the character represented by a given Unicode code point is fullwidth","license":"MIT","repository":{"type":"git","url":"git+https://github.com/sindresorhus/is-fullwidth-code-point.git"},"author":{"name":"Sindre Sorhus","email":"sindresorhus@gmail.com","url":"sindresorhus.com"},"engines":{"node":">=4"},"scripts":{"test":"xo && ava"},"files":["index.js"],"keywords":["fullwidth","full-width","full","width","unicode","character","char","string","str","codepoint","code","point","is","detect","check"],"devDependencies":{"ava":"*","xo":"*"},"xo":{"esnext":true},"gitHead":"e94a78056056c5546f2bf4c4cf812a2163a46dae","bugs":{"url":"https://github.com/sindresorhus/is-fullwidth-code-point/issues"},"homepage":"https://github.com/sindresorhus/is-fullwidth-code-point#readme","_id":"is-fullwidth-code-point@2.0.0","_shasum":"a3b30a5c4f199183167aaab93beefae3ddfb654f","_from":".","_npmVersion":"3.10.7","_nodeVersion":"4.5.0","_npmUser":{"name":"sindresorhus","email":"sindresorhus@gmail.com"},"dist":{"shasum":"a3b30a5c4f199183167aaab93beefae3ddfb654f","tarball":"https://registry.npmjs.org/is-fullwidth-code-point/-/is-fullwidth-code-point-2.0.0.tgz"},"maintainers":[{"name":"sindresorhus","email":"sindresorhus@gmail.com"}],"_npmOperationalInternal":{"host":"packages-16-east.internal.npmjs.com","tmp":"tmp/is-fullwidth-code-point-2.0.0.tgz_1474526567505_0.299921662081033"},"directories":{}}},"readme":"# is-fullwidth-code-point [![Build Status](https://travis-ci.org/sindresorhus/is-fullwidth-code-point.svg?branch=master)](https://travis-ci.org/sindresorhus/is-fullwidth-code-point)\n\n> Check if the character represented by a given [Unicode code point](https://en.wikipedia.org/wiki/Code_point) is [fullwidth](https://en.wikipedia.org/wiki/Halfwidth_and_fullwidth_forms)\n\n\n## Install\n\n```\n$ npm install --save is-fullwidth-code-point\n```\n\n\n## Usage\n\n```js\nconst isFullwidthCodePoint = require('is-fullwidth-code-point');\n\nisFullwidthCodePoint('谢'.codePointAt());\n//=> true\n\nisFullwidthCodePoint('a'.codePointAt());\n//=> false\n```\n\n\n## API\n\n### isFullwidthCodePoint(input)\n\n#### input\n\nType: `number`\n\n[Code point](https://en.wikipedia.org/wiki/Code_point) of a character.\n\n\n## License\n\nMIT © [Sindre Sorhus](https://sindresorhus.com)\n","maintainers":[{"name":"sindresorhus","email":"sindresorhus@gmail.com"}],"time":{"modified":"2017-06-25T23:41:15.561Z","created":"2015-07-16T22:00:18.162Z","1.0.0":"2015-07-16T22:00:18.162Z","2.0.0":"2016-09-22T06:42:49.558Z"},"homepage":"https://github.com/sindresorhus/is-fullwidth-code-point#readme","keywords":["fullwidth","full-width","full","width","unicode","character","char","string","str","codepoint","code","point","is","detect","check"],"repository":{"type":"git","url":"git+https://github.com/sindresorhus/is-fullwidth-code-point.git"},"author":{"name":"Sindre Sorhus","email":"sindresorhus@gmail.com","url":"sindresorhus.com"},"bugs":{"url":"https://github.com/sindresorhus/is-fullwidth-code-point/issues"},"license":"MIT","readmeFilename":"readme.md","_attachments":{},"_etag":"W/\"6ca438f369cb1059d65dde05ff236099\"","_lastModified":"Sun, 27 May 2018 04:59:01 GMT","_cached":true}