{"_id":"json5","_rev":"53-831290d1f51e9cdb8d0d5c4694489eec","name":"json5","description":"JSON for humans.","dist-tags":{"latest":"1.0.1","beta":"1.0.0-beta.4"},"versions":{"0.0.0":{"name":"json5","description":"Modern JSON.","version":"0.0.0","author":{"name":"Aseem Kishore","email":"aseem.kishore@gmail.com"},"main":"json5","scripts":{"test":"node test"},"_npmUser":{"name":"aseemk","email":"aseem.kishore@gmail.com"},"_id":"json5@0.0.0","dependencies":{},"devDependencies":{},"optionalDependencies":{},"engines":{"node":"*"},"_engineSupported":true,"_npmVersion":"1.1.21","_nodeVersion":"v0.6.16","_defaultsLoaded":true,"dist":{"shasum":"f6e55f0133dc3b2c66c1fd3a51707b8bb6149f11","tarball":"https://registry.npmjs.org/json5/-/json5-0.0.0.tgz"},"maintainers":[{"name":"aseemk","email":"aseem.kishore@gmail.com"}],"directories":{}},"0.0.1":{"name":"json5","version":"0.0.1","description":"Modern JSON.","keywords":["json","json5"],"author":{"name":"Aseem Kishore","email":"aseem.kishore@gmail.com"},"main":"json5","dependencies":{},"devDependencies":{"mocha":"~1.0.3"},"scripts":{"test":"mocha --ui exports --reporter list"},"homepage":"https://github.com/aseemk/json5","repository":{"type":"git","url":"git://github.com/aseemk/json5.git"},"_npmUser":{"name":"aseemk","email":"aseem.kishore@gmail.com"},"_id":"json5@0.0.1","optionalDependencies":{},"engines":{"node":"*"},"_engineSupported":true,"_npmVersion":"1.1.21","_nodeVersion":"v0.6.16","_defaultsLoaded":true,"dist":{"shasum":"d9611910a4a438138b3ff4c9de68f1fa63cbde5b","tarball":"https://registry.npmjs.org/json5/-/json5-0.0.1.tgz"},"maintainers":[{"name":"aseemk","email":"aseem.kishore@gmail.com"}],"directories":{}},"0.1.0":{"name":"json5","version":"0.1.0","description":"JSON for the ES5 era.","keywords":["json","es5"],"author":{"name":"Aseem Kishore","email":"aseem.kishore@gmail.com"},"contributors":[{"name":"Max Nanasy","email":"max.nanasy@gmail.com"}],"main":"lib/json5.js","bin":{"json5":"lib/cli.js"},"dependencies":{},"devDependencies":{"mocha":"~1.0.3"},"scripts":{"test":"mocha --ui exports --reporter spec"},"homepage":"http://json5.org/","repository":{"type":"git","url":"git://github.com/aseemk/json5.git"},"_npmUser":{"name":"aseemk","email":"aseem.kishore@gmail.com"},"_id":"json5@0.1.0","optionalDependencies":{},"engines":{"node":"*"},"_engineSupported":true,"_npmVersion":"1.1.21","_nodeVersion":"v0.6.16","_defaultsLoaded":true,"dist":{"shasum":"b23045f81f720422b0f3c7f3842be035765ccf2b","tarball":"https://registry.npmjs.org/json5/-/json5-0.1.0.tgz"},"maintainers":[{"name":"aseemk","email":"aseem.kishore@gmail.com"}],"directories":{}},"0.2.0":{"name":"json5","version":"0.2.0","description":"JSON for the ES5 era.","keywords":["json","es5"],"author":{"name":"Aseem Kishore","email":"aseem.kishore@gmail.com"},"contributors":[{"name":"Max Nanasy","email":"max.nanasy@gmail.com"}],"main":"lib/json5.js","bin":{"json5":"lib/cli.js"},"dependencies":{},"devDependencies":{"mocha":"~1.0.3"},"scripts":{"build":"./lib/cli.js -c package.json5","test":"mocha --ui exports --reporter spec"},"homepage":"http://json5.org/","repository":{"type":"git","url":"git://github.com/aseemk/json5.git"},"_npmUser":{"name":"aseemk","email":"aseem.kishore@gmail.com"},"_id":"json5@0.2.0","optionalDependencies":{},"engines":{"node":"*"},"_engineSupported":true,"_npmVersion":"1.1.19","_nodeVersion":"v0.6.16","_defaultsLoaded":true,"dist":{"shasum":"b6d7035c70c4570f883c7edc759de3ae03db3343","tarball":"https://registry.npmjs.org/json5/-/json5-0.2.0.tgz"},"maintainers":[{"name":"aseemk","email":"aseem.kishore@gmail.com"}],"directories":{}},"0.4.0":{"name":"json5","version":"0.4.0","description":"JSON for the ES5 era.","keywords":["json","es5"],"author":{"name":"Aseem Kishore","email":"aseem.kishore@gmail.com"},"license":"MIT","contributors":[{"name":"Max Nanasy","email":"max.nanasy@gmail.com"},{"name":"Andrew Eisenberg","email":"andrew@eisenberg.as"}],"main":"lib/json5.js","bin":{"json5":"lib/cli.js"},"dependencies":{},"devDependencies":{"mocha":"~1.0.3"},"scripts":{"build":"./lib/cli.js -c package.json5","test":"mocha --ui exports --reporter spec"},"homepage":"http://json5.org/","repository":{"type":"git","url":"https://github.com/aseemk/json5.git"},"bugs":{"url":"https://github.com/aseemk/json5/issues"},"_id":"json5@0.4.0","dist":{"shasum":"054352e4c4c80c86c0923877d449de176a732c8d","tarball":"https://registry.npmjs.org/json5/-/json5-0.4.0.tgz"},"_from":".","_npmVersion":"1.3.21","_npmUser":{"name":"aseemk","email":"aseem.kishore@gmail.com"},"maintainers":[{"name":"aseemk","email":"aseem.kishore@gmail.com"}],"directories":{}},"0.5.0":{"name":"json5","version":"0.5.0","description":"JSON for the ES5 era.","keywords":["json","es5"],"author":{"name":"Aseem Kishore","email":"aseem.kishore@gmail.com"},"contributors":[{"name":"Max Nanasy","email":"max.nanasy@gmail.com"},{"name":"Andrew Eisenberg","email":"andrew@eisenberg.as"},{"name":"Jordan Tucker","email":"jordanbtucker@gmail.com"}],"main":"lib/json5.js","bin":{"json5":"lib/cli.js"},"files":["lib/"],"dependencies":{},"devDependencies":{"gulp":"^3.9.1","gulp-jshint":"^2.0.0","jshint":"^2.9.1","jshint-stylish":"^2.1.0","mocha":"^2.4.5"},"scripts":{"build":"node ./lib/cli.js -c package.json5","test":"mocha --ui exports --reporter spec"},"homepage":"http://json5.org/","license":"MIT","repository":{"type":"git","url":"git+https://github.com/aseemk/json5.git"},"gitHead":"c58c026a58dd0b71401f7aa99e891291a60820e3","bugs":{"url":"https://github.com/aseemk/json5/issues"},"_id":"json5@0.5.0","_shasum":"9b20715b026cbe3778fd769edccd822d8332a5b2","_from":".","_npmVersion":"3.7.3","_nodeVersion":"5.9.0","_npmUser":{"name":"jordanbtucker","email":"jordanbtucker@gmail.com"},"dist":{"shasum":"9b20715b026cbe3778fd769edccd822d8332a5b2","tarball":"https://registry.npmjs.org/json5/-/json5-0.5.0.tgz"},"maintainers":[{"name":"aseemk","email":"aseem.kishore@gmail.com"},{"name":"jordanbtucker","email":"jordanbtucker@gmail.com"}],"_npmOperationalInternal":{"host":"packages-12-west.internal.npmjs.com","tmp":"tmp/json5-0.5.0.tgz_1458238912216_0.23146007652394474"},"directories":{}},"0.5.1":{"name":"json5","version":"0.5.1","description":"JSON for the ES5 era.","keywords":["json","es5"],"author":{"name":"Aseem Kishore","email":"aseem.kishore@gmail.com"},"contributors":[{"name":"Max Nanasy","email":"max.nanasy@gmail.com"},{"name":"Andrew Eisenberg","email":"andrew@eisenberg.as"},{"name":"Jordan Tucker","email":"jordanbtucker@gmail.com"}],"main":"lib/json5.js","bin":{"json5":"lib/cli.js"},"files":["lib/"],"dependencies":{},"devDependencies":{"gulp":"^3.9.1","gulp-jshint":"^2.0.1","jshint":"^2.9.3","jshint-stylish":"^2.2.1","mocha":"^3.1.0"},"scripts":{"build":"node ./lib/cli.js -c package.json5","test":"mocha --ui exports --reporter spec"},"homepage":"http://json5.org/","license":"MIT","repository":{"type":"git","url":"git+https://github.com/aseemk/json5.git"},"gitHead":"6be6a70e250e6fbbf42db75cd1f6a1aadeeeeb07","bugs":{"url":"https://github.com/aseemk/json5/issues"},"_id":"json5@0.5.1","_shasum":"1eade7acc012034ad84e2396767ead9fa5495821","_from":".","_npmVersion":"3.10.9","_nodeVersion":"6.9.1","_npmUser":{"name":"jordanbtucker","email":"jordanbtucker@gmail.com"},"dist":{"shasum":"1eade7acc012034ad84e2396767ead9fa5495821","tarball":"https://registry.npmjs.org/json5/-/json5-0.5.1.tgz"},"maintainers":[{"name":"aseemk","email":"aseem.kishore@gmail.com"},{"name":"jordanbtucker","email":"jordanbtucker@gmail.com"}],"_npmOperationalInternal":{"host":"packages-18-east.internal.npmjs.com","tmp":"tmp/json5-0.5.1.tgz_1480284434295_0.5308296058792621"},"directories":{}},"1.0.0-dates":{"name":"json5","version":"1.0.0-dates","description":"JSON for humans.","main":"lib/index.js","bin":{"json5":"lib/cli.js"},"browser":"dist/index.js","files":["lib/","dist/"],"scripts":{"build":"babel-node build/build.js && babel src -d lib && rollup -c","lint":"eslint --fix build src","prepublishOnly":"npm run lint && npm test && npm run production","pretest":"cross-env NODE_ENV=test npm run build","preversion":"npm run lint && npm test && npm run production","production":"cross-env NODE_ENV=production npm run build && babel-node build/check-package.js","test":"nyc --reporter=html --reporter=text mocha"},"repository":{"type":"git","url":"git+https://github.com/json5/json5.git"},"keywords":["json","json5","es5","es2015","ecmascript"],"author":{"name":"Aseem Kishore","email":"aseem.kishore@gmail.com"},"contributors":[{"name":"Max Nanasy","email":"max.nanasy@gmail.com"},{"name":"Andrew Eisenberg","email":"andrew@eisenberg.as"},{"name":"Jordan Tucker","email":"jordanbtucker@gmail.com"}],"license":"MIT","bugs":{"url":"https://github.com/json5/json5/issues"},"homepage":"http://json5.org/","dependencies":{"minimist":"^1.2.0"},"devDependencies":{"babel-cli":"^6.26.0","babel-core":"^6.26.0","babel-plugin-add-module-exports":"^0.2.1","babel-plugin-external-helpers":"^6.22.0","babel-plugin-istanbul":"^4.1.5","babel-preset-env":"^1.6.0","babel-register":"^6.26.0","babelrc-rollup":"^3.0.0","cross-env":"^5.0.5","del":"^3.0.0","eslint":"^4.7.1","eslint-config-standard":"^10.2.1","eslint-plugin-import":"^2.7.0","eslint-plugin-node":"^5.1.1","eslint-plugin-promise":"^3.5.0","eslint-plugin-standard":"^3.0.1","mocha":"^3.5.3","nyc":"^11.2.1","regenerate":"^1.3.3","rollup":"^0.50.0","rollup-plugin-babel":"^3.0.2","rollup-plugin-commonjs":"^8.2.1","rollup-plugin-node-resolve":"^3.0.0","rollup-plugin-uglify":"^2.0.1","sinon":"^3.3.0","unicode-9.0.0":"^0.7.4"},"gitHead":"0e39932e5cbf843bb8b55968316a301fc805d3cc","_id":"json5@1.0.0-dates","_npmVersion":"5.3.0","_nodeVersion":"6.11.2","_npmUser":{"name":"jordanbtucker","email":"jordanbtucker@gmail.com"},"dist":{"integrity":"sha512-oRVnDhzcXyhsn6Bie8Uhzf08sk8vgl1terZbaHyoU43njf/XrRX7TaT7c4X3+UrT3v4pTz4V7IZae3dPywLjaA==","shasum":"dbaef53fb06f3cc1868d280805240642d9672d2d","tarball":"https://registry.npmjs.org/json5/-/json5-1.0.0-dates.tgz"},"maintainers":[{"name":"aseemk","email":"aseem.kishore@gmail.com"},{"name":"jordanbtucker","email":"jordanbtucker@gmail.com"}],"_npmOperationalInternal":{"host":"s3://npm-registry-packages","tmp":"tmp/json5-1.0.0-dates.tgz_1506214104567_0.6818019594065845"},"directories":{}},"1.0.0-regexps":{"name":"json5","version":"1.0.0-regexps","description":"JSON for humans.","main":"lib/index.js","bin":{"json5":"lib/cli.js"},"browser":"dist/index.js","files":["lib/","dist/"],"scripts":{"build":"babel-node build/build.js && babel src -d lib && rollup -c","lint":"eslint --fix build src","prepublishOnly":"npm run lint && npm test && npm run production","pretest":"cross-env NODE_ENV=test npm run build","preversion":"npm run lint && npm test && npm run production","production":"cross-env NODE_ENV=production npm run build && babel-node build/check-package.js","test":"nyc --reporter=html --reporter=text mocha"},"repository":{"type":"git","url":"git+https://github.com/json5/json5.git"},"keywords":["json","json5","es5","es2015","ecmascript"],"author":{"name":"Aseem Kishore","email":"aseem.kishore@gmail.com"},"contributors":[{"name":"Max Nanasy","email":"max.nanasy@gmail.com"},{"name":"Andrew Eisenberg","email":"andrew@eisenberg.as"},{"name":"Jordan Tucker","email":"jordanbtucker@gmail.com"}],"license":"MIT","bugs":{"url":"https://github.com/json5/json5/issues"},"homepage":"http://json5.org/","dependencies":{"minimist":"^1.2.0"},"devDependencies":{"babel-cli":"^6.26.0","babel-core":"^6.26.0","babel-plugin-add-module-exports":"^0.2.1","babel-plugin-external-helpers":"^6.22.0","babel-plugin-istanbul":"^4.1.5","babel-preset-env":"^1.6.0","babel-register":"^6.26.0","babelrc-rollup":"^3.0.0","cross-env":"^5.0.5","del":"^3.0.0","eslint":"^4.7.1","eslint-config-standard":"^10.2.1","eslint-plugin-import":"^2.7.0","eslint-plugin-node":"^5.1.1","eslint-plugin-promise":"^3.5.0","eslint-plugin-standard":"^3.0.1","mocha":"^3.5.3","nyc":"^11.2.1","regenerate":"^1.3.3","rollup":"^0.50.0","rollup-plugin-babel":"^3.0.2","rollup-plugin-commonjs":"^8.2.1","rollup-plugin-node-resolve":"^3.0.0","rollup-plugin-uglify":"^2.0.1","sinon":"^3.3.0","unicode-9.0.0":"^0.7.4"},"gitHead":"6bafe5a11e87bcd36e713bfb962b818906301770","_id":"json5@1.0.0-regexps","_npmVersion":"5.3.0","_nodeVersion":"6.11.2","_npmUser":{"name":"jordanbtucker","email":"jordanbtucker@gmail.com"},"dist":{"integrity":"sha512-+EiGNxMroEMZltFs+BMzQ5uDABfTdCQcezFlPqvxaZyTspya6wIiLkf5HruO+tAAyA+N06OhokhDKeitxGUrIw==","shasum":"b9104fab83c81ee0e6f375ed1a191ed6d16af6f5","tarball":"https://registry.npmjs.org/json5/-/json5-1.0.0-regexps.tgz"},"maintainers":[{"name":"aseemk","email":"aseem.kishore@gmail.com"},{"name":"jordanbtucker","email":"jordanbtucker@gmail.com"}],"_npmOperationalInternal":{"host":"s3://npm-registry-packages","tmp":"tmp/json5-1.0.0-regexps.tgz_1506216081686_0.4857315414119512"},"directories":{}},"1.0.0-beta":{"name":"json5","version":"1.0.0-beta","description":"JSON for humans.","main":"lib/index.js","bin":{"json5":"lib/cli.js"},"browser":"dist/index.js","files":["lib/","dist/"],"scripts":{"build":"babel-node build/build.js && babel src -d lib && rollup -c","lint":"eslint --fix build src","prepublishOnly":"npm run lint && npm test && npm run production","pretest":"cross-env NODE_ENV=test npm run build","preversion":"npm run lint && npm test && npm run production","production":"cross-env NODE_ENV=production npm run build && babel-node build/check-package.js","test":"nyc --reporter=html --reporter=text mocha"},"repository":{"type":"git","url":"git+https://github.com/json5/json5.git"},"keywords":["json","json5","es5","es2015","ecmascript"],"author":{"name":"Aseem Kishore","email":"aseem.kishore@gmail.com"},"contributors":[{"name":"Max Nanasy","email":"max.nanasy@gmail.com"},{"name":"Andrew Eisenberg","email":"andrew@eisenberg.as"},{"name":"Jordan Tucker","email":"jordanbtucker@gmail.com"}],"license":"MIT","bugs":{"url":"https://github.com/json5/json5/issues"},"homepage":"http://json5.org/","dependencies":{"minimist":"^1.2.0"},"devDependencies":{"babel-cli":"^6.26.0","babel-core":"^6.26.0","babel-plugin-add-module-exports":"^0.2.1","babel-plugin-external-helpers":"^6.22.0","babel-plugin-istanbul":"^4.1.5","babel-preset-env":"^1.6.0","babel-register":"^6.26.0","babelrc-rollup":"^3.0.0","cross-env":"^5.0.5","del":"^3.0.0","eslint":"^4.7.1","eslint-config-standard":"^10.2.1","eslint-plugin-import":"^2.7.0","eslint-plugin-node":"^5.1.1","eslint-plugin-promise":"^3.5.0","eslint-plugin-standard":"^3.0.1","mocha":"^3.5.3","nyc":"^11.2.1","regenerate":"^1.3.3","rollup":"^0.50.0","rollup-plugin-babel":"^3.0.2","rollup-plugin-commonjs":"^8.2.1","rollup-plugin-node-resolve":"^3.0.0","rollup-plugin-uglify":"^2.0.1","sinon":"^3.3.0","unicode-9.0.0":"^0.7.4"},"gitHead":"cc8fd89487f0107014c214ce593f84947e011798","_id":"json5@1.0.0-beta","_npmVersion":"5.3.0","_nodeVersion":"6.11.2","_npmUser":{"name":"jordanbtucker","email":"jordanbtucker@gmail.com"},"dist":{"integrity":"sha512-Opyud0vCd0lggCT1y9KcfqK1U4IigqsoyA2r63xmq3QrJFA4O4iwgA712s7o5RX5x+bY9le0EN1Xh3JNFzXp7Q==","shasum":"ae83de99802cef1fa29b7b60a9330658b898eb1e","tarball":"https://registry.npmjs.org/json5/-/json5-1.0.0-beta.tgz"},"maintainers":[{"name":"aseemk","email":"aseem.kishore@gmail.com"},{"name":"jordanbtucker","email":"jordanbtucker@gmail.com"}],"_npmOperationalInternal":{"host":"s3://npm-registry-packages","tmp":"tmp/json5-1.0.0-beta.tgz_1506326565554_0.24072266649454832"},"directories":{}},"1.0.0-dates-2":{"name":"json5","version":"1.0.0-dates-2","description":"JSON for humans.","main":"lib/index.js","bin":{"json5":"lib/cli.js"},"browser":"dist/index.js","files":["lib/","dist/"],"scripts":{"build":"babel-node build/build.js && babel src -d lib && rollup -c","lint":"eslint --fix build src","prepublishOnly":"npm run lint && npm test && npm run production","pretest":"cross-env NODE_ENV=test npm run build","preversion":"npm run lint && npm test && npm run production","production":"cross-env NODE_ENV=production npm run build && babel-node build/check-package.js","test":"nyc --reporter=html --reporter=text mocha"},"repository":{"type":"git","url":"git+https://github.com/json5/json5.git"},"keywords":["json","json5","es5","es2015","ecmascript"],"author":{"name":"Aseem Kishore","email":"aseem.kishore@gmail.com"},"contributors":[{"name":"Max Nanasy","email":"max.nanasy@gmail.com"},{"name":"Andrew Eisenberg","email":"andrew@eisenberg.as"},{"name":"Jordan Tucker","email":"jordanbtucker@gmail.com"}],"license":"MIT","bugs":{"url":"https://github.com/json5/json5/issues"},"homepage":"http://json5.org/","dependencies":{"minimist":"^1.2.0"},"devDependencies":{"babel-cli":"^6.26.0","babel-core":"^6.26.0","babel-plugin-add-module-exports":"^0.2.1","babel-plugin-external-helpers":"^6.22.0","babel-plugin-istanbul":"^4.1.5","babel-preset-env":"^1.6.0","babel-register":"^6.26.0","babelrc-rollup":"^3.0.0","cross-env":"^5.0.5","del":"^3.0.0","eslint":"^4.7.1","eslint-config-standard":"^10.2.1","eslint-plugin-import":"^2.7.0","eslint-plugin-node":"^5.1.1","eslint-plugin-promise":"^3.5.0","eslint-plugin-standard":"^3.0.1","mocha":"^3.5.3","nyc":"^11.2.1","regenerate":"^1.3.3","rollup":"^0.50.0","rollup-plugin-babel":"^3.0.2","rollup-plugin-commonjs":"^8.2.1","rollup-plugin-node-resolve":"^3.0.0","rollup-plugin-uglify":"^2.0.1","sinon":"^3.3.0","unicode-9.0.0":"^0.7.4"},"gitHead":"29a9a53d10c06525bcf9debc9046c6b2c29d8bc4","_id":"json5@1.0.0-dates-2","_npmVersion":"5.3.0","_nodeVersion":"6.11.2","_npmUser":{"name":"jordanbtucker","email":"jordanbtucker@gmail.com"},"dist":{"integrity":"sha512-+vdcrGOSPf+7U1WkAMaBTMZbg15pdWjyTYsQpLBgSgJWhu+ES1gcGC9t4vJz6gTzdMn9/KVN/EdckJp9DHy1bQ==","shasum":"87452e3f68b42fa8e7dfd51ad504cf54fc70397e","tarball":"https://registry.npmjs.org/json5/-/json5-1.0.0-dates-2.tgz"},"maintainers":[{"name":"aseemk","email":"aseem.kishore@gmail.com"},{"name":"jordanbtucker","email":"jordanbtucker@gmail.com"}],"_npmOperationalInternal":{"host":"s3://npm-registry-packages","tmp":"tmp/json5-1.0.0-dates-2.tgz_1506360666057_0.23160419380292296"},"directories":{}},"1.0.0-regexps-2":{"name":"json5","version":"1.0.0-regexps-2","description":"JSON for humans.","main":"lib/index.js","bin":{"json5":"lib/cli.js"},"browser":"dist/index.js","files":["lib/","dist/"],"scripts":{"build":"babel-node build/build.js && babel src -d lib && rollup -c","lint":"eslint --fix build src","prepublishOnly":"npm run lint && npm test && npm run production","pretest":"cross-env NODE_ENV=test npm run build","preversion":"npm run lint && npm test && npm run production","production":"cross-env NODE_ENV=production npm run build && babel-node build/check-package.js","test":"nyc --reporter=html --reporter=text mocha"},"repository":{"type":"git","url":"git+https://github.com/json5/json5.git"},"keywords":["json","json5","es5","es2015","ecmascript"],"author":{"name":"Aseem Kishore","email":"aseem.kishore@gmail.com"},"contributors":[{"name":"Max Nanasy","email":"max.nanasy@gmail.com"},{"name":"Andrew Eisenberg","email":"andrew@eisenberg.as"},{"name":"Jordan Tucker","email":"jordanbtucker@gmail.com"}],"license":"MIT","bugs":{"url":"https://github.com/json5/json5/issues"},"homepage":"http://json5.org/","dependencies":{"minimist":"^1.2.0"},"devDependencies":{"babel-cli":"^6.26.0","babel-core":"^6.26.0","babel-plugin-add-module-exports":"^0.2.1","babel-plugin-external-helpers":"^6.22.0","babel-plugin-istanbul":"^4.1.5","babel-preset-env":"^1.6.0","babel-register":"^6.26.0","babelrc-rollup":"^3.0.0","cross-env":"^5.0.5","del":"^3.0.0","eslint":"^4.7.1","eslint-config-standard":"^10.2.1","eslint-plugin-import":"^2.7.0","eslint-plugin-node":"^5.1.1","eslint-plugin-promise":"^3.5.0","eslint-plugin-standard":"^3.0.1","mocha":"^3.5.3","nyc":"^11.2.1","regenerate":"^1.3.3","rollup":"^0.50.0","rollup-plugin-babel":"^3.0.2","rollup-plugin-commonjs":"^8.2.1","rollup-plugin-node-resolve":"^3.0.0","rollup-plugin-uglify":"^2.0.1","sinon":"^3.3.0","unicode-9.0.0":"^0.7.4"},"gitHead":"da36c192b92455fef3f3cd181260173e16f07b21","_id":"json5@1.0.0-regexps-2","_npmVersion":"5.3.0","_nodeVersion":"6.11.2","_npmUser":{"name":"jordanbtucker","email":"jordanbtucker@gmail.com"},"dist":{"integrity":"sha512-2d/NVn+0xhqc0yZ1YKcUjC14OrC5WByLFnti88Sj/supkFczwTlpyuM8gJsn6xoO9Fh5bEqoYXBvnw3Xt1bdeA==","shasum":"a631fc69924f9494f14ebf4ba037c871f2e38349","tarball":"https://registry.npmjs.org/json5/-/json5-1.0.0-regexps-2.tgz"},"maintainers":[{"name":"aseemk","email":"aseem.kishore@gmail.com"},{"name":"jordanbtucker","email":"jordanbtucker@gmail.com"}],"_npmOperationalInternal":{"host":"s3://npm-registry-packages","tmp":"tmp/json5-1.0.0-regexps-2.tgz_1506360743120_0.1735003616195172"},"directories":{}},"1.0.0-beta-2":{"name":"json5","version":"1.0.0-beta-2","description":"JSON for humans.","main":"lib/index.js","bin":{"json5":"lib/cli.js"},"browser":"dist/index.js","files":["lib/","dist/"],"scripts":{"build":"babel-node build/build.js && babel src -d lib && rollup -c","lint":"eslint --fix build src","prepublishOnly":"npm run lint && npm test && npm run production","pretest":"cross-env NODE_ENV=test npm run build","preversion":"npm run lint && npm test && npm run production","production":"cross-env NODE_ENV=production npm run build && babel-node build/check-package.js","test":"nyc --reporter=html --reporter=text mocha"},"repository":{"type":"git","url":"git+https://github.com/json5/json5.git"},"keywords":["json","json5","es5","es2015","ecmascript"],"author":{"name":"Aseem Kishore","email":"aseem.kishore@gmail.com"},"contributors":[{"name":"Max Nanasy","email":"max.nanasy@gmail.com"},{"name":"Andrew Eisenberg","email":"andrew@eisenberg.as"},{"name":"Jordan Tucker","email":"jordanbtucker@gmail.com"}],"license":"MIT","bugs":{"url":"https://github.com/json5/json5/issues"},"homepage":"http://json5.org/","dependencies":{"minimist":"^1.2.0"},"devDependencies":{"babel-cli":"^6.26.0","babel-core":"^6.26.0","babel-plugin-add-module-exports":"^0.2.1","babel-plugin-external-helpers":"^6.22.0","babel-plugin-istanbul":"^4.1.5","babel-preset-env":"^1.6.0","babel-register":"^6.26.0","babelrc-rollup":"^3.0.0","cross-env":"^5.0.5","del":"^3.0.0","eslint":"^4.7.1","eslint-config-standard":"^10.2.1","eslint-plugin-import":"^2.7.0","eslint-plugin-node":"^5.1.1","eslint-plugin-promise":"^3.5.0","eslint-plugin-standard":"^3.0.1","mocha":"^3.5.3","nyc":"^11.2.1","regenerate":"^1.3.3","rollup":"^0.50.0","rollup-plugin-babel":"^3.0.2","rollup-plugin-commonjs":"^8.2.1","rollup-plugin-node-resolve":"^3.0.0","rollup-plugin-uglify":"^2.0.1","sinon":"^3.3.0","unicode-9.0.0":"^0.7.4"},"gitHead":"92e1ef7d278605be76348b2c80b1af1d36eada86","_id":"json5@1.0.0-beta-2","_npmVersion":"5.4.2","_nodeVersion":"6.11.2","_npmUser":{"name":"jordanbtucker","email":"jordanbtucker@gmail.com"},"dist":{"integrity":"sha512-0+bPwFn6BoYvmvCTMgJQHp41gyRi3qx0rgxDRdMLAj0Z2ZnAvV66uMen2sl6T9Mc1GAT1T1gIam4t9O+DJojQg==","shasum":"49302613041a604cc5de1f53c500e5e3e8bcd3a4","tarball":"https://registry.npmjs.org/json5/-/json5-1.0.0-beta-2.tgz"},"maintainers":[{"name":"aseemk","email":"aseem.kishore@gmail.com"},{"name":"jordanbtucker","email":"jordanbtucker@gmail.com"}],"_npmOperationalInternal":{"host":"s3://npm-registry-packages","tmp":"tmp/json5-1.0.0-beta-2.tgz_1506748952512_0.3764345832169056"},"directories":{}},"1.0.0-beta.4":{"name":"json5","version":"1.0.0-beta.4","description":"JSON for humans.","main":"lib/index.js","bin":{"json5":"lib/cli.js"},"browser":"dist/index.js","files":["lib/","dist/"],"scripts":{"build":"babel-node build/build.js && babel src -d lib && rollup -c","lint":"eslint --fix build src","prepublishOnly":"npm run lint && npm test && npm run production","pretest":"cross-env NODE_ENV=test npm run build","preversion":"npm run lint && npm test && npm run production","production":"cross-env NODE_ENV=production npm run build && babel-node build/check-package.js","test":"nyc --reporter=html --reporter=text mocha"},"repository":{"type":"git","url":"git+https://github.com/json5/json5.git"},"keywords":["json","json5","es5","es2015","ecmascript"],"author":{"name":"Aseem Kishore","email":"aseem.kishore@gmail.com"},"contributors":[{"name":"Max Nanasy","email":"max.nanasy@gmail.com"},{"name":"Andrew Eisenberg","email":"andrew@eisenberg.as"},{"name":"Jordan Tucker","email":"jordanbtucker@gmail.com"}],"license":"MIT","bugs":{"url":"https://github.com/json5/json5/issues"},"homepage":"http://json5.org/","dependencies":{"minimist":"^1.2.0"},"devDependencies":{"babel-cli":"^6.26.0","babel-core":"^6.26.0","babel-plugin-add-module-exports":"^0.2.1","babel-plugin-external-helpers":"^6.22.0","babel-plugin-istanbul":"^4.1.5","babel-preset-env":"^1.6.0","babel-register":"^6.26.0","babelrc-rollup":"^3.0.0","cross-env":"^5.0.5","del":"^3.0.0","eslint":"^4.7.1","eslint-config-standard":"^10.2.1","eslint-plugin-import":"^2.7.0","eslint-plugin-node":"^5.1.1","eslint-plugin-promise":"^3.5.0","eslint-plugin-standard":"^3.0.1","mocha":"^3.5.3","nyc":"^11.2.1","regenerate":"^1.3.3","rollup":"^0.50.0","rollup-plugin-babel":"^3.0.2","rollup-plugin-commonjs":"^8.2.1","rollup-plugin-node-resolve":"^3.0.0","rollup-plugin-uglify":"^2.0.1","sinon":"^3.3.0","unicode-9.0.0":"^0.7.4"},"gitHead":"f4123c513692f51cc71dcd4ff7eeb470c90ec51d","_id":"json5@1.0.0-beta.4","_npmVersion":"5.5.1","_nodeVersion":"8.9.0","_npmUser":{"name":"jordanbtucker","email":"jordanbtucker@gmail.com"},"dist":{"integrity":"sha512-GRMqinNVDjenUZXIYmabsbdgfIRm/5+qOtfu9DynLtM/w3nG5GsYCipq0hh2yk/yJu5ZBiOKbb+hdqkdKNwiYg==","shasum":"32cd529f822b28574dce7458502b05e1fa78a311","tarball":"https://registry.npmjs.org/json5/-/json5-1.0.0-beta.4.tgz"},"maintainers":[{"name":"aseemk","email":"aseem.kishore@gmail.com"},{"name":"jordanbtucker","email":"jordanbtucker@gmail.com"}],"_npmOperationalInternal":{"host":"s3://npm-registry-packages","tmp":"tmp/json5-1.0.0-beta.4.tgz_1510685717699_0.614513021428138"},"directories":{}},"1.0.0":{"name":"json5","version":"1.0.0","description":"JSON for humans.","main":"lib/index.js","bin":{"json5":"lib/cli.js"},"browser":"dist/index.js","files":["lib/","dist/"],"scripts":{"build":"babel-node build/build.js && babel src -d lib && rollup -c","coverage":"nyc report --reporter=text-lcov | coveralls","lint":"eslint --fix build src","prepublishOnly":"npm run lint && npm test && npm run production","pretest":"cross-env NODE_ENV=test npm run build","preversion":"npm run lint && npm test && npm run production","production":"cross-env NODE_ENV=production npm run build && babel-node build/check-package.js","test":"nyc --reporter=html --reporter=text mocha"},"repository":{"type":"git","url":"git+https://github.com/json5/json5.git"},"keywords":["json","json5","es5","es2015","ecmascript"],"author":{"name":"Aseem Kishore","email":"aseem.kishore@gmail.com"},"contributors":[{"name":"Max Nanasy","email":"max.nanasy@gmail.com"},{"name":"Andrew Eisenberg","email":"andrew@eisenberg.as"},{"name":"Jordan Tucker","email":"jordanbtucker@gmail.com"}],"license":"MIT","bugs":{"url":"https://github.com/json5/json5/issues"},"homepage":"http://json5.org/","dependencies":{"minimist":"^1.2.0"},"devDependencies":{"babel-cli":"^6.26.0","babel-core":"^6.26.0","babel-plugin-add-module-exports":"^0.2.1","babel-plugin-external-helpers":"^6.22.0","babel-plugin-istanbul":"^4.1.5","babel-preset-env":"^1.6.1","babel-register":"^6.26.0","babelrc-rollup":"^3.0.0","coveralls":"^3.0.0","cross-env":"^5.1.4","del":"^3.0.0","eslint":"^4.18.2","eslint-config-standard":"^11.0.0","eslint-plugin-import":"^2.9.0","eslint-plugin-node":"^6.0.1","eslint-plugin-promise":"^3.7.0","eslint-plugin-standard":"^3.0.1","mocha":"^5.0.4","nyc":"^11.4.1","regenerate":"^1.3.3","rollup":"^0.56.5","rollup-plugin-babel":"^3.0.3","rollup-plugin-commonjs":"^9.0.0","rollup-plugin-node-resolve":"^3.2.0","rollup-plugin-uglify":"^3.0.0","sinon":"^4.4.2","unicode-9.0.0":"^0.7.5"},"gitHead":"1d64ece245f33d714938bf8513f65f71886b9941","_id":"json5@1.0.0","_npmVersion":"5.6.0","_nodeVersion":"8.9.1","_npmUser":{"name":"jordanbtucker","email":"jordanbtucker@gmail.com"},"dist":{"integrity":"sha512-4HE2dgY5QAv1hryDi6Nt9p6cKEppXljgBB1z8bn+vrPlXzQTzkE4Qzm5yieSVMnRTcHBaLJgCg5WW7v8FYt4jA==","shasum":"45f7f2db63d918e468a13197df6cfd9c06448054","tarball":"https://registry.npmjs.org/json5/-/json5-1.0.0.tgz","fileCount":13,"unpackedSize":87561},"maintainers":[{"name":"aseemk","email":"aseem.kishore@gmail.com"},{"name":"jordanbtucker","email":"jordanbtucker@gmail.com"}],"directories":{},"_npmOperationalInternal":{"host":"s3://npm-registry-packages","tmp":"tmp/json5_1.0.0_1520805436077_0.14153615220362936"}},"1.0.1":{"name":"json5","version":"1.0.1","description":"JSON for humans.","main":"lib/index.js","bin":{"json5":"lib/cli.js"},"browser":"dist/index.js","files":["lib/","dist/"],"scripts":{"build":"babel-node build/build.js && babel src -d lib && rollup -c","coverage":"nyc report --reporter=text-lcov | coveralls","lint":"eslint --fix build src","prepublishOnly":"npm run lint && npm test && npm run production","pretest":"cross-env NODE_ENV=test npm run build","preversion":"npm run lint && npm test && npm run production","production":"cross-env NODE_ENV=production npm run build","test":"nyc --reporter=html --reporter=text mocha"},"repository":{"type":"git","url":"git+https://github.com/json5/json5.git"},"keywords":["json","json5","es5","es2015","ecmascript"],"author":{"name":"Aseem Kishore","email":"aseem.kishore@gmail.com"},"contributors":[{"name":"Max Nanasy","email":"max.nanasy@gmail.com"},{"name":"Andrew Eisenberg","email":"andrew@eisenberg.as"},{"name":"Jordan Tucker","email":"jordanbtucker@gmail.com"}],"license":"MIT","bugs":{"url":"https://github.com/json5/json5/issues"},"homepage":"http://json5.org/","dependencies":{"minimist":"^1.2.0"},"devDependencies":{"babel-cli":"^6.26.0","babel-core":"^6.26.0","babel-plugin-add-module-exports":"^0.2.1","babel-plugin-external-helpers":"^6.22.0","babel-plugin-istanbul":"^4.1.5","babel-preset-env":"^1.6.1","babel-register":"^6.26.0","babelrc-rollup":"^3.0.0","coveralls":"^3.0.0","cross-env":"^5.1.4","del":"^3.0.0","eslint":"^4.18.2","eslint-config-standard":"^11.0.0","eslint-plugin-import":"^2.9.0","eslint-plugin-node":"^6.0.1","eslint-plugin-promise":"^3.7.0","eslint-plugin-standard":"^3.0.1","mocha":"^5.0.4","nyc":"^11.4.1","regenerate":"^1.3.3","rollup":"^0.56.5","rollup-plugin-babel":"^3.0.3","rollup-plugin-commonjs":"^9.0.0","rollup-plugin-node-resolve":"^3.2.0","rollup-plugin-uglify":"^3.0.0","sinon":"^4.4.2","unicode-9.0.0":"^0.7.5"},"gitHead":"072eb402fc107a2f568ba78962d3d99de95032a9","_id":"json5@1.0.1","_npmVersion":"5.6.0","_nodeVersion":"8.9.1","_npmUser":{"name":"jordanbtucker","email":"jordanbtucker@gmail.com"},"dist":{"integrity":"sha512-aKS4WQjPenRxiQsC93MNfjx+nbF4PAdYzmd/1JIj8HYzqfbu86beTuNgXDzPknWk0n0uARlyewZo4s++ES36Ow==","shasum":"779fb0018604fa854eacbf6252180d83543e3dbe","tarball":"https://registry.npmjs.org/json5/-/json5-1.0.1.tgz","fileCount":13,"unpackedSize":88338},"maintainers":[{"name":"aseemk","email":"aseem.kishore@gmail.com"},{"name":"jordanbtucker","email":"jordanbtucker@gmail.com"}],"directories":{},"_npmOperationalInternal":{"host":"s3://npm-registry-packages","tmp":"tmp/json5_1.0.1_1521344408616_0.5838247870477473"}}},"readme":"# JSON5 – JSON for Humans\n\n[![Build Status](https://travis-ci.org/json5/json5.svg)][Build Status]\n[![Coverage\nStatus](https://coveralls.io/repos/github/json5/json5/badge.svg)][Coverage\nStatus]\n\nThe JSON5 Data Interchange Format (JSON5) is a superset of [JSON] that aims to\nalleviate some of the limitations of JSON by expanding its syntax to include\nsome productions from [ECMAScript 5.1].\n\nThis JavaScript library is the official reference implementation for JSON5\nparsing and serialization libraries.\n\n[Build Status]: https://travis-ci.org/json5/json5\n\n[Coverage Status]: https://coveralls.io/github/json5/json5\n\n[JSON]: https://tools.ietf.org/html/rfc7159\n\n[ECMAScript 5.1]: https://www.ecma-international.org/ecma-262/5.1/\n\n## Summary of Features\nThe following ECMAScript 5.1 features, which are not supported in JSON, have\nbeen extended to JSON5.\n\n### Objects\n- Object keys may be an ECMAScript 5.1 _[IdentifierName]_.\n- Objects may have a single trailing comma.\n\n### Arrays\n- Arrays may have a single trailing comma.\n\n### Strings\n- Strings may be single quoted.\n- Strings may span multiple lines by escaping new line characters.\n- Strings may include character escapes.\n\n### Numbers\n- Numbers may be hexadecimal.\n- Numbers may have a leading or trailing decimal point.\n- Numbers may be [IEEE 754] positive infinity, negative infinity, and NaN.\n- Numbers may begin with an explicit plus sign.\n\n### Comments\n- Single and multi-line comments are allowed.\n\n### White Space\n- Additional white space characters are allowed.\n\n[IdentifierName]: https://www.ecma-international.org/ecma-262/5.1/#sec-7.6\n\n[IEEE 754]: http://ieeexplore.ieee.org/servlet/opac?punumber=4610933\n\n## Short Example\n```js\n{\n  // comments\n  unquoted: 'and you can quote me on that',\n  singleQuotes: 'I can use \"double quotes\" here',\n  lineBreaks: \"Look, Mom! \\\nNo \\\\n's!\",\n  hexadecimal: 0xdecaf,\n  leadingDecimalPoint: .8675309, andTrailing: 8675309.,\n  positiveSign: +1,\n  trailingComma: 'in objects', andIn: ['arrays',],\n  \"backwardsCompatible\": \"with JSON\",\n}\n```\n\n## Specification\nFor a detailed explanation of the JSON5 format, please read the [official\nspecification](https://json5.github.io/json5-spec/).\n\n## Installation\n### Node.js\n```sh\nnpm install json5\n```\n\n```js\nconst JSON5 = require('json5')\n```\n\n### Browsers\n```html\n<script src=\"https://unpkg.com/json5@^1.0.0\"></script>\n```\n\nThis will create a global `JSON5` variable.\n\n## API\nThe JSON5 API is compatible with the [JSON API].\n\n[JSON API]:\nhttps://developer.mozilla.org/en-US/docs/Web/JavaScript/Reference/Global_Objects/JSON\n\n### JSON5.parse()\nParses a JSON5 string, constructing the JavaScript value or object described by\nthe string. An optional reviver function can be provided to perform a\ntransformation on the resulting object before it is returned.\n\n#### Syntax\n    JSON5.parse(text[, reviver])\n\n#### Parameters\n- `text`: The string to parse as JSON5.\n- `reviver`: If a function, this prescribes how the value originally produced by\n  parsing is transformed, before being returned.\n\n#### Return value\nThe object corresponding to the given JSON5 text.\n\n### JSON5.stringify()\nConverts a JavaScript value to a JSON5 string, optionally replacing values if a\nreplacer function is specified, or optionally including only the specified\nproperties if a replacer array is specified.\n\n#### Syntax\n    JSON5.stringify(value[, replacer[, space]])\n    JSON5.stringify(value[, options])\n\n#### Parameters\n- `value`: The value to convert to a JSON5 string.\n- `replacer`: A function that alters the behavior of the stringification\n  process, or an array of String and Number objects that serve as a whitelist\n  for selecting/filtering the properties of the value object to be included in\n  the JSON5 string. If this value is null or not provided, all properties of the\n  object are included in the resulting JSON5 string.\n- `space`: A String or Number object that's used to insert white space into the\n  output JSON5 string for readability purposes. If this is a Number, it\n  indicates the number of space characters to use as white space; this number is\n  capped at 10 (if it is greater, the value is just 10). Values less than 1\n  indicate that no space should be used. If this is a String, the string (or the\n  first 10 characters of the string, if it's longer than that) is used as white\n  space. If this parameter is not provided (or is null), no white space is used.\n  If white space is used, trailing commas will be used in objects and arrays.\n- `options`: An object with the following properties:\n  - `replacer`: Same as the `replacer` parameter.\n  - `space`: Same as the `space` parameter.\n  - `quote`: A String representing the quote character to use when serializing\n    strings.\n\n#### Return value\nA JSON5 string representing the value.\n\n### Node.js `require()` JSON5 files\nWhen using Node.js, you can `require()` JSON5 files by adding the following\nstatement.\n\n```js\nrequire('json5/lib/register')\n```\n\nThen you can load a JSON5 file with a Node.js `require()` statement. For\nexample:\n\n```js\nconst config = require('./config.json5')\n```\n\n## CLI\nSince JSON is more widely used than JSON5, this package includes a CLI for\nconverting JSON5 to JSON and for validating the syntax of JSON5 documents.\n\n### Installation\n```sh\nnpm install --global json5\n```\n\n### Usage\n```sh\njson5 [options] <file>\n```\n\nIf `<file>` is not provided, then STDIN is used.\n\n#### Options:\n- `-s`, `--space`: The number of spaces to indent or `t` for tabs\n- `-o`, `--out-file [file]`: Output to the specified file, otherwise STDOUT\n- `-v`, `--validate`: Validate JSON5 but do not output JSON\n- `-V`, `--version`: Output the version number\n- `-h`, `--help`: Output usage information\n\n## Contibuting\n### Development\n```sh\ngit clone https://github.com/json5/json5\ncd json5\nnpm install\n```\n\nWhen contributing code, please write relevant tests and run `npm test` and `npm\nrun lint` before submitting pull requests. Please use an editor that supports\n[EditorConfig](http://editorconfig.org/).\n\n### Issues\nTo report bugs or request features regarding the JSON5 data format, please\nsubmit an issue to the [official specification\nrepository](https://github.com/json5/json5-spec).\n\nTo report bugs or request features regarding the JavaScript implentation of\nJSON5, please submit an issue to this repository.\n\n## License\nMIT. See [LICENSE.md](./LICENSE.md) for details.\n\n## Credits\n[Assem Kishore](https://github.com/aseemk) founded this project.\n\n[Michael Bolin](http://bolinfest.com/) independently arrived at and published\nsome of these same ideas with awesome explanations and detail. Recommended\nreading: [Suggested Improvements to JSON](http://bolinfest.com/essays/json.html)\n\n[Douglas Crockford](http://www.crockford.com/) of course designed and built\nJSON, but his state machine diagrams on the [JSON website](http://json.org/), as\ncheesy as it may sound, gave us motivation and confidence that building a new\nparser to implement these ideas was within reach! The original\nimplementation of JSON5 was also modeled directly off of Doug’s open-source\n[json_parse.js] parser. We’re grateful for that clean and well-documented\ncode.\n\n[json_parse.js]:\nhttps://github.com/douglascrockford/JSON-js/blob/master/json_parse.js\n\n[Max Nanasy](https://github.com/MaxNanasy) has been an early and prolific\nsupporter, contributing multiple patches and ideas.\n\n[Andrew Eisenberg](https://github.com/aeisenberg) contributed the original\n`stringify` method.\n\n[Jordan Tucker](https://github.com/jordanbtucker) has aligned JSON5 more closely\nwith ES5, wrote the official JSON5 specification, completely rewrote the\ncodebase from the ground up, and is actively maintaining this project.\n","maintainers":[{"name":"aseemk","email":"aseem.kishore@gmail.com"},{"name":"jordanbtucker","email":"jordanbtucker@gmail.com"}],"time":{"modified":"2018-03-18T03:40:10.360Z","created":"2012-05-27T20:32:39.534Z","0.0.0":"2012-05-27T20:32:41.061Z","0.0.1":"2012-05-28T02:13:56.934Z","0.1.0":"2012-06-03T17:05:09.050Z","0.2.0":"2013-01-28T05:33:40.777Z","0.4.0":"2014-11-05T03:27:01.312Z","0.5.0":"2016-03-17T18:21:52.997Z","0.5.1":"2016-11-27T22:07:14.862Z","1.0.0-dates":"2017-09-24T00:48:25.674Z","1.0.0-regexps":"2017-09-24T01:21:22.755Z","1.0.0-beta":"2017-09-25T08:02:46.557Z","1.0.0-dates-2":"2017-09-25T17:31:07.206Z","1.0.0-regexps-2":"2017-09-25T17:32:24.109Z","1.0.0-beta-2":"2017-09-30T05:22:33.708Z","1.0.0-beta.4":"2017-11-14T18:55:18.837Z","1.0.0":"2018-03-11T21:57:16.159Z","1.0.1":"2018-03-18T03:40:08.742Z"},"author":{"name":"Aseem Kishore","email":"aseem.kishore@gmail.com"},"repository":{"type":"git","url":"git+https://github.com/json5/json5.git"},"users":{"delapouite":true,"zeke":true,"bsnote":true,"lestad":true,"darkylin":true,"antixrist":true,"froguard":true,"nmccready":true,"anoubis":true,"kangas":true,"leonzhao":true,"nilz":true,"chinawolf_wyp":true,"xueboren":true,"icognivator":true,"qingleili":true,"kakaman":true,"rochejul":true,"erikvold":true,"xfloops":true,"d-band":true,"raycharles":true,"shuoshubao":true,"serge-nikitin":true,"kontrax":true,"dwqs":true},"homepage":"http://json5.org/","keywords":["json","json5","es5","es2015","ecmascript"],"contributors":[{"name":"Max Nanasy","email":"max.nanasy@gmail.com"},{"name":"Andrew Eisenberg","email":"andrew@eisenberg.as"},{"name":"Jordan Tucker","email":"jordanbtucker@gmail.com"}],"bugs":{"url":"https://github.com/json5/json5/issues"},"license":"MIT","readmeFilename":"README.md","_attachments":{},"_etag":"W/\"772963670ab441ef8dbd04d0781d26d8\"","_lastModified":"Sun, 27 May 2018 05:41:51 GMT"}