{"_id":"argparse","_rev":"76-587f1b98dc88cf49d1f9347e9aa7037d","name":"argparse","description":"Very powerful CLI arguments parser. Native port of argparse - python's options parsing library","dist-tags":{"latest":"1.0.10"},"versions":{"0.1.0":{"name":"argparse","description":"Very powerful CLI arguments parser. Native port of argparse - python's options parsing library","version":"0.1.0","keywords":["cli","parser","argparse","option","args"],"homepage":"https://github.com/nodeca/argparse","author":{"name":"Eugene Shkuropat","email":"e.shkuropat@gmail.com"},"bugs":{"url":"https://github.com/nodeca/argparse/issues"},"license":{"type":"MIT","url":"https://github.com/nodeca/argparse/blob/master/LICENSE"},"repository":{"type":"git","url":"git://github.com/nodeca/argparse.git"},"main":"./index.js","dependencies":{"underscore":"1.3.1","underscore.string":"2.1.1"},"engines":{"node":">= 0.6.0"},"_npmUser":{"name":"vitaly","email":"vitaly@rcdesign.ru"},"_id":"argparse@0.1.0","devDependencies":{},"optionalDependencies":{},"_engineSupported":true,"_npmVersion":"1.1.12","_nodeVersion":"v0.6.14","_defaultsLoaded":true,"dist":{"shasum":"141038690326bb1fe60c3aa2fd32e60252cdf3ea","tarball":"https://registry.npmjs.org/argparse/-/argparse-0.1.0.tgz"},"scripts":{},"maintainers":[{"name":"vitaly","email":"vitaly@rcdesign.ru"}],"directories":{}},"0.1.1":{"name":"argparse","description":"Very powerful CLI arguments parser. Native port of argparse - python's options parsing library","version":"0.1.1","keywords":["cli","parser","argparse","option","args"],"homepage":"https://github.com/nodeca/argparse","author":{"name":"Eugene Shkuropat","email":"e.shkuropat@gmail.com"},"bugs":{"url":"https://github.com/nodeca/argparse/issues"},"license":{"type":"MIT","url":"https://github.com/nodeca/argparse/blob/master/LICENSE"},"repository":{"type":"git","url":"git://github.com/nodeca/argparse.git"},"main":"./index.js","dependencies":{"underscore":"1.3.1","underscore.string":"2.1.1"},"engines":{"node":">= 0.6.0"},"_npmUser":{"name":"vitaly","email":"vitaly@rcdesign.ru"},"_id":"argparse@0.1.1","devDependencies":{},"optionalDependencies":{},"_engineSupported":true,"_npmVersion":"1.1.12","_nodeVersion":"v0.6.14","_defaultsLoaded":true,"dist":{"shasum":"7898577c1e2a249f3e550cc48209acc1d939026e","tarball":"https://registry.npmjs.org/argparse/-/argparse-0.1.1.tgz"},"scripts":{},"maintainers":[{"name":"vitaly","email":"vitaly@rcdesign.ru"}],"directories":{}},"0.1.2":{"name":"argparse","description":"Very powerful CLI arguments parser. Native port of argparse - python's options parsing library","version":"0.1.2","keywords":["cli","parser","argparse","option","args"],"homepage":"https://github.com/nodeca/argparse","author":{"name":"Eugene Shkuropat","email":"e.shkuropat@gmail.com"},"bugs":{"url":"https://github.com/nodeca/argparse/issues"},"license":{"type":"MIT","url":"https://github.com/nodeca/argparse/blob/master/LICENSE"},"repository":{"type":"git","url":"git://github.com/nodeca/argparse.git"},"main":"./index.js","scripts":{"test":"make test"},"dependencies":{"underscore":"1.3.1","underscore.string":"2.1.1"},"devDependencies":{"mocha":"1.0.1"},"engines":{"node":">= 0.6.0"},"_npmUser":{"name":"vitaly","email":"vitaly@rcdesign.ru"},"_id":"argparse@0.1.2","optionalDependencies":{},"_engineSupported":true,"_npmVersion":"1.1.12","_nodeVersion":"v0.6.14","_defaultsLoaded":true,"dist":{"shasum":"dab8a7925b091e24683e17f8bcf7d9a4bf00204a","tarball":"https://registry.npmjs.org/argparse/-/argparse-0.1.2.tgz"},"maintainers":[{"name":"vitaly","email":"vitaly@rcdesign.ru"}],"directories":{}},"0.1.3":{"name":"argparse","description":"Very powerful CLI arguments parser. Native port of argparse - python's options parsing library","version":"0.1.3","keywords":["cli","parser","argparse","option","args"],"homepage":"https://github.com/nodeca/argparse","author":{"name":"Eugene Shkuropat","email":"e.shkuropat@gmail.com"},"bugs":{"url":"https://github.com/nodeca/argparse/issues"},"license":{"type":"MIT","url":"https://github.com/nodeca/argparse/blob/master/LICENSE"},"repository":{"type":"git","url":"git://github.com/nodeca/argparse.git"},"main":"./index.js","scripts":{"test":"make test"},"dependencies":{"underscore":"~1.3.3","underscore.string":"~2.1.1"},"devDependencies":{"mocha":"~1.2.1"},"engines":{"node":">= 0.6.0"},"_id":"argparse@0.1.3","dist":{"shasum":"e1a6a760f372b4082080da00b3ed13b46d42badf","tarball":"https://registry.npmjs.org/argparse/-/argparse-0.1.3.tgz"},"maintainers":[{"name":"vitaly","email":"vitaly@rcdesign.ru"}],"directories":{}},"0.1.4":{"name":"argparse","description":"Very powerful CLI arguments parser. Native port of argparse - python's options parsing library","version":"0.1.4","keywords":["cli","parser","argparse","option","args"],"homepage":"https://github.com/nodeca/argparse","author":{"name":"Eugene Shkuropat","email":"e.shkuropat@gmail.com"},"bugs":{"url":"https://github.com/nodeca/argparse/issues"},"license":{"type":"MIT","url":"https://github.com/nodeca/argparse/blob/master/LICENSE"},"repository":{"type":"git","url":"git://github.com/nodeca/argparse.git"},"main":"./index.js","scripts":{"test":"make test"},"dependencies":{"underscore":"~1.3.3","underscore.string":"~2.1.1"},"devDependencies":{"mocha":"~1.2.1"},"engines":{"node":">= 0.6.0"},"_id":"argparse@0.1.4","dist":{"shasum":"72ca942eb911bf18a011144361f3607c71ab4cfe","tarball":"https://registry.npmjs.org/argparse/-/argparse-0.1.4.tgz"},"maintainers":[{"name":"vitaly","email":"vitaly@rcdesign.ru"}],"directories":{}},"0.1.5":{"name":"argparse","description":"Very powerful CLI arguments parser. Native port of argparse - python's options parsing library","version":"0.1.5","keywords":["cli","parser","argparse","option","args"],"homepage":"https://github.com/nodeca/argparse","author":{"name":"Eugene Shkuropat","email":"e.shkuropat@gmail.com"},"bugs":{"url":"https://github.com/nodeca/argparse/issues"},"license":{"type":"MIT","url":"https://github.com/nodeca/argparse/blob/master/LICENSE"},"repository":{"type":"git","url":"git://github.com/nodeca/argparse.git"},"main":"./index.js","scripts":{"test":"make test"},"dependencies":{"underscore":"~1.3.3","underscore.string":"~2.1.1"},"devDependencies":{"mocha":"~1.2.1"},"engines":{"node":">= 0.6.0"},"_id":"argparse@0.1.5","dist":{"shasum":"bcb6f43cedd06bedc4d0e97c833f97595e16f7e5","tarball":"https://registry.npmjs.org/argparse/-/argparse-0.1.5.tgz"},"_npmVersion":"1.1.59","_npmUser":{"name":"vitaly","email":"vitaly@rcdesign.ru"},"maintainers":[{"name":"vitaly","email":"vitaly@rcdesign.ru"}],"directories":{}},"0.1.6":{"name":"argparse","description":"Very powerful CLI arguments parser. Native port of argparse - python's options parsing library","version":"0.1.6","keywords":["cli","parser","argparse","option","args"],"homepage":"https://github.com/nodeca/argparse","author":{"name":"Eugene Shkuropat","email":"e.shkuropat@gmail.com"},"bugs":{"url":"https://github.com/nodeca/argparse/issues"},"license":{"type":"MIT","url":"https://github.com/nodeca/argparse/blob/master/LICENSE"},"repository":{"type":"git","url":"git://github.com/nodeca/argparse.git"},"main":"./index.js","scripts":{"test":"make test"},"dependencies":{"underscore":"~1.3.3","underscore.string":"~2.1.1"},"devDependencies":{"mocha":"~1.2.1"},"engines":{"node":">= 0.6.0"},"_id":"argparse@0.1.6","dist":{"shasum":"434d4ceaf77275e117d396293dcb2977c31b40ec","tarball":"https://registry.npmjs.org/argparse/-/argparse-0.1.6.tgz"},"_npmVersion":"1.1.59","_npmUser":{"name":"vitaly","email":"vitaly@rcdesign.ru"},"maintainers":[{"name":"vitaly","email":"vitaly@rcdesign.ru"}],"directories":{}},"0.1.7":{"name":"argparse","description":"Very powerful CLI arguments parser. Native port of argparse - python's options parsing library","version":"0.1.7","keywords":["cli","parser","argparse","option","args"],"homepage":"https://github.com/nodeca/argparse","author":{"name":"Eugene Shkuropat","email":"e.shkuropat@gmail.com"},"bugs":{"url":"https://github.com/nodeca/argparse/issues"},"license":{"type":"MIT","url":"https://github.com/nodeca/argparse/blob/master/LICENSE"},"repository":{"type":"git","url":"git://github.com/nodeca/argparse.git"},"main":"./index.js","scripts":{"test":"make test"},"dependencies":{"underscore":"~1.3.3","underscore.string":"~2.1.1"},"devDependencies":{"mocha":"~1.2.1"},"engines":{"node":">= 0.6.0"},"_id":"argparse@0.1.7","dist":{"shasum":"eb6f77628d196ce9a56dd36abed78ae25f3b01f0","tarball":"https://registry.npmjs.org/argparse/-/argparse-0.1.7.tgz"},"_npmVersion":"1.1.61","_npmUser":{"name":"vitaly","email":"vitaly@rcdesign.ru"},"maintainers":[{"name":"vitaly","email":"vitaly@rcdesign.ru"}],"directories":{}},"0.1.8":{"name":"argparse","description":"Very powerful CLI arguments parser. Native port of argparse - python's options parsing library","version":"0.1.8","keywords":["cli","parser","argparse","option","args"],"homepage":"https://github.com/nodeca/argparse","author":{"name":"Eugene Shkuropat","email":"e.shkuropat@gmail.com"},"bugs":{"url":"https://github.com/nodeca/argparse/issues"},"license":{"type":"MIT","url":"https://github.com/nodeca/argparse/blob/master/LICENSE"},"repository":{"type":"git","url":"git://github.com/nodeca/argparse.git"},"main":"./index.js","scripts":{"test":"make test"},"dependencies":{"underscore":"~1.3.3","underscore.string":"~2.1.1"},"devDependencies":{"mocha":"~1.2.1"},"engines":{"node":">= 0.6.0"},"_id":"argparse@0.1.8","dist":{"shasum":"fafa8e68ba36528ea538a8745c33f384d1b6daf1","tarball":"https://registry.npmjs.org/argparse/-/argparse-0.1.8.tgz"},"_npmVersion":"1.1.66","_npmUser":{"name":"vitaly","email":"vitaly@rcdesign.ru"},"maintainers":[{"name":"vitaly","email":"vitaly@rcdesign.ru"}],"directories":{}},"0.1.9":{"name":"argparse","description":"Very powerful CLI arguments parser. Native port of argparse - python's options parsing library","version":"0.1.9","keywords":["cli","parser","argparse","option","args"],"homepage":"https://github.com/nodeca/argparse","author":{"name":"Eugene Shkuropat","email":"e.shkuropat@gmail.com"},"bugs":{"url":"https://github.com/nodeca/argparse/issues"},"license":{"type":"MIT","url":"https://github.com/nodeca/argparse/blob/master/LICENSE"},"repository":{"type":"git","url":"git://github.com/nodeca/argparse.git"},"main":"./index.js","scripts":{"test":"make test"},"dependencies":{"underscore":"~1.3.3","underscore.string":"~2.1.1"},"devDependencies":{"mocha":"~1.2.1"},"engines":{"node":">= 0.6.0"},"_id":"argparse@0.1.9","dist":{"shasum":"9c5d6da174c219dd796271ef46a8b633be298c07","tarball":"https://registry.npmjs.org/argparse/-/argparse-0.1.9.tgz"},"_npmVersion":"1.1.66","_npmUser":{"name":"vitaly","email":"vitaly@rcdesign.ru"},"maintainers":[{"name":"vitaly","email":"vitaly@rcdesign.ru"}],"directories":{}},"0.1.10":{"name":"argparse","description":"Very powerful CLI arguments parser. Native port of argparse - python's options parsing library","version":"0.1.10","keywords":["cli","parser","argparse","option","args"],"homepage":"https://github.com/nodeca/argparse","author":{"name":"Eugene Shkuropat","email":"e.shkuropat@gmail.com"},"bugs":{"url":"https://github.com/nodeca/argparse/issues"},"license":{"type":"MIT","url":"https://github.com/nodeca/argparse/blob/master/LICENSE"},"repository":{"type":"git","url":"git://github.com/nodeca/argparse.git"},"main":"./index.js","scripts":{"test":"make test"},"dependencies":{"underscore":"~1.3.3","underscore.string":"~2.1.1"},"devDependencies":{"mocha":"~1.2.1"},"engines":{"node":">= 0.6.0"},"_id":"argparse@0.1.10","dist":{"shasum":"ab77c1177fbab43831941be108dc6c1222e4980d","tarball":"https://registry.npmjs.org/argparse/-/argparse-0.1.10.tgz"},"_npmVersion":"1.1.66","_npmUser":{"name":"vitaly","email":"vitaly@rcdesign.ru"},"maintainers":[{"name":"vitaly","email":"vitaly@rcdesign.ru"}],"directories":{}},"0.1.11":{"name":"argparse","description":"Very powerful CLI arguments parser. Native port of argparse - python's options parsing library","version":"0.1.11","keywords":["cli","parser","argparse","option","args"],"homepage":"https://github.com/nodeca/argparse","contributors":[{"name":"Eugene Shkuropat"},{"name":"Paul Jacobson"}],"bugs":{"url":"https://github.com/nodeca/argparse/issues"},"license":{"type":"MIT","url":"https://github.com/nodeca/argparse/blob/master/LICENSE"},"repository":{"type":"git","url":"git://github.com/nodeca/argparse.git"},"main":"./index.js","scripts":{"test":"make test"},"dependencies":{"underscore":"~1.4.3","underscore.string":"~2.3.1"},"devDependencies":{"mocha":"~1.8.1"},"engines":{"node":">= 0.6.0"},"_id":"argparse@0.1.11","dist":{"shasum":"c61031628629a24935badc7156714981d86ec819","tarball":"https://registry.npmjs.org/argparse/-/argparse-0.1.11.tgz"},"_npmVersion":"1.1.66","_npmUser":{"name":"vitaly","email":"vitaly@rcdesign.ru"},"maintainers":[{"name":"vitaly","email":"vitaly@rcdesign.ru"}],"directories":{}},"0.1.12":{"name":"argparse","description":"Very powerful CLI arguments parser. Native port of argparse - python's options parsing library","version":"0.1.12","keywords":["cli","parser","argparse","option","args"],"homepage":"https://github.com/nodeca/argparse","contributors":[{"name":"Eugene Shkuropat"},{"name":"Paul Jacobson"}],"bugs":{"url":"https://github.com/nodeca/argparse/issues"},"license":{"type":"MIT","url":"https://github.com/nodeca/argparse/blob/master/LICENSE"},"repository":{"type":"git","url":"git://github.com/nodeca/argparse.git"},"main":"./index.js","scripts":{"test":"make test"},"dependencies":{"underscore":"~1.4.3","underscore.string":"~2.3.1"},"devDependencies":{"mocha":"~1.8.1"},"engines":{"node":">= 0.6.0"},"_id":"argparse@0.1.12","dist":{"shasum":"987e5bd68ce0b82c213e1552fd6a46e11652617e","tarball":"https://registry.npmjs.org/argparse/-/argparse-0.1.12.tgz"},"_npmVersion":"1.1.66","_npmUser":{"name":"vitaly","email":"vitaly@rcdesign.ru"},"maintainers":[{"name":"vitaly","email":"vitaly@rcdesign.ru"}],"directories":{}},"0.1.13":{"name":"argparse","description":"Very powerful CLI arguments parser. Native port of argparse - python's options parsing library","version":"0.1.13","keywords":["cli","parser","argparse","option","args"],"homepage":"https://github.com/nodeca/argparse","contributors":[{"name":"Eugene Shkuropat"},{"name":"Paul Jacobson"}],"bugs":{"url":"https://github.com/nodeca/argparse/issues"},"license":{"type":"MIT","url":"https://github.com/nodeca/argparse/blob/master/LICENSE"},"repository":{"type":"git","url":"git://github.com/nodeca/argparse.git"},"main":"./index.js","scripts":{"test":"make test"},"dependencies":{"underscore":"~1.4.3","underscore.string":"~2.3.1"},"devDependencies":{"mocha":"*"},"engines":{"node":">= 0.6.0"},"_id":"argparse@0.1.13","dist":{"shasum":"2abd72e43d0a34d9049141e9c255ba816409f407","tarball":"https://registry.npmjs.org/argparse/-/argparse-0.1.13.tgz"},"_from":"https://github.com/nodeca/argparse/tarball/0.1.13","_resolved":"https://github.com/nodeca/argparse/tarball/0.1.13","_npmVersion":"1.2.14","_npmUser":{"name":"vitaly","email":"vitaly@rcdesign.ru"},"maintainers":[{"name":"vitaly","email":"vitaly@rcdesign.ru"}],"directories":{}},"0.1.14":{"name":"argparse","description":"Very powerful CLI arguments parser. Native port of argparse - python's options parsing library","version":"0.1.14","keywords":["cli","parser","argparse","option","args"],"homepage":"https://github.com/nodeca/argparse","contributors":[{"name":"Eugene Shkuropat"},{"name":"Paul Jacobson"}],"bugs":{"url":"https://github.com/nodeca/argparse/issues"},"license":{"type":"MIT","url":"https://github.com/nodeca/argparse/blob/master/LICENSE"},"repository":{"type":"git","url":"git://github.com/nodeca/argparse.git"},"main":"./index.js","scripts":{"test":"make test"},"dependencies":{"underscore":"~1.4.3","underscore.string":"~2.3.1"},"devDependencies":{"mocha":"*"},"engines":{"node":">= 0.6.0"},"_id":"argparse@0.1.14","dist":{"shasum":"9d927aad6d8d12649b1a0bbb519590b26d465eb6","tarball":"https://registry.npmjs.org/argparse/-/argparse-0.1.14.tgz"},"_from":"https://github.com/nodeca/argparse/tarball/0.1.14","_resolved":"https://github.com/nodeca/argparse/tarball/0.1.14","_npmVersion":"1.2.18","_npmUser":{"name":"vitaly","email":"vitaly@rcdesign.ru"},"maintainers":[{"name":"vitaly","email":"vitaly@rcdesign.ru"}],"directories":{}},"0.1.15":{"name":"argparse","description":"Very powerful CLI arguments parser. Native port of argparse - python's options parsing library","version":"0.1.15","keywords":["cli","parser","argparse","option","args"],"homepage":"https://github.com/nodeca/argparse","contributors":[{"name":"Eugene Shkuropat"},{"name":"Paul Jacobson"}],"bugs":{"url":"https://github.com/nodeca/argparse/issues"},"license":{"type":"MIT","url":"https://github.com/nodeca/argparse/blob/master/LICENSE"},"repository":{"type":"git","url":"git://github.com/nodeca/argparse.git"},"main":"./index.js","scripts":{"test":"make test"},"dependencies":{"underscore":"~1.4.3","underscore.string":"~2.3.1"},"devDependencies":{"mocha":"*"},"engines":{"node":">= 0.6.0"},"_id":"argparse@0.1.15","dist":{"shasum":"28a1f72c43113e763220e5708414301c8840f0a1","tarball":"https://registry.npmjs.org/argparse/-/argparse-0.1.15.tgz"},"_from":"https://github.com/nodeca/argparse/tarball/0.1.15","_resolved":"https://github.com/nodeca/argparse/tarball/0.1.15","_npmVersion":"1.2.18","_npmUser":{"name":"vitaly","email":"vitaly@rcdesign.ru"},"maintainers":[{"name":"vitaly","email":"vitaly@rcdesign.ru"}],"directories":{}},"0.1.16":{"name":"argparse","description":"Very powerful CLI arguments parser. Native port of argparse - python's options parsing library","version":"0.1.16","keywords":["cli","parser","argparse","option","args"],"homepage":"https://github.com/nodeca/argparse","contributors":[{"name":"Eugene Shkuropat"},{"name":"Paul Jacobson"}],"bugs":{"url":"https://github.com/nodeca/argparse/issues"},"license":"MIT","repository":{"type":"git","url":"git://github.com/nodeca/argparse.git"},"main":"./index.js","scripts":{"test":"make test"},"dependencies":{"underscore":"~1.7.0","underscore.string":"~2.4.0"},"devDependencies":{"mocha":"*"},"gitHead":"9c32eb1405d5d4b5686087d95bac010774979659","_id":"argparse@0.1.16","_shasum":"cfd01e0fbba3d6caed049fbd758d40f65196f57c","_from":".","_npmVersion":"1.4.28","_npmUser":{"name":"vitaly","email":"vitaly@rcdesign.ru"},"maintainers":[{"name":"vitaly","email":"vitaly@rcdesign.ru"}],"dist":{"shasum":"cfd01e0fbba3d6caed049fbd758d40f65196f57c","tarball":"https://registry.npmjs.org/argparse/-/argparse-0.1.16.tgz"},"directories":{}},"1.0.0":{"name":"argparse","description":"Very powerful CLI arguments parser. Native port of argparse - python's options parsing library","version":"1.0.0","keywords":["cli","parser","argparse","option","args"],"homepage":"https://github.com/nodeca/argparse","contributors":[{"name":"Eugene Shkuropat"},{"name":"Paul Jacobson"}],"bugs":{"url":"https://github.com/nodeca/argparse/issues"},"license":"MIT","repository":{"type":"git","url":"git://github.com/nodeca/argparse.git"},"main":"./index.js","scripts":{"test":"make test"},"dependencies":{"lodash":"^3.2.0","sprintf-js":"~1.0.2"},"devDependencies":{"mocha":"*"},"gitHead":"ffc165b39332bbd85474adb9afccad7d080aac1c","_id":"argparse@1.0.0","_shasum":"4408c1504b038a2f75436a04a9bcf9b77f2aef84","_from":".","_npmVersion":"1.4.28","_npmUser":{"name":"vitaly","email":"vitaly@rcdesign.ru"},"maintainers":[{"name":"vitaly","email":"vitaly@rcdesign.ru"}],"dist":{"shasum":"4408c1504b038a2f75436a04a9bcf9b77f2aef84","tarball":"https://registry.npmjs.org/argparse/-/argparse-1.0.0.tgz"},"directories":{}},"1.0.1":{"name":"argparse","description":"Very powerful CLI arguments parser. Native port of argparse - python's options parsing library","version":"1.0.1","keywords":["cli","parser","argparse","option","args"],"homepage":"https://github.com/nodeca/argparse","contributors":[{"name":"Eugene Shkuropat"},{"name":"Paul Jacobson"}],"bugs":{"url":"https://github.com/nodeca/argparse/issues"},"license":"MIT","repository":{"type":"git","url":"git://github.com/nodeca/argparse.git"},"main":"./index.js","scripts":{"test":"make test"},"dependencies":{"lodash":"~3.2","sprintf-js":"~1.0.2"},"devDependencies":{"mocha":"*"},"gitHead":"84b31478e66f3352fa62f3f884ccdf97352d33b5","_id":"argparse@1.0.1","_shasum":"cb1010b8559920fc8aee521eb9e80e4851790923","_from":".","_npmVersion":"1.4.28","_npmUser":{"name":"vitaly","email":"vitaly@rcdesign.ru"},"maintainers":[{"name":"vitaly","email":"vitaly@rcdesign.ru"}],"dist":{"shasum":"cb1010b8559920fc8aee521eb9e80e4851790923","tarball":"https://registry.npmjs.org/argparse/-/argparse-1.0.1.tgz"},"directories":{}},"1.0.2":{"name":"argparse","description":"Very powerful CLI arguments parser. Native port of argparse - python's options parsing library","version":"1.0.2","keywords":["cli","parser","argparse","option","args"],"homepage":"https://github.com/nodeca/argparse","contributors":[{"name":"Eugene Shkuropat"},{"name":"Paul Jacobson"}],"bugs":{"url":"https://github.com/nodeca/argparse/issues"},"license":"MIT","repository":{"type":"git","url":"git://github.com/nodeca/argparse.git"},"main":"./index.js","scripts":{"test":"make test"},"dependencies":{"lodash":">= 3.2.0 < 4.0.0","sprintf-js":"~1.0.2"},"devDependencies":{"mocha":"*"},"gitHead":"990f1b5332e70dd3c1c437d2f4077a2b63ac9674","_id":"argparse@1.0.2","_shasum":"bcfae39059656d1973d0b9e6a1a74154b5a9a136","_from":".","_npmVersion":"1.4.28","_npmUser":{"name":"vitaly","email":"vitaly@rcdesign.ru"},"maintainers":[{"name":"vitaly","email":"vitaly@rcdesign.ru"}],"dist":{"shasum":"bcfae39059656d1973d0b9e6a1a74154b5a9a136","tarball":"https://registry.npmjs.org/argparse/-/argparse-1.0.2.tgz"},"directories":{}},"1.0.3":{"name":"argparse","description":"Very powerful CLI arguments parser. Native port of argparse - python's options parsing library","version":"1.0.3","keywords":["cli","parser","argparse","option","args"],"homepage":"https://github.com/nodeca/argparse","contributors":[{"name":"Eugene Shkuropat"},{"name":"Paul Jacobson"}],"license":"MIT","repository":{"type":"git","url":"git+https://github.com/nodeca/argparse.git"},"scripts":{"test":"make test"},"dependencies":{"lodash":">= 3.2.0 < 4.0.0","sprintf-js":"~1.0.2"},"devDependencies":{"mocha":"*"},"gitHead":"e46e471f113ba31074c0d0c156f93fd7a618b27c","bugs":{"url":"https://github.com/nodeca/argparse/issues"},"_id":"argparse@1.0.3","_shasum":"14389deeb0c28fc4cda9405b9f532a4e3785ce84","_from":".","_npmVersion":"2.14.7","_nodeVersion":"4.2.1","_npmUser":{"name":"vitaly","email":"vitaly@rcdesign.ru"},"maintainers":[{"name":"vitaly","email":"vitaly@rcdesign.ru"}],"dist":{"shasum":"14389deeb0c28fc4cda9405b9f532a4e3785ce84","tarball":"https://registry.npmjs.org/argparse/-/argparse-1.0.3.tgz"},"directories":{}},"1.0.4":{"name":"argparse","description":"Very powerful CLI arguments parser. Native port of argparse - python's options parsing library","version":"1.0.4","keywords":["cli","parser","argparse","option","args"],"homepage":"https://github.com/nodeca/argparse","contributors":[{"name":"Eugene Shkuropat"},{"name":"Paul Jacobson"}],"license":"MIT","repository":{"type":"git","url":"git+https://github.com/nodeca/argparse.git"},"scripts":{"test":"make test"},"dependencies":{"lodash":">= 4.0.0 < 5.0.0","sprintf-js":"~1.0.2"},"devDependencies":{"mocha":"*"},"gitHead":"26e177bd9c164cbe4906bafb32b968eeebd2f2f2","bugs":{"url":"https://github.com/nodeca/argparse/issues"},"_id":"argparse@1.0.4","_shasum":"2b12247b933001971addcbfe4e67d20fd395bbf4","_from":".","_npmVersion":"2.14.12","_nodeVersion":"4.2.4","_npmUser":{"name":"vitaly","email":"vitaly@rcdesign.ru"},"maintainers":[{"name":"vitaly","email":"vitaly@rcdesign.ru"}],"dist":{"shasum":"2b12247b933001971addcbfe4e67d20fd395bbf4","tarball":"https://registry.npmjs.org/argparse/-/argparse-1.0.4.tgz"},"directories":{}},"1.0.5":{"name":"argparse","description":"Very powerful CLI arguments parser. Native port of argparse - python's options parsing library","version":"1.0.5","keywords":["cli","parser","argparse","option","args"],"homepage":"https://github.com/nodeca/argparse","contributors":[{"name":"Eugene Shkuropat"},{"name":"Paul Jacobson"}],"files":["index.js","lib/"],"license":"MIT","repository":{"type":"git","url":"git+https://github.com/nodeca/argparse.git"},"scripts":{"test":"make test"},"dependencies":{"sprintf-js":"~1.0.2"},"devDependencies":{"mocha":"*"},"gitHead":"994fc0120a51cd462cdd84f9aa211d357a82a60d","bugs":{"url":"https://github.com/nodeca/argparse/issues"},"_id":"argparse@1.0.5","_shasum":"8e1ff9ab91d1662d2dce2954d8511f448ccade42","_from":".","_npmVersion":"2.14.12","_nodeVersion":"4.2.6","_npmUser":{"name":"vitaly","email":"vitaly@rcdesign.ru"},"maintainers":[{"name":"vitaly","email":"vitaly@rcdesign.ru"}],"dist":{"shasum":"8e1ff9ab91d1662d2dce2954d8511f448ccade42","tarball":"https://registry.npmjs.org/argparse/-/argparse-1.0.5.tgz"},"_npmOperationalInternal":{"host":"packages-5-east.internal.npmjs.com","tmp":"tmp/argparse-1.0.5.tgz_1454677471203_0.5495436238124967"},"directories":{}},"1.0.6":{"name":"argparse","description":"Very powerful CLI arguments parser. Native port of argparse - python's options parsing library","version":"1.0.6","keywords":["cli","parser","argparse","option","args"],"homepage":"https://github.com/nodeca/argparse","contributors":[{"name":"Eugene Shkuropat"},{"name":"Paul Jacobson"}],"files":["index.js","lib/"],"license":"MIT","repository":{"type":"git","url":"git+https://github.com/nodeca/argparse.git"},"scripts":{"test":"make test"},"dependencies":{"sprintf-js":"~1.0.2"},"devDependencies":{"eslint":"2.0.0-rc.0","eslint-plugin-nodeca":"~1.0.3","mocha":"*","ndoc":"^3.1.0"},"gitHead":"f8810fdae9ab4eb68283ba4c5f62baeaf0c0719d","bugs":{"url":"https://github.com/nodeca/argparse/issues"},"_id":"argparse@1.0.6","_shasum":"ada3c46ade64695906efbb7a0a337f619abb4694","_from":".","_npmVersion":"2.14.12","_nodeVersion":"4.2.6","_npmUser":{"name":"vitaly","email":"vitaly@rcdesign.ru"},"maintainers":[{"name":"vitaly","email":"vitaly@rcdesign.ru"}],"dist":{"shasum":"ada3c46ade64695906efbb7a0a337f619abb4694","tarball":"https://registry.npmjs.org/argparse/-/argparse-1.0.6.tgz"},"_npmOperationalInternal":{"host":"packages-6-west.internal.npmjs.com","tmp":"tmp/argparse-1.0.6.tgz_1454752276282_0.7111219766084105"},"directories":{}},"1.0.7":{"name":"argparse","description":"Very powerful CLI arguments parser. Native port of argparse - python's options parsing library","version":"1.0.7","keywords":["cli","parser","argparse","option","args"],"homepage":"https://github.com/nodeca/argparse","contributors":[{"name":"Eugene Shkuropat"},{"name":"Paul Jacobson"}],"files":["index.js","lib/"],"license":"MIT","repository":{"type":"git","url":"git+https://github.com/nodeca/argparse.git"},"scripts":{"test":"make test"},"dependencies":{"sprintf-js":"~1.0.2"},"devDependencies":{"eslint":"2.0.0-rc.0","eslint-plugin-nodeca":"~1.0.3","mocha":"*","ndoc":"^3.1.0"},"gitHead":"2d243d3062affb01f49f5f00e8ca8464a15e9374","bugs":{"url":"https://github.com/nodeca/argparse/issues"},"_id":"argparse@1.0.7","_shasum":"c289506480557810f14a8bc62d7a06f63ed7f951","_from":".","_npmVersion":"2.14.12","_nodeVersion":"4.3.0","_npmUser":{"name":"vitaly","email":"vitaly@rcdesign.ru"},"maintainers":[{"name":"vitaly","email":"vitaly@rcdesign.ru"}],"dist":{"shasum":"c289506480557810f14a8bc62d7a06f63ed7f951","tarball":"https://registry.npmjs.org/argparse/-/argparse-1.0.7.tgz"},"_npmOperationalInternal":{"host":"packages-12-west.internal.npmjs.com","tmp":"tmp/argparse-1.0.7.tgz_1458226887302_0.8524546672124416"},"directories":{}},"1.0.8":{"name":"argparse","description":"Very powerful CLI arguments parser. Native port of argparse - python's options parsing library","version":"1.0.8","keywords":["cli","parser","argparse","option","args"],"homepage":"https://github.com/nodeca/argparse","contributors":[{"name":"Eugene Shkuropat"},{"name":"Paul Jacobson"}],"files":["index.js","lib/"],"license":"MIT","repository":{"type":"git","url":"git+https://github.com/nodeca/argparse.git"},"scripts":{"test":"make test"},"dependencies":{"istanbul":"^0.4.5","sprintf-js":"~1.0.2"},"devDependencies":{"eslint":"^2.0.0","eslint-plugin-nodeca":"~1.0.3","mocha":"^3.1.0","ndoc":"^5.0.0"},"gitHead":"3f2a5d4e5d8deae97bb047f82d4445fb806c32d2","bugs":{"url":"https://github.com/nodeca/argparse/issues"},"_id":"argparse@1.0.8","_shasum":"e5bd891bbdbbd725a94aa9827b25c0323fc5e8ee","_from":".","_npmVersion":"3.10.3","_nodeVersion":"6.5.0","_npmUser":{"name":"vitaly","email":"vitaly@rcdesign.ru"},"maintainers":[{"name":"vitaly","email":"vitaly@rcdesign.ru"}],"dist":{"shasum":"e5bd891bbdbbd725a94aa9827b25c0323fc5e8ee","tarball":"https://registry.npmjs.org/argparse/-/argparse-1.0.8.tgz"},"_npmOperationalInternal":{"host":"packages-12-west.internal.npmjs.com","tmp":"tmp/argparse-1.0.8.tgz_1475176131444_0.5720982311759144"},"directories":{}},"1.0.9":{"name":"argparse","description":"Very powerful CLI arguments parser. Native port of argparse - python's options parsing library","version":"1.0.9","keywords":["cli","parser","argparse","option","args"],"contributors":[{"name":"Eugene Shkuropat"},{"name":"Paul Jacobson"}],"files":["index.js","lib/"],"license":"MIT","repository":{"type":"git","url":"git+https://github.com/nodeca/argparse.git"},"scripts":{"test":"make test"},"dependencies":{"sprintf-js":"~1.0.2"},"devDependencies":{"eslint":"^2.13.1","istanbul":"^0.4.5","mocha":"^3.1.0","ndoc":"^5.0.1"},"gitHead":"acb39f2d726b90d2eadf9e6574a938d6250ad248","bugs":{"url":"https://github.com/nodeca/argparse/issues"},"homepage":"https://github.com/nodeca/argparse#readme","_id":"argparse@1.0.9","_shasum":"73d83bc263f86e97f8cc4f6bae1b0e90a7d22c86","_from":".","_npmVersion":"3.10.3","_nodeVersion":"6.5.0","_npmUser":{"name":"vitaly","email":"vitaly@rcdesign.ru"},"maintainers":[{"name":"vitaly","email":"vitaly@rcdesign.ru"}],"dist":{"shasum":"73d83bc263f86e97f8cc4f6bae1b0e90a7d22c86","tarball":"https://registry.npmjs.org/argparse/-/argparse-1.0.9.tgz"},"_npmOperationalInternal":{"host":"packages-12-west.internal.npmjs.com","tmp":"tmp/argparse-1.0.9.tgz_1475177461025_0.33920647646300495"},"directories":{}},"1.0.10":{"name":"argparse","description":"Very powerful CLI arguments parser. Native port of argparse - python's options parsing library","version":"1.0.10","keywords":["cli","parser","argparse","option","args"],"contributors":[{"name":"Eugene Shkuropat"},{"name":"Paul Jacobson"}],"files":["index.js","lib/"],"license":"MIT","repository":{"type":"git","url":"git+https://github.com/nodeca/argparse.git"},"scripts":{"test":"make test"},"dependencies":{"sprintf-js":"~1.0.2"},"devDependencies":{"eslint":"^2.13.1","istanbul":"^0.4.5","mocha":"^3.1.0","ndoc":"^5.0.1"},"gitHead":"ea45e14bad13b9e4a10af28f11fb7e731079ab72","bugs":{"url":"https://github.com/nodeca/argparse/issues"},"homepage":"https://github.com/nodeca/argparse#readme","_id":"argparse@1.0.10","_npmVersion":"5.5.1","_nodeVersion":"8.9.1","_npmUser":{"name":"vitaly","email":"vitaly@rcdesign.ru"},"maintainers":[{"name":"vitaly","email":"vitaly@rcdesign.ru"}],"dist":{"integrity":"sha512-o5Roy6tNG4SL/FOkCAN6RzjiakZS25RLYFrcMttJqbdd8BWrnA+fGz57iN5Pb06pvBGvl5gQ0B48dJlslXvoTg==","shasum":"bcd6791ea5ae09725e17e5ad988134cd40b3d911","tarball":"https://registry.npmjs.org/argparse/-/argparse-1.0.10.tgz","fileCount":27,"unpackedSize":116446},"directories":{},"_npmOperationalInternal":{"host":"s3://npm-registry-packages","tmp":"tmp/argparse_1.0.10_1518704641025_0.2567322588736727"}}},"readme":"argparse\n========\n\n[![Build Status](https://secure.travis-ci.org/nodeca/argparse.svg?branch=master)](http://travis-ci.org/nodeca/argparse)\n[![NPM version](https://img.shields.io/npm/v/argparse.svg)](https://www.npmjs.org/package/argparse)\n\nCLI arguments parser for node.js. Javascript port of python's\n[argparse](http://docs.python.org/dev/library/argparse.html) module\n(original version 3.2). That's a full port, except some very rare options,\nrecorded in issue tracker.\n\n**NB. Difference with original.**\n\n- Method names changed to camelCase. See [generated docs](http://nodeca.github.com/argparse/).\n- Use `defaultValue` instead of `default`.\n- Use `argparse.Const.REMAINDER` instead of `argparse.REMAINDER`, and\n  similarly for constant values `OPTIONAL`, `ZERO_OR_MORE`, and `ONE_OR_MORE`\n  (aliases for `nargs` values `'?'`, `'*'`, `'+'`, respectively), and\n  `SUPPRESS`.\n\n\nExample\n=======\n\ntest.js file:\n\n```javascript\n#!/usr/bin/env node\n'use strict';\n\nvar ArgumentParser = require('../lib/argparse').ArgumentParser;\nvar parser = new ArgumentParser({\n  version: '0.0.1',\n  addHelp:true,\n  description: 'Argparse example'\n});\nparser.addArgument(\n  [ '-f', '--foo' ],\n  {\n    help: 'foo bar'\n  }\n);\nparser.addArgument(\n  [ '-b', '--bar' ],\n  {\n    help: 'bar foo'\n  }\n);\nparser.addArgument(\n  '--baz',\n  {\n    help: 'baz bar'\n  }\n);\nvar args = parser.parseArgs();\nconsole.dir(args);\n```\n\nDisplay help:\n\n```\n$ ./test.js -h\nusage: example.js [-h] [-v] [-f FOO] [-b BAR] [--baz BAZ]\n\nArgparse example\n\nOptional arguments:\n  -h, --help         Show this help message and exit.\n  -v, --version      Show program's version number and exit.\n  -f FOO, --foo FOO  foo bar\n  -b BAR, --bar BAR  bar foo\n  --baz BAZ          baz bar\n```\n\nParse arguments:\n\n```\n$ ./test.js -f=3 --bar=4 --baz 5\n{ foo: '3', bar: '4', baz: '5' }\n```\n\nMore [examples](https://github.com/nodeca/argparse/tree/master/examples).\n\n\nArgumentParser objects\n======================\n\n```\nnew ArgumentParser({parameters hash});\n```\n\nCreates a new ArgumentParser object.\n\n**Supported params:**\n\n- ```description``` - Text to display before the argument help.\n- ```epilog``` - Text to display after the argument help.\n- ```addHelp``` - Add a -h/–help option to the parser. (default: true)\n- ```argumentDefault``` - Set the global default value for arguments. (default: null)\n- ```parents``` - A list of ArgumentParser objects whose arguments should also be included.\n- ```prefixChars``` - The set of characters that prefix optional arguments. (default: ‘-‘)\n- ```formatterClass``` - A class for customizing the help output.\n- ```prog``` - The name of the program (default: `path.basename(process.argv[1])`)\n- ```usage``` - The string describing the program usage (default: generated)\n- ```conflictHandler``` - Usually unnecessary, defines strategy for resolving conflicting optionals.\n\n**Not supported yet**\n\n- ```fromfilePrefixChars``` - The set of characters that prefix files from which additional arguments should be read.\n\n\nDetails in [original ArgumentParser guide](http://docs.python.org/dev/library/argparse.html#argumentparser-objects)\n\n\naddArgument() method\n====================\n\n```\nArgumentParser.addArgument(name or flag or [name] or [flags...], {options})\n```\n\nDefines how a single command-line argument should be parsed.\n\n- ```name or flag or [name] or [flags...]``` - Either a positional name\n  (e.g., `'foo'`), a single option (e.g., `'-f'` or `'--foo'`), an array\n  of a single positional name (e.g., `['foo']`), or an array of options\n  (e.g., `['-f', '--foo']`).\n\nOptions:\n\n- ```action``` - The basic type of action to be taken when this argument is encountered at the command line.\n- ```nargs```- The number of command-line arguments that should be consumed.\n- ```constant``` - A constant value required by some action and nargs selections.\n- ```defaultValue``` - The value produced if the argument is absent from the command line.\n- ```type``` - The type to which the command-line argument should be converted.\n- ```choices``` - A container of the allowable values for the argument.\n- ```required``` - Whether or not the command-line option may be omitted (optionals only).\n- ```help``` - A brief description of what the argument does.\n- ```metavar``` - A name for the argument in usage messages.\n- ```dest``` - The name of the attribute to be added to the object returned by parseArgs().\n\nDetails in [original add_argument guide](http://docs.python.org/dev/library/argparse.html#the-add-argument-method)\n\n\nAction (some details)\n================\n\nArgumentParser objects associate command-line arguments with actions.\nThese actions can do just about anything with the command-line arguments associated\nwith them, though most actions simply add an attribute to the object returned by\nparseArgs(). The action keyword argument specifies how the command-line arguments\nshould be handled. The supported actions are:\n\n- ```store``` - Just stores the argument’s value. This is the default action.\n- ```storeConst``` - Stores value, specified by the const keyword argument.\n  (Note that the const keyword argument defaults to the rather unhelpful None.)\n  The 'storeConst' action is most commonly used with optional arguments, that\n  specify some sort of flag.\n- ```storeTrue``` and ```storeFalse``` - Stores values True and False\n  respectively. These are special cases of 'storeConst'.\n- ```append``` - Stores a list, and appends each argument value to the list.\n  This is useful to allow an option to be specified multiple times.\n- ```appendConst``` - Stores a list, and appends value, specified by the\n  const keyword argument to the list. (Note, that the const keyword argument defaults\n  is None.) The 'appendConst' action is typically used when multiple arguments need\n  to store constants to the same list.\n- ```count``` - Counts the number of times a keyword argument occurs. For example,\n  used for increasing verbosity levels.\n- ```help``` - Prints a complete help message for all the options in the current\n  parser and then exits. By default a help action is automatically added to the parser.\n  See ArgumentParser for details of how the output is created.\n- ```version``` - Prints version information and exit. Expects a `version=`\n  keyword argument in the addArgument() call.\n\nDetails in [original action guide](http://docs.python.org/dev/library/argparse.html#action)\n\n\nSub-commands\n============\n\nArgumentParser.addSubparsers()\n\nMany programs split their functionality into a number of sub-commands, for\nexample, the svn program can invoke sub-commands like `svn checkout`, `svn update`,\nand `svn commit`. Splitting up functionality this way can be a particularly good\nidea when a program performs several different functions which require different\nkinds of command-line arguments. `ArgumentParser` supports creation of such\nsub-commands with `addSubparsers()` method. The `addSubparsers()` method is\nnormally called with no arguments and returns an special action object.\nThis object has a single method `addParser()`, which takes a command name and\nany `ArgumentParser` constructor arguments, and returns an `ArgumentParser` object\nthat can be modified as usual.\n\nExample:\n\nsub_commands.js\n```javascript\n#!/usr/bin/env node\n'use strict';\n\nvar ArgumentParser = require('../lib/argparse').ArgumentParser;\nvar parser = new ArgumentParser({\n  version: '0.0.1',\n  addHelp:true,\n  description: 'Argparse examples: sub-commands',\n});\n\nvar subparsers = parser.addSubparsers({\n  title:'subcommands',\n  dest:\"subcommand_name\"\n});\n\nvar bar = subparsers.addParser('c1', {addHelp:true});\nbar.addArgument(\n  [ '-f', '--foo' ],\n  {\n    action: 'store',\n    help: 'foo3 bar3'\n  }\n);\nvar bar = subparsers.addParser(\n  'c2',\n  {aliases:['co'], addHelp:true}\n);\nbar.addArgument(\n  [ '-b', '--bar' ],\n  {\n    action: 'store',\n    type: 'int',\n    help: 'foo3 bar3'\n  }\n);\n\nvar args = parser.parseArgs();\nconsole.dir(args);\n\n```\n\nDetails in [original sub-commands guide](http://docs.python.org/dev/library/argparse.html#sub-commands)\n\n\nContributors\n============\n\n- [Eugene Shkuropat](https://github.com/shkuropat)\n- [Paul Jacobson](https://github.com/hpaulj)\n\n[others](https://github.com/nodeca/argparse/graphs/contributors)\n\nLicense\n=======\n\nCopyright (c) 2012 [Vitaly Puzrin](https://github.com/puzrin).\nReleased under the MIT license. See\n[LICENSE](https://github.com/nodeca/argparse/blob/master/LICENSE) for details.\n\n\n","maintainers":[{"name":"vitaly","email":"vitaly@rcdesign.ru"}],"time":{"modified":"2018-02-27T04:18:08.086Z","created":"2012-05-16T20:16:27.775Z","0.1.0":"2012-05-16T20:16:30.136Z","0.1.1":"2012-05-23T06:20:01.344Z","0.1.2":"2012-05-29T10:00:31.477Z","0.1.3":"2012-07-04T11:20:25.948Z","0.1.4":"2012-07-30T07:33:17.434Z","0.1.5":"2012-09-03T12:52:32.986Z","0.1.6":"2012-09-09T09:26:01.487Z","0.1.7":"2012-10-14T12:14:16.299Z","0.1.8":"2012-12-02T19:28:07.466Z","0.1.9":"2012-12-27T05:42:28.541Z","0.1.10":"2012-12-30T05:26:54.477Z","0.1.11":"2013-02-07T14:20:03.293Z","0.1.12":"2013-02-10T10:48:44.580Z","0.1.13":"2013-04-08T11:55:47.978Z","0.1.14":"2013-05-12T02:28:54.390Z","0.1.15":"2013-05-12T14:11:18.146Z","0.1.16":"2014-12-01T18:23:38.631Z","1.0.0":"2015-02-19T07:23:51.940Z","1.0.1":"2015-02-20T06:48:21.420Z","1.0.2":"2015-03-22T03:51:34.445Z","1.0.3":"2015-10-27T14:16:16.145Z","1.0.4":"2016-01-17T07:58:21.779Z","1.0.5":"2016-02-05T13:04:32.133Z","1.0.6":"2016-02-06T09:51:19.935Z","1.0.7":"2016-03-17T15:01:29.698Z","1.0.8":"2016-09-29T19:08:53.638Z","1.0.9":"2016-09-29T19:31:03.257Z","1.0.10":"2018-02-15T14:24:01.840Z"},"repository":{"type":"git","url":"git+https://github.com/nodeca/argparse.git"},"users":{"fgribreau":true,"39dotyt":true,"monsterkodi":true,"cycomachead":true,"tunnckocore":true,"nketchum":true,"aureooms":true,"monolithed":true,"52u":true,"jktravis":true,"i-erokhin":true,"carlosvillademor":true,"hyokosdeveloper":true,"boto":true,"hugojosefson":true,"lixulun":true,"jiangc":true,"thehatchcloud":true,"strawhat":true,"shavyg2":true,"bglasser":true},"homepage":"https://github.com/nodeca/argparse#readme","keywords":["cli","parser","argparse","option","args"],"contributors":[{"name":"Eugene Shkuropat"},{"name":"Paul Jacobson"}],"bugs":{"url":"https://github.com/nodeca/argparse/issues"},"license":"MIT","readmeFilename":"README.md","_attachments":{},"_etag":"W/\"ded556b6a66ef6940522c8420fa60aed\"","_lastModified":"Sat, 26 May 2018 17:20:15 GMT"}