{"_id":"union-value","_rev":"10-2c81abb6537adc5346d8c6b12e5ecb67","name":"union-value","description":"Set an array of unique values as the property of an object. Supports setting deeply nested properties using using object-paths/dot notation.","dist-tags":{"latest":"1.0.0"},"versions":{"0.1.0":{"name":"union-value","description":"Set an array of unique values as a property of an object, using dot notation.","version":"0.1.0","homepage":"https://github.com/jonschlinkert/union-value","author":{"name":"Jon Schlinkert","url":"https://github.com/jonschlinkert"},"repository":{"type":"git","url":"git+https://github.com/jonschlinkert/union-value.git"},"bugs":{"url":"https://github.com/jonschlinkert/union-value/issues"},"license":"MIT","files":["index.js"],"main":"index.js","engines":{"node":">=0.10.0"},"scripts":{"test":"mocha"},"dependencies":{"arr-union":"^3.0.0","get-value":"^1.1.5","is-extendable":"^0.1.1","set-value":"^0.2.0"},"devDependencies":{"mocha":"*","should":"*"},"keywords":["array","dot","get","has","nested","notation","object","path","prop","property","set","union","value"],"verbiage":{"related":{"list":["set-value","get-value","has-value"]}},"_id":"union-value@0.1.0","_shasum":"a2d77900b76b2c2321a173ee3d9763cd45faea35","_from":".","_npmVersion":"2.10.1","_nodeVersion":"0.12.4","_npmUser":{"name":"jonschlinkert","email":"github@sellside.com"},"maintainers":[{"name":"jonschlinkert","email":"github@sellside.com"}],"dist":{"shasum":"a2d77900b76b2c2321a173ee3d9763cd45faea35","tarball":"https://registry.npmjs.org/union-value/-/union-value-0.1.0.tgz"},"directories":{}},"0.1.1":{"name":"union-value","description":"Set an array of unique values as the property of an object. Supports setting deeply nested properties using using object-paths/dot notation.","version":"0.1.1","homepage":"https://github.com/jonschlinkert/union-value","author":{"name":"Jon Schlinkert","url":"https://github.com/jonschlinkert"},"repository":{"type":"git","url":"git+https://github.com/jonschlinkert/union-value.git"},"bugs":{"url":"https://github.com/jonschlinkert/union-value/issues"},"license":"MIT","files":["index.js"],"main":"index.js","engines":{"node":">=0.10.0"},"scripts":{"test":"mocha"},"dependencies":{"arr-union":"^3.0.0","get-value":"^1.1.5","is-extendable":"^0.1.1","set-value":"^0.2.0"},"devDependencies":{"mocha":"*","should":"*"},"keywords":["array","dot","get","has","nested","notation","object","path","prop","property","set","union","value"],"verbiage":{"related":{"list":["set-value","get-value","has-value"]}},"gitHead":"673c873e2485fd12af0b57c3919388cefe156a9a","_id":"union-value@0.1.1","_shasum":"6920e5907eee2bff11b7c7fb098b888bfa7cc54f","_from":".","_npmVersion":"2.10.1","_nodeVersion":"0.12.4","_npmUser":{"name":"jonschlinkert","email":"github@sellside.com"},"maintainers":[{"name":"jonschlinkert","email":"github@sellside.com"}],"dist":{"shasum":"6920e5907eee2bff11b7c7fb098b888bfa7cc54f","tarball":"https://registry.npmjs.org/union-value/-/union-value-0.1.1.tgz"},"directories":{}},"0.2.0":{"name":"union-value","description":"Set an array of unique values as the property of an object. Supports setting deeply nested properties using using object-paths/dot notation.","version":"0.2.0","homepage":"https://github.com/jonschlinkert/union-value","author":{"name":"Jon Schlinkert","url":"https://github.com/jonschlinkert"},"repository":{"type":"git","url":"git+https://github.com/jonschlinkert/union-value.git"},"bugs":{"url":"https://github.com/jonschlinkert/union-value/issues"},"license":"MIT","files":["index.js","utils.js"],"main":"index.js","engines":{"node":">=0.10.0"},"scripts":{"test":"mocha"},"dependencies":{"arr-union":"^3.0.0","cast-to-array":"^0.1.0","get-value":"^2.0.0","is-extendable":"^0.1.1","lazy-cache":"^0.2.4","set-value":"^0.3.0"},"devDependencies":{"mocha":"*","should":"*"},"keywords":["array","dot","get","has","nested","notation","object","path","prop","property","set","union","value"],"verb":{"related":{"list":["assign-value","get-value","has-value","set-value","unset-value"]}},"gitHead":"e260ff593b1339d3d6ad68ac169b7bdc591f44e7","_id":"union-value@0.2.0","_shasum":"5055d0afbc18d5383fffcb819abef819e0cdcb2b","_from":".","_npmVersion":"3.3.6","_nodeVersion":"5.0.0","_npmUser":{"name":"jonschlinkert","email":"github@sellside.com"},"maintainers":[{"name":"jonschlinkert","email":"github@sellside.com"}],"dist":{"shasum":"5055d0afbc18d5383fffcb819abef819e0cdcb2b","tarball":"https://registry.npmjs.org/union-value/-/union-value-0.2.0.tgz"},"directories":{}},"0.2.1":{"name":"union-value","description":"Set an array of unique values as the property of an object. Supports setting deeply nested properties using using object-paths/dot notation.","version":"0.2.1","homepage":"https://github.com/jonschlinkert/union-value","author":{"name":"Jon Schlinkert","url":"https://github.com/jonschlinkert"},"repository":{"type":"git","url":"git+https://github.com/jonschlinkert/union-value.git"},"bugs":{"url":"https://github.com/jonschlinkert/union-value/issues"},"license":"MIT","files":["index.js","utils.js"],"main":"index.js","engines":{"node":">=0.10.0"},"scripts":{"test":"mocha"},"dependencies":{"arr-union":"^3.0.0","get-value":"^2.0.0","is-extendable":"^0.1.1","lazy-cache":"^0.2.4","set-value":"^0.3.0"},"devDependencies":{"mocha":"*","should":"*"},"keywords":["array","dot","get","has","nested","notation","object","path","prop","property","set","union","value"],"verb":{"related":{"list":["assign-value","get-value","has-value","set-value","unset-value"]}},"gitHead":"3a90b5a0b183dcb4cd0bd0128626a5e242cb05b1","_id":"union-value@0.2.1","_shasum":"95f90e813627f90d35bc0127773d7ecf5190fe3e","_from":".","_npmVersion":"3.3.6","_nodeVersion":"5.0.0","_npmUser":{"name":"jonschlinkert","email":"github@sellside.com"},"maintainers":[{"name":"jonschlinkert","email":"github@sellside.com"}],"dist":{"shasum":"95f90e813627f90d35bc0127773d7ecf5190fe3e","tarball":"https://registry.npmjs.org/union-value/-/union-value-0.2.1.tgz"},"directories":{}},"0.2.2":{"name":"union-value","description":"Set an array of unique values as the property of an object. Supports setting deeply nested properties using using object-paths/dot notation.","version":"0.2.2","homepage":"https://github.com/jonschlinkert/union-value","author":{"name":"Jon Schlinkert","url":"https://github.com/jonschlinkert"},"repository":{"type":"git","url":"git+https://github.com/jonschlinkert/union-value.git"},"bugs":{"url":"https://github.com/jonschlinkert/union-value/issues"},"license":"MIT","files":["index.js","utils.js"],"main":"index.js","engines":{"node":">=0.10.0"},"scripts":{"test":"mocha"},"dependencies":{"arr-union":"^3.0.0","get-value":"^2.0.2","is-extendable":"^0.1.1","set-value":"^0.3.2"},"devDependencies":{"mocha":"*","should":"*"},"keywords":["array","dot","get","has","nested","notation","object","path","prop","property","set","union","value"],"verb":{"related":{"list":["assign-value","get-value","has-value","set-value","unset-value"]}},"gitHead":"8a502e8ce0da383f7372c8a33ecdbca7ba9f22e2","_id":"union-value@0.2.2","_shasum":"6766d51220b22c3e1e70d9ee6a2ede338c960742","_from":".","_npmVersion":"3.3.12","_nodeVersion":"5.3.0","_npmUser":{"name":"jonschlinkert","email":"github@sellside.com"},"maintainers":[{"name":"jonschlinkert","email":"github@sellside.com"}],"dist":{"shasum":"6766d51220b22c3e1e70d9ee6a2ede338c960742","tarball":"https://registry.npmjs.org/union-value/-/union-value-0.2.2.tgz"},"directories":{}},"0.2.3":{"name":"union-value","description":"Set an array of unique values as the property of an object. Supports setting deeply nested properties using using object-paths/dot notation.","version":"0.2.3","homepage":"https://github.com/jonschlinkert/union-value","author":{"name":"Jon Schlinkert","url":"https://github.com/jonschlinkert"},"repository":{"type":"git","url":"git+https://github.com/jonschlinkert/union-value.git"},"bugs":{"url":"https://github.com/jonschlinkert/union-value/issues"},"license":"MIT","files":["index.js"],"main":"index.js","engines":{"node":">=0.10.0"},"scripts":{"test":"mocha"},"dependencies":{"arr-union":"^3.0.0","get-value":"^2.0.2","is-extendable":"^0.1.1","set-value":"^0.3.3"},"devDependencies":{"mocha":"*","should":"*"},"keywords":["array","dot","get","has","nested","notation","object","path","prop","property","set","union","value"],"verb":{"related":{"list":["assign-value","get-value","has-value","set-value","unset-value"]}},"gitHead":"ad3a58ce94115cf6a3ed62f22bb00326a96cbb08","_id":"union-value@0.2.3","_shasum":"ec91d75a83f312c292515c33b954865b1df32026","_from":".","_npmVersion":"3.3.12","_nodeVersion":"5.3.0","_npmUser":{"name":"jonschlinkert","email":"github@sellside.com"},"maintainers":[{"name":"jonschlinkert","email":"github@sellside.com"}],"dist":{"shasum":"ec91d75a83f312c292515c33b954865b1df32026","tarball":"https://registry.npmjs.org/union-value/-/union-value-0.2.3.tgz"},"directories":{}},"0.2.4":{"name":"union-value","description":"Set an array of unique values as the property of an object. Supports setting deeply nested properties using using object-paths/dot notation.","version":"0.2.4","homepage":"https://github.com/jonschlinkert/union-value","author":{"name":"Jon Schlinkert","url":"https://github.com/jonschlinkert"},"repository":{"type":"git","url":"git+https://github.com/jonschlinkert/union-value.git"},"bugs":{"url":"https://github.com/jonschlinkert/union-value/issues"},"license":"MIT","files":["index.js"],"main":"index.js","engines":{"node":">=0.10.0"},"scripts":{"test":"mocha"},"dependencies":{"arr-union":"^3.1.0","get-value":"^2.0.6","is-extendable":"^0.1.1","set-value":"^0.4.3"},"devDependencies":{"gulp-format-md":"^0.1.11","mocha":"^3.2.0","should":"^11.2.0"},"keywords":["array","dot","get","has","nested","notation","object","path","prop","property","set","union","value"],"verb":{"toc":false,"layout":"default","tasks":["readme"],"plugins":["gulp-format-md"],"related":{"list":["assign-value","get-value","has-value","set-value","unset-value"]},"lint":{"reflinks":true}},"gitHead":"80cbb8a9ba672a765ea321da5f486d451c6d8546","_id":"union-value@0.2.4","_shasum":"7375152786679057e7b37aa676e83468fc0274f0","_from":".","_npmVersion":"4.1.2","_nodeVersion":"7.5.0","_npmUser":{"name":"jonschlinkert","email":"github@sellside.com"},"maintainers":[{"name":"jonschlinkert","email":"github@sellside.com"}],"dist":{"shasum":"7375152786679057e7b37aa676e83468fc0274f0","tarball":"https://registry.npmjs.org/union-value/-/union-value-0.2.4.tgz"},"_npmOperationalInternal":{"host":"packages-12-west.internal.npmjs.com","tmp":"tmp/union-value-0.2.4.tgz_1488062552065_0.7204225328750908"},"directories":{}},"1.0.0":{"name":"union-value","description":"Set an array of unique values as the property of an object. Supports setting deeply nested properties using using object-paths/dot notation.","version":"1.0.0","homepage":"https://github.com/jonschlinkert/union-value","author":{"name":"Jon Schlinkert","url":"https://github.com/jonschlinkert"},"repository":{"type":"git","url":"git+https://github.com/jonschlinkert/union-value.git"},"bugs":{"url":"https://github.com/jonschlinkert/union-value/issues"},"license":"MIT","files":["index.js"],"main":"index.js","engines":{"node":">=0.10.0"},"scripts":{"test":"mocha"},"dependencies":{"arr-union":"^3.1.0","get-value":"^2.0.6","is-extendable":"^0.1.1","set-value":"^0.4.3"},"devDependencies":{"gulp-format-md":"^0.1.11","mocha":"^3.2.0","should":"^11.2.0"},"keywords":["array","dot","get","has","nested","notation","object","path","prop","property","set","union","value"],"verb":{"toc":false,"layout":"default","tasks":["readme"],"plugins":["gulp-format-md"],"related":{"list":["assign-value","get-value","has-value","set-value","unset-value"]},"lint":{"reflinks":true}},"gitHead":"3ef3dfbb89ae1f72aae88744dfafe70a47b313f8","_id":"union-value@1.0.0","_shasum":"5c71c34cb5bad5dcebe3ea0cd08207ba5aa1aea4","_from":".","_npmVersion":"4.1.2","_nodeVersion":"7.5.0","_npmUser":{"name":"jonschlinkert","email":"github@sellside.com"},"maintainers":[{"name":"jonschlinkert","email":"github@sellside.com"}],"dist":{"shasum":"5c71c34cb5bad5dcebe3ea0cd08207ba5aa1aea4","tarball":"https://registry.npmjs.org/union-value/-/union-value-1.0.0.tgz"},"_npmOperationalInternal":{"host":"packages-12-west.internal.npmjs.com","tmp":"tmp/union-value-1.0.0.tgz_1488062568793_0.8357821961399168"},"directories":{}}},"readme":"# union-value [![NPM version](https://img.shields.io/npm/v/union-value.svg?style=flat)](https://www.npmjs.com/package/union-value) [![NPM monthly downloads](https://img.shields.io/npm/dm/union-value.svg?style=flat)](https://npmjs.org/package/union-value)  [![NPM total downloads](https://img.shields.io/npm/dt/union-value.svg?style=flat)](https://npmjs.org/package/union-value) [![Linux Build Status](https://img.shields.io/travis/jonschlinkert/union-value.svg?style=flat&label=Travis)](https://travis-ci.org/jonschlinkert/union-value)\n\n> Set an array of unique values as the property of an object. Supports setting deeply nested properties using using object-paths/dot notation.\n\n## Install\n\nInstall with [npm](https://www.npmjs.com/):\n\n```sh\n$ npm install --save union-value\n```\n\n## Usage\n\n```js\nvar union = require('union-value');\n\nvar obj = {};\n\nunion(obj, 'a.b.c', ['one', 'two']);\nunion(obj, 'a.b.c', ['three']);\n\nconsole.log(obj);\n//=> {a: {b: {c: [ 'one', 'two', 'three' ] }}}\n```\n\n## About\n\n### Related projects\n\n* [assign-value](https://www.npmjs.com/package/assign-value): Assign a value or extend a deeply nested property of an object using object path… [more](https://github.com/jonschlinkert/assign-value) | [homepage](https://github.com/jonschlinkert/assign-value \"Assign a value or extend a deeply nested property of an object using object path notation.\")\n* [get-value](https://www.npmjs.com/package/get-value): Use property paths (`a.b.c`) to get a nested value from an object. | [homepage](https://github.com/jonschlinkert/get-value \"Use property paths (`a.b.c`) to get a nested value from an object.\")\n* [has-value](https://www.npmjs.com/package/has-value): Returns true if a value exists, false if empty. Works with deeply nested values using… [more](https://github.com/jonschlinkert/has-value) | [homepage](https://github.com/jonschlinkert/has-value \"Returns true if a value exists, false if empty. Works with deeply nested values using object paths.\")\n* [set-value](https://www.npmjs.com/package/set-value): Create nested values and any intermediaries using dot notation (`'a.b.c'`) paths. | [homepage](https://github.com/jonschlinkert/set-value \"Create nested values and any intermediaries using dot notation (`'a.b.c'`) paths.\")\n* [unset-value](https://www.npmjs.com/package/unset-value): Delete nested properties from an object using dot notation. | [homepage](https://github.com/jonschlinkert/unset-value \"Delete nested properties from an object using dot notation.\")\n\n### Contributing\n\nPull requests and stars are always welcome. For bugs and feature requests, [please create an issue](../../issues/new).\n\n### Building docs\n\n_(This project's readme.md is generated by [verb](https://github.com/verbose/verb-generate-readme), please don't edit the readme directly. Any changes to the readme must be made in the [.verb.md](.verb.md) readme template.)_\n\nTo generate the readme, run the following command:\n\n```sh\n$ npm install -g verbose/verb#dev verb-generate-readme && verb\n```\n\n### Running tests\n\nRunning and reviewing unit tests is a great way to get familiarized with a library and its API. You can install dependencies and run tests with the following command:\n\n```sh\n$ npm install && npm test\n```\n\n### Author\n\n**Jon Schlinkert**\n\n* [github/jonschlinkert](https://github.com/jonschlinkert)\n* [twitter/jonschlinkert](https://twitter.com/jonschlinkert)\n\n### License\n\nCopyright © 2017, [Jon Schlinkert](https://github.com/jonschlinkert).\nReleased under the [MIT License](LICENSE).\n\n***\n\n_This file was generated by [verb-generate-readme](https://github.com/verbose/verb-generate-readme), v0.4.2, on February 25, 2017._","maintainers":[{"name":"doowb","email":"brian.woodward@gmail.com"},{"name":"jonschlinkert","email":"github@sellside.com"}],"time":{"modified":"2017-09-23T17:10:17.720Z","created":"2015-07-04T23:02:38.864Z","0.1.0":"2015-07-04T23:02:38.864Z","0.1.1":"2015-07-04T23:11:53.083Z","0.2.0":"2015-11-06T07:13:49.104Z","0.2.1":"2015-11-09T22:07:01.212Z","0.2.2":"2016-01-19T10:37:59.910Z","0.2.3":"2016-01-19T10:44:14.444Z","0.2.4":"2017-02-25T22:42:33.929Z","1.0.0":"2017-02-25T22:42:50.759Z"},"homepage":"https://github.com/jonschlinkert/union-value","keywords":["array","dot","get","has","nested","notation","object","path","prop","property","set","union","value"],"repository":{"type":"git","url":"git+https://github.com/jonschlinkert/union-value.git"},"author":{"name":"Jon Schlinkert","url":"https://github.com/jonschlinkert"},"bugs":{"url":"https://github.com/jonschlinkert/union-value/issues"},"license":"MIT","readmeFilename":"README.md","users":{"jonschlinkert":true},"_attachments":{},"_etag":"W/\"a67f8c1312558a6094a89d6195758e77\"","_lastModified":"Sun, 27 May 2018 20:28:39 GMT"}