{"_id":"require-directory","_rev":"61-948fafe1a2982f83d074de81e0f9e1b7","name":"require-directory","description":"Recursively iterates over specified directory, require()'ing each file, and returning a nested hash structure containing those modules.","dist-tags":{"latest":"2.1.1"},"versions":{"0.0.1":{"author":{"name":"Troy Goode","email":"troygoode@gmail.com","url":"http://github.com/troygoode/"},"name":"require-directory","version":"0.0.1","description":"Recursively iterates over specified directory, requiring each file, and returning a nested hash structure containing those libraries.","keywords":["require","directory","library","recursive"],"homepage":"https://github.com/troygoode/node-require-directory/","main":"index.js","repository":{"type":"git","url":"git://github.com/troygoode/node-require-directory.git"},"contributors":[{"name":"Troy Goode","email":"troygoode@gmail.com","url":"http://github.com/troygoode/"}],"licenses":[{"type":"MIT","url":"http://www.opensource.org/licenses/mit-license.php"}],"bugs":{"url":"http://github.com/troygoode/node-require-directory/issues/"},"engines":{"node":">=0.6.0"},"dependencies":{},"devDependencies":{},"scripts":{},"bin":{},"_npmUser":{"name":"troygoode","email":"troygoode@gmail.com"},"_id":"require-directory@0.0.1","_engineSupported":true,"_npmVersion":"1.0.106","_nodeVersion":"v0.6.6","_defaultsLoaded":true,"dist":{"shasum":"db2dd671d72cfbc13d99e33cf2cc7de942e4cb4b","tarball":"https://registry.npmjs.org/require-directory/-/require-directory-0.0.1.tgz"},"maintainers":[{"name":"troygoode","email":"troygoode@gmail.com"}],"directories":{}},"0.0.2":{"author":{"name":"Troy Goode","email":"troygoode@gmail.com","url":"http://github.com/troygoode/"},"name":"require-directory","version":"0.0.2","description":"Recursively iterates over specified directory, requiring each file, and returning a nested hash structure containing those libraries.","keywords":["require","directory","library","recursive"],"homepage":"https://github.com/troygoode/node-require-directory/","main":"index.js","repository":{"type":"git","url":"git://github.com/troygoode/node-require-directory.git"},"contributors":[{"name":"Troy Goode","email":"troygoode@gmail.com","url":"http://github.com/troygoode/"}],"licenses":[{"type":"MIT","url":"http://www.opensource.org/licenses/mit-license.php"}],"bugs":{"url":"http://github.com/troygoode/node-require-directory/issues/"},"engines":{"node":">=0.6.0"},"dependencies":{},"devDependencies":{},"scripts":{},"bin":{},"_id":"require-directory@0.0.2","dist":{"shasum":"86f04926d03b50a5bf3143ea23701888d9e8b3e4","tarball":"https://registry.npmjs.org/require-directory/-/require-directory-0.0.2.tgz"},"_npmVersion":"1.1.66","_npmUser":{"name":"troygoode","email":"troygoode@gmail.com"},"maintainers":[{"name":"troygoode","email":"troygoode@gmail.com"}],"directories":{}},"0.0.3":{"author":{"name":"Troy Goode","email":"troygoode@gmail.com","url":"http://github.com/troygoode/"},"name":"require-directory","version":"0.0.3","description":"Recursively iterates over specified directory, requiring each file, and returning a nested hash structure containing those libraries.","keywords":["require","directory","library","recursive"],"homepage":"https://github.com/troygoode/node-require-directory/","main":"index.js","repository":{"type":"git","url":"git://github.com/troygoode/node-require-directory.git"},"contributors":[{"name":"Troy Goode","email":"troygoode@gmail.com","url":"http://github.com/troygoode/"}],"licenses":[{"type":"MIT","url":"http://www.opensource.org/licenses/mit-license.php"}],"bugs":{"url":"http://github.com/troygoode/node-require-directory/issues/"},"engines":{"node":">=0.6.0"},"dependencies":{},"devDependencies":{"mocha":"latest"},"scripts":{"test":"./node_modules/mocha/bin/mocha"},"bin":{},"_id":"require-directory@0.0.3","dist":{"shasum":"d36fcc775f7595e79d7f904ff01b112b2d9c2b69","tarball":"https://registry.npmjs.org/require-directory/-/require-directory-0.0.3.tgz"},"_npmVersion":"1.1.66","_npmUser":{"name":"troygoode","email":"troygoode@gmail.com"},"maintainers":[{"name":"troygoode","email":"troygoode@gmail.com"}],"directories":{}},"1.0.0":{"author":{"name":"Troy Goode","email":"troygoode@gmail.com","url":"http://github.com/troygoode/"},"name":"require-directory","version":"1.0.0","description":"Recursively iterates over specified directory, requiring each file, and returning a nested hash structure containing those libraries.","keywords":["require","directory","library","recursive"],"homepage":"https://github.com/troygoode/node-require-directory/","main":"index.js","repository":{"type":"git","url":"git://github.com/troygoode/node-require-directory.git"},"contributors":[{"name":"Troy Goode","email":"troygoode@gmail.com","url":"http://github.com/troygoode/"}],"licenses":[{"type":"MIT","url":"http://www.opensource.org/licenses/mit-license.php"}],"bugs":{"url":"http://github.com/troygoode/node-require-directory/issues/"},"engines":{"node":">=0.6.0"},"dependencies":{},"devDependencies":{"mocha":"latest"},"scripts":{"test":"./node_modules/mocha/bin/mocha"},"bin":{},"_id":"require-directory@1.0.0","dist":{"shasum":"3b53b180a92ed52869a50fecddf5d962bb04e951","tarball":"https://registry.npmjs.org/require-directory/-/require-directory-1.0.0.tgz"},"_npmVersion":"1.1.59","_npmUser":{"name":"troygoode","email":"troygoode@gmail.com"},"maintainers":[{"name":"troygoode","email":"troygoode@gmail.com"}],"directories":{}},"1.0.1":{"author":{"name":"Troy Goode","email":"troygoode@gmail.com","url":"http://github.com/troygoode/"},"name":"require-directory","version":"1.0.1","description":"Recursively iterates over specified directory, requiring each file, and returning a nested hash structure containing those libraries.","keywords":["require","directory","library","recursive"],"homepage":"https://github.com/troygoode/node-require-directory/","main":"index.js","repository":{"type":"git","url":"git://github.com/troygoode/node-require-directory.git"},"contributors":[{"name":"Troy Goode","email":"troygoode@gmail.com","url":"http://github.com/troygoode/"}],"licenses":[{"type":"MIT","url":"http://www.opensource.org/licenses/mit-license.php"}],"bugs":{"url":"http://github.com/troygoode/node-require-directory/issues/"},"engines":{"node":">=0.6.0"},"dependencies":{},"devDependencies":{"mocha":"latest"},"scripts":{"test":"./node_modules/mocha/bin/mocha"},"bin":{},"_id":"require-directory@1.0.1","dist":{"shasum":"19c41dac1aeacdc274801ba24166aadde7af4823","tarball":"https://registry.npmjs.org/require-directory/-/require-directory-1.0.1.tgz"},"_from":".","_npmVersion":"1.2.18","_npmUser":{"name":"troygoode","email":"troygoode@gmail.com"},"maintainers":[{"name":"troygoode","email":"troygoode@gmail.com"}],"directories":{}},"1.0.2":{"author":{"name":"Troy Goode","email":"troygoode@gmail.com","url":"http://github.com/troygoode/"},"name":"require-directory","version":"1.0.2","description":"Recursively iterates over specified directory, requiring each file, and returning a nested hash structure containing those libraries.","keywords":["require","directory","library","recursive"],"homepage":"https://github.com/troygoode/node-require-directory/","main":"index.js","repository":{"type":"git","url":"git://github.com/troygoode/node-require-directory.git"},"contributors":[{"name":"Troy Goode","email":"troygoode@gmail.com","url":"http://github.com/troygoode/"}],"licenses":[{"type":"MIT","url":"http://www.opensource.org/licenses/mit-license.php"}],"bugs":{"url":"http://github.com/troygoode/node-require-directory/issues/"},"engines":{"node":">=0.6.0"},"dependencies":{},"devDependencies":{"mocha":"latest"},"scripts":{"test":"./node_modules/mocha/bin/mocha"},"bin":{},"_id":"require-directory@1.0.2","dist":{"shasum":"3c150e9fbbc6b6d634b65a0cecd89b6f8a9bd5d8","tarball":"https://registry.npmjs.org/require-directory/-/require-directory-1.0.2.tgz"},"_from":".","_npmVersion":"1.2.18","_npmUser":{"name":"troygoode","email":"troygoode@gmail.com"},"maintainers":[{"name":"troygoode","email":"troygoode@gmail.com"}],"directories":{}},"1.1.0":{"author":{"name":"Troy Goode","email":"troygoode@gmail.com","url":"http://github.com/troygoode/"},"name":"require-directory","version":"1.1.0","description":"Recursively iterates over specified directory, requiring each file, and returning a nested hash structure containing those libraries.","keywords":["require","directory","library","recursive"],"homepage":"https://github.com/troygoode/node-require-directory/","main":"index.js","repository":{"type":"git","url":"git://github.com/troygoode/node-require-directory.git"},"contributors":[{"name":"Troy Goode","email":"troygoode@gmail.com","url":"http://github.com/troygoode/"}],"licenses":[{"type":"MIT","url":"http://www.opensource.org/licenses/mit-license.php"}],"bugs":{"url":"http://github.com/troygoode/node-require-directory/issues/"},"engines":{"node":">=0.6.0"},"dependencies":{},"devDependencies":{"mocha":"latest"},"scripts":{"test":"./node_modules/mocha/bin/mocha"},"bin":{},"_id":"require-directory@1.1.0","dist":{"shasum":"70bb3fe783c44b24a49eae3ef23420d54ea3484c","tarball":"https://registry.npmjs.org/require-directory/-/require-directory-1.1.0.tgz"},"_from":".","_npmVersion":"1.2.18","_npmUser":{"name":"troygoode","email":"troygoode@gmail.com"},"maintainers":[{"name":"troygoode","email":"troygoode@gmail.com"}],"directories":{}},"1.1.1":{"author":{"name":"Troy Goode","email":"troygoode@gmail.com","url":"http://github.com/troygoode/"},"name":"require-directory","version":"1.1.1","description":"Recursively iterates over specified directory, requiring each file, and returning a nested hash structure containing those libraries.","keywords":["require","directory","library","recursive"],"homepage":"https://github.com/troygoode/node-require-directory/","main":"index.js","repository":{"type":"git","url":"git://github.com/troygoode/node-require-directory.git"},"contributors":[{"name":"Troy Goode","email":"troygoode@gmail.com","url":"http://github.com/troygoode/"}],"licenses":[{"type":"MIT","url":"http://www.opensource.org/licenses/mit-license.php"}],"bugs":{"url":"http://github.com/troygoode/node-require-directory/issues/"},"engines":{"node":">=0.6.0"},"dependencies":{},"devDependencies":{"mocha":"latest"},"scripts":{"test":"./node_modules/mocha/bin/mocha"},"bin":{},"_id":"require-directory@1.1.1","dist":{"shasum":"43b23b76d00ce37ed1787af33dd36d78103efdcd","tarball":"https://registry.npmjs.org/require-directory/-/require-directory-1.1.1.tgz"},"_from":".","_npmVersion":"1.3.8","_npmUser":{"name":"troygoode","email":"troygoode@gmail.com"},"maintainers":[{"name":"troygoode","email":"troygoode@gmail.com"}],"directories":{}},"1.2.0":{"author":{"name":"Troy Goode","email":"troygoode@gmail.com","url":"http://github.com/troygoode/"},"name":"require-directory","version":"1.2.0","description":"Recursively iterates over specified directory, requiring each file, and returning a nested hash structure containing those libraries.","keywords":["require","directory","library","recursive"],"homepage":"https://github.com/troygoode/node-require-directory/","main":"index.js","repository":{"type":"git","url":"git://github.com/troygoode/node-require-directory.git"},"contributors":[{"name":"Troy Goode","email":"troygoode@gmail.com","url":"http://github.com/troygoode/"}],"licenses":[{"type":"MIT","url":"http://www.opensource.org/licenses/mit-license.php"}],"bugs":{"url":"http://github.com/troygoode/node-require-directory/issues/"},"engines":{"node":">=0.6.0"},"dependencies":{},"devDependencies":{"mocha":"latest"},"scripts":{"test":"./node_modules/mocha/bin/mocha"},"bin":{},"_id":"require-directory@1.2.0","dist":{"shasum":"35ff45a82ab73ca6ca35c746c0a17014371e1afd","tarball":"https://registry.npmjs.org/require-directory/-/require-directory-1.2.0.tgz"},"_from":".","_npmVersion":"1.3.11","_npmUser":{"name":"troygoode","email":"troygoode@gmail.com"},"maintainers":[{"name":"troygoode","email":"troygoode@gmail.com"}],"directories":{}},"2.0.0":{"author":{"name":"Troy Goode","email":"troygoode@gmail.com","url":"http://github.com/troygoode/"},"name":"require-directory","version":"2.0.0","description":"Recursively iterates over specified directory, require()'ing each file, and returning a nested hash structure containing those modules.","keywords":["require","directory","library","recursive"],"homepage":"https://github.com/troygoode/node-require-directory/","main":"index.js","repository":{"type":"git","url":"git://github.com/troygoode/node-require-directory.git"},"contributors":[{"name":"Troy Goode","email":"troygoode@gmail.com","url":"http://github.com/troygoode/"}],"licenses":[{"type":"MIT","url":"http://www.opensource.org/licenses/mit-license.php"}],"bugs":{"url":"http://github.com/troygoode/node-require-directory/issues/"},"engines":{"node":">=0.10.0"},"dependencies":{"underscore":"^1.6.0"},"devDependencies":{"jshint":"^2.5.2","mocha":"^1.21.3"},"scripts":{"test":"mocha","lint":"jshint index.js test/test.js"},"gitHead":"ee51f6f6b1e75d7d16ff5195561b5b0f30027a38","_id":"require-directory@2.0.0","_shasum":"22442c7c5a675cf70402cddb29518e5edd3427d9","_from":".","_npmVersion":"1.5.0-alpha-1","_npmUser":{"name":"troygoode","email":"troygoode@gmail.com"},"maintainers":[{"name":"troygoode","email":"troygoode@gmail.com"}],"dist":{"shasum":"22442c7c5a675cf70402cddb29518e5edd3427d9","tarball":"https://registry.npmjs.org/require-directory/-/require-directory-2.0.0.tgz"},"directories":{}},"2.1.0":{"author":{"name":"Troy Goode","email":"troygoode@gmail.com","url":"http://github.com/troygoode/"},"name":"require-directory","version":"2.1.0","description":"Recursively iterates over specified directory, require()'ing each file, and returning a nested hash structure containing those modules.","keywords":["require","directory","library","recursive"],"homepage":"https://github.com/troygoode/node-require-directory/","main":"index.js","repository":{"type":"git","url":"git://github.com/troygoode/node-require-directory.git"},"contributors":[{"name":"Troy Goode","email":"troygoode@gmail.com","url":"http://github.com/troygoode/"}],"licenses":[{"type":"MIT","url":"http://www.opensource.org/licenses/mit-license.php"}],"bugs":{"url":"http://github.com/troygoode/node-require-directory/issues/"},"engines":{"node":">=0.10.0"},"devDependencies":{"jshint":"^2.6.0","mocha":"^2.1.0"},"scripts":{"test":"mocha","lint":"jshint index.js test/test.js"},"gitHead":"08f75bb9e14aa33834519c4788c5618e318925db","_id":"require-directory@2.1.0","_shasum":"707ab5d99b3e819ccf3f2bc77195bdcea0f0e61b","_from":".","_npmVersion":"2.5.1","_nodeVersion":"0.12.0","_npmUser":{"name":"troygoode","email":"troygoode@gmail.com"},"maintainers":[{"name":"troygoode","email":"troygoode@gmail.com"}],"dist":{"shasum":"707ab5d99b3e819ccf3f2bc77195bdcea0f0e61b","tarball":"https://registry.npmjs.org/require-directory/-/require-directory-2.1.0.tgz"},"directories":{}},"2.1.1":{"author":{"name":"Troy Goode","email":"troygoode@gmail.com","url":"http://github.com/troygoode/"},"name":"require-directory","version":"2.1.1","description":"Recursively iterates over specified directory, require()'ing each file, and returning a nested hash structure containing those modules.","keywords":["require","directory","library","recursive"],"homepage":"https://github.com/troygoode/node-require-directory/","main":"index.js","repository":{"type":"git","url":"git://github.com/troygoode/node-require-directory.git"},"contributors":[{"name":"Troy Goode","email":"troygoode@gmail.com","url":"http://github.com/troygoode/"}],"license":"MIT","bugs":{"url":"http://github.com/troygoode/node-require-directory/issues/"},"engines":{"node":">=0.10.0"},"devDependencies":{"jshint":"^2.6.0","mocha":"^2.1.0"},"scripts":{"test":"mocha","lint":"jshint index.js test/test.js"},"gitHead":"cc71c23dd0c16cefd26855303c16ca1b9b50a36d","_id":"require-directory@2.1.1","_shasum":"8c64ad5fd30dab1c976e2344ffe7f792a6a6df42","_from":".","_npmVersion":"2.5.1","_nodeVersion":"0.12.0","_npmUser":{"name":"troygoode","email":"troygoode@gmail.com"},"maintainers":[{"name":"troygoode","email":"troygoode@gmail.com"}],"dist":{"shasum":"8c64ad5fd30dab1c976e2344ffe7f792a6a6df42","tarball":"https://registry.npmjs.org/require-directory/-/require-directory-2.1.1.tgz"},"directories":{}}},"readme":"# require-directory\n\nRecursively iterates over specified directory, `require()`'ing each file, and returning a nested hash structure containing those modules.\n\n**[Follow me (@troygoode) on Twitter!](https://twitter.com/intent/user?screen_name=troygoode)**\n\n[![NPM](https://nodei.co/npm/require-directory.png?downloads=true&stars=true)](https://nodei.co/npm/require-directory/)\n\n[![build status](https://secure.travis-ci.org/troygoode/node-require-directory.png)](http://travis-ci.org/troygoode/node-require-directory)\n\n## How To Use\n\n### Installation (via [npm](https://npmjs.org/package/require-directory))\n\n```bash\n$ npm install require-directory\n```\n\n### Usage\n\nA common pattern in node.js is to include an index file which creates a hash of the files in its current directory. Given a directory structure like so:\n\n* app.js\n* routes/\n  * index.js\n  * home.js\n  * auth/\n    * login.js\n    * logout.js\n    * register.js\n\n`routes/index.js` uses `require-directory` to build the hash (rather than doing so manually) like so:\n\n```javascript\nvar requireDirectory = require('require-directory');\nmodule.exports = requireDirectory(module);\n```\n\n`app.js` references `routes/index.js` like any other module, but it now has a hash/tree of the exports from the `./routes/` directory:\n\n```javascript\nvar routes = require('./routes');\n\n// snip\n\napp.get('/', routes.home);\napp.get('/register', routes.auth.register);\napp.get('/login', routes.auth.login);\napp.get('/logout', routes.auth.logout);\n```\n\nThe `routes` variable above is the equivalent of this:\n\n```javascript\nvar routes = {\n  home: require('routes/home.js'),\n  auth: {\n    login: require('routes/auth/login.js'),\n    logout: require('routes/auth/logout.js'),\n    register: require('routes/auth/register.js')\n  }\n};\n```\n\n*Note that `routes.index` will be `undefined` as you would hope.*\n\n### Specifying Another Directory\n\nYou can specify which directory you want to build a tree of (if it isn't the current directory for whatever reason) by passing it as the second parameter. Not specifying the path (`requireDirectory(module)`) is the equivelant of `requireDirectory(module, __dirname)`:\n\n```javascript\nvar requireDirectory = require('require-directory');\nmodule.exports = requireDirectory(module, './some/subdirectory');\n```\n\nFor example, in the [example in the Usage section](#usage) we could have avoided creating `routes/index.js` and instead changed the first lines of `app.js` to:\n\n```javascript\nvar requireDirectory = require('require-directory');\nvar routes = requireDirectory(module, './routes');\n```\n\n## Options\n\nYou can pass an options hash to `require-directory` as the 2nd parameter (or 3rd if you're passing the path to another directory as the 2nd parameter already). Here are the available options:\n\n### Whitelisting\n\nWhitelisting (either via RegExp or function) allows you to specify that only certain files be loaded.\n\n```javascript\nvar requireDirectory = require('require-directory'),\n  whitelist = /onlyinclude.js$/,\n  hash = requireDirectory(module, {include: whitelist});\n```\n\n```javascript\nvar requireDirectory = require('require-directory'),\n  check = function(path){\n    if(/onlyinclude.js$/.test(path)){\n      return true; // don't include\n    }else{\n      return false; // go ahead and include\n    }\n  },\n  hash = requireDirectory(module, {include: check});\n```\n\n### Blacklisting\n\nBlacklisting (either via RegExp or function) allows you to specify that all but certain files should be loaded.\n\n```javascript\nvar requireDirectory = require('require-directory'),\n  blacklist = /dontinclude\\.js$/,\n  hash = requireDirectory(module, {exclude: blacklist});\n```\n\n```javascript\nvar requireDirectory = require('require-directory'),\n  check = function(path){\n    if(/dontinclude\\.js$/.test(path)){\n      return false; // don't include\n    }else{\n      return true; // go ahead and include\n    }\n  },\n  hash = requireDirectory(module, {exclude: check});\n```\n\n### Visiting Objects As They're Loaded\n\n`require-directory` takes a function as the `visit` option that will be called for each module that is added to module.exports.\n\n```javascript\nvar requireDirectory = require('require-directory'),\n  visitor = function(obj) {\n    console.log(obj); // will be called for every module that is loaded\n  },\n  hash = requireDirectory(module, {visit: visitor});\n```\n\nThe visitor can also transform the objects by returning a value:\n\n```javascript\nvar requireDirectory = require('require-directory'),\n  visitor = function(obj) {\n    return obj(new Date());\n  },\n  hash = requireDirectory(module, {visit: visitor});\n```\n\n### Renaming Keys\n\n```javascript\nvar requireDirectory = require('require-directory'),\n  renamer = function(name) {\n    return name.toUpperCase();\n  },\n  hash = requireDirectory(module, {rename: renamer});\n```\n\n### No Recursion\n\n```javascript\nvar requireDirectory = require('require-directory'),\n  hash = requireDirectory(module, {recurse: false});\n```\n\n## Run Unit Tests\n\n```bash\n$ npm run lint\n$ npm test\n```\n\n## License\n\n[MIT License](http://www.opensource.org/licenses/mit-license.php)\n\n## Author\n\n[Troy Goode](https://github.com/TroyGoode) ([troygoode@gmail.com](mailto:troygoode@gmail.com))\n\n","maintainers":[{"name":"troygoode","email":"troygoode@gmail.com"}],"time":{"modified":"2018-08-03T00:39:55.133Z","created":"2011-12-27T00:06:30.661Z","0.0.1":"2011-12-27T00:06:32.027Z","0.0.2":"2012-12-12T15:17:08.227Z","0.0.3":"2012-12-12T21:23:28.294Z","1.0.0":"2012-12-16T16:30:54.518Z","1.0.1":"2013-06-23T20:54:08.357Z","1.0.2":"2013-06-23T21:15:20.814Z","1.1.0":"2013-08-28T20:32:19.471Z","1.1.1":"2013-09-01T15:10:33.473Z","1.2.0":"2013-11-14T13:59:26.636Z","2.0.0":"2014-07-29T02:17:35.323Z","2.1.0":"2015-02-19T05:02:34.997Z","2.1.1":"2015-05-28T08:31:04.702Z"},"author":{"name":"Troy Goode","email":"troygoode@gmail.com","url":"http://github.com/troygoode/"},"repository":{"type":"git","url":"git://github.com/troygoode/node-require-directory.git"},"users":{"troygoode":true,"dgarlitt":true,"filipedeschamps":true,"symblst":true,"metinweb":true,"highflying":true,"nukisman":true,"chaseadamsio":true,"skrdv":true,"mgenev":true,"koulmomo":true,"wangnan0610":true,"ufukomer":true,"nelix":true,"mode54":true,"nmccready":true,"icerainnuaa":true,"sopepos":true,"tmurngon":true,"mojaray2k":true,"paulnordlund":true,"shanemileham":true,"fengbeijing":true,"suddi":true,"mariusc23":true,"bvaccc":true,"eonio":true,"tomgao365":true,"xanderlewis":true,"gamersdelight":true,"shlomi":true,"akamaozu":true,"losymear":true,"likkli":true,"dwqs":true},"homepage":"https://github.com/troygoode/node-require-directory/","keywords":["require","directory","library","recursive"],"contributors":[{"name":"Troy Goode","email":"troygoode@gmail.com","url":"http://github.com/troygoode/"}],"bugs":{"url":"http://github.com/troygoode/node-require-directory/issues/"},"readmeFilename":"README.markdown","license":"MIT","_attachments":{},"_etag":"W/\"34b26b155f77d23f66c2552d0bb6f9c3\"","_lastModified":"Fri, 03 Aug 2018 00:39:56 GMT"}