{"_id":"@dicy/types","_rev":"5-c58e660ecc0407fafdb917eae33be2b9","name":"@dicy/types","description":"Shared types for DiCy.","dist-tags":{"latest":"0.13.0"},"versions":{"0.12.0-pre.0":{"name":"@dicy/types","version":"0.12.0-pre.0","description":"Shared types for DiCy.","keywords":["latex","knitr","sage","biblatex"],"bugs":{"url":"https://github.com/yitzchak/dicy/issues"},"main":"lib/main.js","types":"types/main.d.ts","scripts":{"test":"jasmine-ts","compile":"rimraf lib && tsc","prepublish":"npm run compile"},"repository":{"type":"git","url":"git+https://github.com/yitzchak/dicy.git"},"author":{"name":"Tarn Burton","email":"twburton@gmail.com"},"contributors":[],"homepage":"https://yitzchak.github.io/dicy/","engines":{"node":">=6.9.0"},"license":"MIT","dependencies":{"fs-extra":"^4.0.2","js-yaml":"^3.10.0"},"devDependencies":{"@types/fs-extra":"^4.0.3","@types/js-yaml":"^3.9.1","@types/node":"^8.0.47","jasmine":"^2.8.0","jasmine-ts":"^0.2.1","rimraf":"^2.6.2","typescript":"^2.5.3"},"_id":"@dicy/types@0.12.0-pre.0","_npmVersion":"5.5.1","_nodeVersion":"8.8.1","_npmUser":{"name":"yitzchak","email":"twburton@gmail.com"},"dist":{"integrity":"sha512-7l9bQ35lDjf+D/iOlFgyC/cxT9MXZUomCAIcAQqwF8JuWsQkXGJNZ3MsnUS87f/Ne3vaGk2TBe8oirifgtu5MQ==","shasum":"1440acc6777d373a9a90124870e85092aeb0f241","tarball":"https://registry.npmjs.org/@dicy/types/-/types-0.12.0-pre.0.tgz"},"maintainers":[{"name":"yitzchak","email":"twburton@gmail.com"}],"_npmOperationalInternal":{"host":"s3://npm-registry-packages","tmp":"tmp/types-0.12.0-pre.0.tgz_1511050641041_0.28071372164413333"},"directories":{}},"0.12.0":{"name":"@dicy/types","version":"0.12.0","description":"Shared types for DiCy.","keywords":["latex","knitr","sage","biblatex"],"bugs":{"url":"https://github.com/yitzchak/dicy/issues"},"main":"lib/main.js","types":"types/main.d.ts","scripts":{"test":"jasmine-ts","compile":"rimraf lib && tsc","prepublish":"npm run compile"},"repository":{"type":"git","url":"git+https://github.com/yitzchak/dicy.git"},"author":{"name":"Tarn Burton","email":"twburton@gmail.com"},"contributors":[],"homepage":"https://yitzchak.github.io/dicy/","engines":{"node":">=6.9.0"},"license":"MIT","dependencies":{"fs-extra":"^4.0.2","js-yaml":"^3.10.0"},"devDependencies":{"@types/fs-extra":"^4.0.3","@types/js-yaml":"^3.9.1","@types/node":"^8.0.47","jasmine":"^2.8.0","jasmine-ts":"^0.2.1","rimraf":"^2.6.2","typescript":"^2.5.3"},"_id":"@dicy/types@0.12.0","_npmVersion":"5.5.1","_nodeVersion":"9.2.0","_npmUser":{"name":"yitzchak","email":"twburton@gmail.com"},"dist":{"integrity":"sha512-rmLelHom20XXIJSdWDRIUO7jbqgLqOOnWPXLDT7ZR4mKy7X76HB+93rnQOPSc5H241Fpuzqp0iP/mJ5HBmfOLg==","shasum":"313695b1591fa813ab7dbd40f1e1172752ca64b8","tarball":"https://registry.npmjs.org/@dicy/types/-/types-0.12.0.tgz"},"maintainers":[{"name":"yitzchak","email":"twburton@gmail.com"}],"_npmOperationalInternal":{"host":"s3://npm-registry-packages","tmp":"tmp/types-0.12.0.tgz_1511661228293_0.943302153609693"},"directories":{}},"0.12.2":{"name":"@dicy/types","version":"0.12.2","description":"Shared types for DiCy.","keywords":["latex","knitr","sage","biblatex"],"bugs":{"url":"https://github.com/yitzchak/dicy/issues"},"main":"lib/main.js","types":"types/main.d.ts","scripts":{"test":"jasmine-ts","compile":"rimraf lib && tsc","prepublish":"npm run compile"},"repository":{"type":"git","url":"git+https://github.com/yitzchak/dicy.git"},"author":{"name":"Tarn Burton","email":"twburton@gmail.com"},"contributors":[],"homepage":"https://yitzchak.github.io/dicy/","engines":{"node":">=6.9.0"},"license":"MIT","dependencies":{"fs-extra":"^4.0.2","js-yaml":"^3.10.0"},"devDependencies":{"@types/fs-extra":"^4.0.3","@types/js-yaml":"^3.9.1","@types/node":"^8.0.47","jasmine":"^2.8.0","jasmine-ts":"^0.2.1","rimraf":"^2.6.2","typescript":"^2.5.3"},"_id":"@dicy/types@0.12.2","_npmVersion":"5.5.1","_nodeVersion":"9.2.0","_npmUser":{"name":"yitzchak","email":"twburton@gmail.com"},"dist":{"integrity":"sha512-AOHWgnDSiNf8EBC4KSXJPsUOa7eGhw/fcKBmNUujSqBJcylhAN+e81DJf1bqGcYj6SNEx+LZGXzIHuWPOK2CcQ==","shasum":"46fd6824224aa9ebd7e7cd0bfd25d10129a57e36","tarball":"https://registry.npmjs.org/@dicy/types/-/types-0.12.2.tgz"},"maintainers":[{"name":"yitzchak","email":"twburton@gmail.com"}],"_npmOperationalInternal":{"host":"s3://npm-registry-packages","tmp":"tmp/types-0.12.2.tgz_1512227287644_0.7456958908587694"},"directories":{}},"0.12.3":{"name":"@dicy/types","version":"0.12.3","description":"Shared types for DiCy.","keywords":["latex","knitr","sage","biblatex"],"bugs":{"url":"https://github.com/yitzchak/dicy/issues"},"main":"lib/main.js","types":"types/main.d.ts","scripts":{"test":"jasmine-ts","compile":"rimraf lib && tsc","prepublish":"npm run compile"},"repository":{"type":"git","url":"git+https://github.com/yitzchak/dicy.git"},"author":{"name":"Tarn Burton","email":"twburton@gmail.com"},"contributors":[],"homepage":"https://yitzchak.github.io/dicy/","engines":{"node":">=6.9.0"},"license":"MIT","dependencies":{"fs-extra":"^4.0.3","js-yaml":"^3.10.0"},"devDependencies":{"@types/fs-extra":"^4.0.3","@types/js-yaml":"^3.10.1","@types/node":"^8.0.56","jasmine":"^2.8.0","jasmine-ts":"^0.2.1","rimraf":"^2.6.2","typescript":"^2.6.2"},"_id":"@dicy/types@0.12.3","_npmVersion":"5.5.1","_nodeVersion":"9.2.0","_npmUser":{"name":"yitzchak","email":"twburton@gmail.com"},"dist":{"integrity":"sha512-9PLW2bAtvadE0Udt61lWdIqns6Y9uLTOO2rCFQP7SXFjDyZY1AaOxQqlD+a5p9JgqnVCQcPFCXQ7/Vqa3QLlag==","shasum":"0bd7ad4db91349ff834cb9f7a0fe8bc08e9fda35","tarball":"https://registry.npmjs.org/@dicy/types/-/types-0.12.3.tgz"},"maintainers":[{"name":"yitzchak","email":"twburton@gmail.com"}],"_npmOperationalInternal":{"host":"s3://npm-registry-packages","tmp":"tmp/types-0.12.3.tgz_1512911618870_0.053859370993450284"},"directories":{}},"0.13.0":{"name":"@dicy/types","version":"0.13.0","description":"Shared types for DiCy.","keywords":["latex","knitr","sage","biblatex"],"bugs":{"url":"https://github.com/yitzchak/dicy/issues"},"main":"lib/main.js","types":"types/main.d.ts","scripts":{"test":"jasmine-ts","compile":"rimraf lib && tsc","prepublish":"npm run compile"},"repository":{"type":"git","url":"git+https://github.com/yitzchak/dicy.git"},"author":{"name":"Tarn Burton","email":"twburton@gmail.com"},"contributors":[],"homepage":"https://yitzchak.github.io/dicy/","engines":{"node":">=6.9.0"},"license":"MIT","dependencies":{"fs-extra":"^5.0.0","js-yaml":"^3.10.0"},"devDependencies":{"@types/fs-extra":"^5.0.0","@types/js-yaml":"^3.10.1","@types/node":"^9.4.6","jasmine":"^3.0.0","jasmine-ts":"^0.2.1","rimraf":"^2.6.2","typescript":"^2.7.2"},"_id":"@dicy/types@0.13.0","_npmVersion":"5.7.1","_nodeVersion":"9.8.0","_npmUser":{"name":"yitzchak","email":"twburton@gmail.com"},"dist":{"integrity":"sha512-6UEuHqPwhiezFa7ys68hFXqv/f6jFS5lGEbf4Cm7D4WWh+dgm6GXnICude90gscEVW/m9PDgfvbWKJqMChZ4XA==","shasum":"815e5c0c2e8ef2bf27b033f20c7d2acebda25762","tarball":"https://registry.npmjs.org/@dicy/types/-/types-0.13.0.tgz","fileCount":10,"unpackedSize":25466},"maintainers":[{"name":"yitzchak","email":"twburton@gmail.com"}],"directories":{},"_npmOperationalInternal":{"host":"s3://npm-registry-packages","tmp":"tmp/types_0.13.0_1521022128166_0.25459104687779255"}}},"readme":"# @dicy/types\n\n[![Build Status][travis svg]][travis]\n[![Windows Build Status][appveyor svg]][appveyor]\n[![Dependency Status][dependency svg]][dependency]\n[![devDependency Status][devdependency svg]][devdependency]\n\nThis package contains common type definitions and is used internally by DiCy, a\nJavaScript/TypeScript based builder for LaTeX, knitr, Literate Agda, Literate\nHaskell, and Pweave that automatically builds dependencies. DiCy parses and\nfilters output logs and error messages generated during build and can build\nprojects that utilize the following programs to process files.\n\n-   Bibliographies — Biber, BibTeX, BibTeX8, BibTeXu, pBibTeX, upBibTeX\n-   Graphics Creation — Asymptote, MetaPost\n-   Image/File Conversion — dvipdfm, dvipdfmx, dvips, dvisvgm, epstopdf, pdf2ps,\n    ps2pdf\n-   Indexing/Glossaries — bib2gls, makeglossaries, makeindex, mendex,\n    splitindex, texindy, upmendex\n-   LaTeX Engines — LaTeX, LuaLaTeX, pdfLaTeX, pLaTeX, upLaTeX, XeLaTeX\n-   Literate Programming/Reproducible Research — Agda, knitr, lhs2TeX,\n    patchSynctex, PythonTeX, Pweave, SageTeX\n\nMore information, including installation and API documentation is available at\nthe [DiCy][] website.\n\n## License\n\nThis project is licensed under the MIT License - see the LICENSE.md file for\ndetails.\n\n[appveyor svg]: https://ci.appveyor.com/api/projects/status/s3unjr8c90bhcd99?svg=true\n\n[appveyor]: https://ci.appveyor.com/project/yitzchak/dicy/branch/master\n\n[dependency svg]: https://david-dm.org/yitzchak/dicy.svg?path=packages%2Ftypes\n\n[dependency]: https://david-dm.org/yitzchak/dicy?path=packages%2Ftypes\n\n[devdependency svg]: https://david-dm.org/yitzchak/dicy/dev-status.svg?path=packages%2Ftypes\n\n[devdependency]: https://david-dm.org/yitzchak/dicy?type=dev&path=packages%2Ftypes\n\n[dicy]: https://yitzchak.github.io/dicy/\n\n[travis svg]: https://travis-ci.org/yitzchak/dicy.svg?branch=master\n\n[travis]: https://travis-ci.org/yitzchak/dicy\n","maintainers":[{"name":"yitzchak","email":"twburton@gmail.com"}],"time":{"modified":"2018-03-14T10:08:48.711Z","created":"2017-11-19T00:17:21.915Z","0.12.0-pre.0":"2017-11-19T00:17:21.915Z","0.12.0":"2017-11-26T01:53:49.131Z","0.12.2":"2017-12-02T15:08:07.742Z","0.12.3":"2017-12-10T13:13:39.773Z","0.13.0":"2018-03-14T10:08:48.238Z"},"homepage":"https://yitzchak.github.io/dicy/","keywords":["latex","knitr","sage","biblatex"],"repository":{"type":"git","url":"git+https://github.com/yitzchak/dicy.git"},"contributors":[],"author":{"name":"Tarn Burton","email":"twburton@gmail.com"},"bugs":{"url":"https://github.com/yitzchak/dicy/issues"},"license":"MIT","readmeFilename":"README.md","_attachments":{},"_etag":"W/\"9bb25e8f96b9f8d381bd2a3d445b30aa\"","_lastModified":"Wed, 14 Mar 2018 10:08:49 GMT"}