{"_id":"sax","_rev":"142-7fd49661dd17cf5832b8a28ee0991a97","name":"sax","dist-tags":{"latest":"1.2.4","false":"0.4.0"},"versions":{"0.1.0":{"name":"sax","author":{"name":"Isaac Z. Schlueter","email":"i@izs.me"},"version":"0.1.0","main":"lib/sax","scripts":{"test":"node test/index.js"},"_id":"sax@0.1.0","engines":{"node":"*"},"_nodeSupported":true,"_npmVersion":"0.2.7-2","_nodeVersion":"v0.3.1-pre","dist":{"tarball":"https://registry.npmjs.org/sax/-/sax-0.1.0.tgz","shasum":"eda2e16460d518b917dcd23b78e26f57e7c66810"},"directories":{}},"0.1.1":{"name":"sax","author":{"name":"Isaac Z. Schlueter","email":"i@izs.me"},"version":"0.1.1","main":"lib/sax","license":"MIT","scripts":{"test":"node test/index.js"},"_id":"sax@0.1.1","engines":{"node":"*"},"_nodeSupported":true,"_npmVersion":"0.2.7-2","_nodeVersion":"v0.3.1-pre","dist":{"tarball":"https://registry.npmjs.org/sax/-/sax-0.1.1.tgz","shasum":"8fbfda000c2d03f6ab946d6acbbfca13ff7f32bf"},"directories":{}},"0.1.2":{"name":"sax","author":{"name":"Isaac Z. Schlueter","email":"i@izs.me"},"version":"0.1.2","main":"lib/sax","license":"MIT","scripts":{"test":"node test/index.js"},"_id":"sax@0.1.2","engines":{"node":"*"},"_engineSupported":true,"_npmVersion":"0.3.0","_nodeVersion":"v0.4.0-pre","directories":{"lib":"./lib"},"files":[""],"_defaultsLoaded":true,"dist":{"shasum":"781a6a19c3475563aa03da4ce37ccb8b3113d61a","tarball":"https://registry.npmjs.org/sax/-/sax-0.1.2.tgz"}},"0.1.3":{"name":"sax","author":{"name":"Isaac Z. Schlueter","email":"i@izs.me"},"version":"0.1.3","main":"lib/sax","license":"MIT","scripts":{"test":"node test/index.js"},"_id":"sax@0.1.3","dependencies":{},"devDependencies":{},"engines":{"node":"*"},"_engineSupported":true,"_npmVersion":"1.0.10","_nodeVersion":"v0.5.0-pre","_defaultsLoaded":true,"dist":{"shasum":"f06bbbfc11947497fd1e354e963eeb07ac52992c","tarball":"https://registry.npmjs.org/sax/-/sax-0.1.3.tgz"},"directories":{}},"0.1.4":{"name":"sax","author":{"name":"Isaac Z. Schlueter","email":"i@izs.me"},"version":"0.1.4","main":"lib/sax","license":"MIT","scripts":{"test":"node test/index.js"},"_npmJsonOpts":{"file":"/Users/isaacs/.npm/sax/0.1.4/package/package.json","wscript":false,"contributors":false,"serverjs":false},"_id":"sax@0.1.4","dependencies":{},"devDependencies":{},"engines":{"node":"*"},"_engineSupported":true,"_npmVersion":"1.0.13","_nodeVersion":"v0.5.0-pre","_defaultsLoaded":true,"dist":{"shasum":"32bdddfe10ed1f1635f26306d7f304666a8841f7","tarball":"https://registry.npmjs.org/sax/-/sax-0.1.4.tgz"},"directories":{}},"0.1.5":{"name":"sax","author":{"name":"Isaac Z. Schlueter","email":"i@izs.me"},"version":"0.1.5","main":"lib/sax","license":"MIT","scripts":{"test":"node test/index.js"},"_npmJsonOpts":{"file":"/Users/isaacs/.npm/sax/0.1.5/package/package.json","wscript":false,"contributors":false,"serverjs":false},"_id":"sax@0.1.5","dependencies":{},"devDependencies":{},"engines":{"node":"*"},"_engineSupported":true,"_npmVersion":"1.0.15","_nodeVersion":"v0.4.10-pre","_defaultsLoaded":true,"dist":{"shasum":"d1829a6120fa01665eb4dbff6c43f29fd6d61471","tarball":"https://registry.npmjs.org/sax/-/sax-0.1.5.tgz"},"directories":{}},"0.2.0":{"name":"sax","author":{"name":"Isaac Z. Schlueter","email":"i@izs.me"},"version":"0.2.0","main":"lib/sax","license":"MIT","scripts":{"test":"node test/index.js"},"_npmJsonOpts":{"file":"/Users/isaacs/.npm/sax/0.2.0/package/package.json","wscript":false,"contributors":false,"serverjs":false},"_id":"sax@0.2.0","dependencies":{},"devDependencies":{},"engines":{"node":"*"},"_engineSupported":true,"_npmVersion":"1.0.18","_nodeVersion":"v0.4.10-pre","_defaultsLoaded":true,"dist":{"shasum":"f3f0088400db13a618f81b5abc9a361b5355d60e","tarball":"https://registry.npmjs.org/sax/-/sax-0.2.0.tgz"},"directories":{}},"0.2.1":{"name":"sax","author":{"name":"Isaac Z. Schlueter","email":"i@izs.me"},"version":"0.2.1","main":"lib/sax","license":"MIT","scripts":{"test":"node test/index.js"},"_npmJsonOpts":{"file":"/Users/isaacs/.npm/sax/0.2.1/package/package.json","wscript":false,"contributors":false,"serverjs":false},"_id":"sax@0.2.1","dependencies":{},"devDependencies":{},"engines":{"node":"*"},"_engineSupported":true,"_npmVersion":"1.0.18","_nodeVersion":"v0.4.10-pre","_defaultsLoaded":true,"dist":{"shasum":"817de986952fbc0213cf2602970919d3cb958f1f","tarball":"https://registry.npmjs.org/sax/-/sax-0.2.1.tgz"},"directories":{}},"0.2.2":{"name":"sax","author":{"name":"Isaac Z. Schlueter","email":"i@izs.me"},"version":"0.2.2","main":"lib/sax","license":"MIT","scripts":{"test":"node test/index.js"},"_npmJsonOpts":{"file":"/Users/isaacs/.npm/sax/0.2.2/package/package.json","wscript":false,"contributors":false,"serverjs":false},"_id":"sax@0.2.2","dependencies":{},"devDependencies":{},"engines":{"node":"*"},"_engineSupported":true,"_npmVersion":"1.0.18","_nodeVersion":"v0.4.10-pre","_defaultsLoaded":true,"dist":{"shasum":"14b2ae3579988681809918a995a737bc2ca0a843","tarball":"https://registry.npmjs.org/sax/-/sax-0.2.2.tgz"},"directories":{}},"0.2.3":{"name":"sax","author":{"name":"Isaac Z. Schlueter","email":"i@izs.me"},"version":"0.2.3","main":"lib/sax","license":"MIT","scripts":{"test":"node test/index.js"},"_npmJsonOpts":{"file":"/Users/isaacs/.npm/sax/0.2.3/package/package.json","wscript":false,"contributors":false,"serverjs":false},"_id":"sax@0.2.3","dependencies":{},"devDependencies":{},"engines":{"node":"*"},"_engineSupported":true,"_npmVersion":"1.0.22","_nodeVersion":"v0.4.10-pre","_defaultsLoaded":true,"dist":{"shasum":"bf474651670d0d0dcfcfc4b2a5f83d5e43dc8ea1","tarball":"https://registry.npmjs.org/sax/-/sax-0.2.3.tgz"},"maintainers":[{"name":"isaacs","email":"i@izs.me"}],"directories":{}},"0.2.4":{"name":"sax","description":"An evented streaming XML parser in JavaScript","author":{"name":"Isaac Z. Schlueter","email":"i@izs.me"},"version":"0.2.4","main":"lib/sax","license":"MIT","scripts":{"test":"node test/index.js"},"_npmJsonOpts":{"file":"/Users/isaacs/.npm/sax/0.2.4/package/package.json","wscript":false,"serverjs":false,"contributors":["Isaac Z. Schlueter <i@izs.me>","Stein Martin Hustad <stein@hustad.com>","Mikeal Rogers <mikeal.rogers@gmail.com>","Laurie Harper <laurie@holoweb.net>","Jann Horn <jann@Jann-PC.fritz.box>","Elijah Insua <tmpvar@gmail.com>","Henry Rawas <henryr@schakra.com>"]},"_id":"sax@0.2.4","contributors":[{"name":"Isaac Z. Schlueter","email":"i@izs.me"},{"name":"Stein Martin Hustad","email":"stein@hustad.com"},{"name":"Mikeal Rogers","email":"mikeal.rogers@gmail.com"},{"name":"Laurie Harper","email":"laurie@holoweb.net"},{"name":"Jann Horn","email":"jann@Jann-PC.fritz.box"},{"name":"Elijah Insua","email":"tmpvar@gmail.com"},{"name":"Henry Rawas","email":"henryr@schakra.com"}],"dependencies":{},"devDependencies":{},"engines":{"node":"*"},"_engineSupported":true,"_npmVersion":"1.0.30","_nodeVersion":"v0.5.7-pre","_defaultsLoaded":true,"dist":{"shasum":"f8ea0da594d1580e601b46c606981ffb0045da13","tarball":"https://registry.npmjs.org/sax/-/sax-0.2.4.tgz"},"maintainers":[{"name":"isaacs","email":"i@izs.me"}],"directories":{}},"0.2.5":{"name":"sax","description":"An evented streaming XML parser in JavaScript","author":{"name":"Isaac Z. Schlueter","email":"i@izs.me"},"version":"0.2.5","main":"lib/sax","license":"MIT","scripts":{"test":"node test/index.js"},"_npmUser":{"name":"isaacs","email":"i@izs.me"},"_id":"sax@0.2.5","contributors":[{"name":"Isaac Z. Schlueter","email":"i@izs.me"},{"name":"Stein Martin Hustad","email":"stein@hustad.com"},{"name":"Mikeal Rogers","email":"mikeal.rogers@gmail.com"},{"name":"Laurie Harper","email":"laurie@holoweb.net"},{"name":"Jann Horn","email":"jann@Jann-PC.fritz.box"},{"name":"Elijah Insua","email":"tmpvar@gmail.com"},{"name":"Henry Rawas","email":"henryr@schakra.com"},{"name":"Justin Makeig","email":"jmpublic@makeig.com"}],"dependencies":{},"devDependencies":{},"engines":{"node":"*"},"_engineSupported":true,"_npmVersion":"1.0.94","_nodeVersion":"v0.4.12","_defaultsLoaded":true,"dist":{"shasum":"52f0ec9d1ad844d71b0d8ada4ae73af4fe2ce34c","tarball":"https://registry.npmjs.org/sax/-/sax-0.2.5.tgz"},"maintainers":[{"name":"isaacs","email":"i@izs.me"}],"directories":{}},"0.3.0":{"name":"sax","description":"An evented streaming XML parser in JavaScript","author":{"name":"Isaac Z. Schlueter","email":"i@izs.me"},"version":"0.3.0","main":"lib/sax","license":"MIT","scripts":{"test":"node test/index.js"},"_npmUser":{"name":"isaacs","email":"i@izs.me"},"_id":"sax@0.3.0","contributors":[{"name":"Isaac Z. Schlueter","email":"i@izs.me"},{"name":"Stein Martin Hustad","email":"stein@hustad.com"},{"name":"Mikeal Rogers","email":"mikeal.rogers@gmail.com"},{"name":"Laurie Harper","email":"laurie@holoweb.net"},{"name":"Jann Horn","email":"jann@Jann-PC.fritz.box"},{"name":"Elijah Insua","email":"tmpvar@gmail.com"},{"name":"Henry Rawas","email":"henryr@schakra.com"},{"name":"Justin Makeig","email":"jmpublic@makeig.com"}],"dependencies":{},"devDependencies":{},"engines":{"node":"*"},"_engineSupported":true,"_npmVersion":"1.0.99","_nodeVersion":"v0.5.10-pre","_defaultsLoaded":true,"dist":{"shasum":"6ae2527801d4b1e9fc3ad4ea22419bf2ae4e73ab","tarball":"https://registry.npmjs.org/sax/-/sax-0.3.0.tgz"},"maintainers":[{"name":"isaacs","email":"i@izs.me"}],"directories":{}},"0.3.1":{"name":"sax","description":"An evented streaming XML parser in JavaScript","author":{"name":"Isaac Z. Schlueter","email":"i@izs.me"},"version":"0.3.1","main":"lib/sax","license":"MIT","scripts":{"test":"node test/index.js"},"_npmUser":{"name":"isaacs","email":"i@izs.me"},"_id":"sax@0.3.1","contributors":[{"name":"Isaac Z. Schlueter","email":"i@izs.me"},{"name":"Stein Martin Hustad","email":"stein@hustad.com"},{"name":"Mikeal Rogers","email":"mikeal.rogers@gmail.com"},{"name":"Laurie Harper","email":"laurie@holoweb.net"},{"name":"Jann Horn","email":"jann@Jann-PC.fritz.box"},{"name":"Elijah Insua","email":"tmpvar@gmail.com"},{"name":"Henry Rawas","email":"henryr@schakra.com"},{"name":"Justin Makeig","email":"jmpublic@makeig.com"}],"dependencies":{},"devDependencies":{},"engines":{"node":"*"},"_engineSupported":true,"_npmVersion":"1.0.100","_nodeVersion":"v0.5.10-pre","_defaultsLoaded":true,"dist":{"shasum":"aa504752f25fb6bec4f6355647eb6dfd59c311d3","tarball":"https://registry.npmjs.org/sax/-/sax-0.3.1.tgz"},"maintainers":[{"name":"isaacs","email":"i@izs.me"}],"directories":{}},"0.3.2":{"name":"sax","description":"An evented streaming XML parser in JavaScript","author":{"name":"Isaac Z. Schlueter","email":"i@izs.me"},"version":"0.3.2","main":"lib/sax","license":{"type":"MIT","url":"https://raw.github.com/isaacs/sax-js/master/LICENSE"},"scripts":{"test":"node test/index.js"},"repository":{"type":"git","url":"git://github.com/isaacs/sax-js.git"},"_npmUser":{"name":"isaacs","email":"i@izs.me"},"_id":"sax@0.3.2","contributors":[{"name":"Isaac Z. Schlueter","email":"i@izs.me"},{"name":"Stein Martin Hustad","email":"stein@hustad.com"},{"name":"Mikeal Rogers","email":"mikeal.rogers@gmail.com"},{"name":"Laurie Harper","email":"laurie@holoweb.net"},{"name":"Jann Horn","email":"jann@Jann-PC.fritz.box"},{"name":"Elijah Insua","email":"tmpvar@gmail.com"},{"name":"Henry Rawas","email":"henryr@schakra.com"},{"name":"Justin Makeig","email":"jmpublic@makeig.com"}],"dependencies":{},"devDependencies":{},"engines":{"node":"*"},"_engineSupported":true,"_npmVersion":"1.0.101","_nodeVersion":"v0.5.10-pre","_defaultsLoaded":true,"dist":{"shasum":"111f2ea7d78fed4228c38b8f0a9b7d203a97f168","tarball":"https://registry.npmjs.org/sax/-/sax-0.3.2.tgz"},"maintainers":[{"name":"isaacs","email":"i@izs.me"}],"directories":{}},"0.3.3":{"name":"sax","description":"An evented streaming XML parser in JavaScript","author":{"name":"Isaac Z. Schlueter","email":"i@izs.me","url":"http://blog.izs.me/"},"version":"0.3.3","main":"lib/sax.js","license":{"type":"MIT","url":"https://raw.github.com/isaacs/sax-js/master/LICENSE"},"scripts":{"test":"node test/index.js"},"repository":{"type":"git","url":"git://github.com/isaacs/sax-js.git"},"_npmUser":{"name":"isaacs","email":"i@izs.me"},"_id":"sax@0.3.3","contributors":[{"name":"Isaac Z. Schlueter","email":"i@izs.me"},{"name":"Stein Martin Hustad","email":"stein@hustad.com"},{"name":"Mikeal Rogers","email":"mikeal.rogers@gmail.com"},{"name":"Laurie Harper","email":"laurie@holoweb.net"},{"name":"Jann Horn","email":"jann@Jann-PC.fritz.box"},{"name":"Elijah Insua","email":"tmpvar@gmail.com"},{"name":"Henry Rawas","email":"henryr@schakra.com"},{"name":"Justin Makeig","email":"jmpublic@makeig.com"}],"dependencies":{},"devDependencies":{},"engines":{"node":"*"},"_engineSupported":true,"_npmVersion":"1.0.105","_nodeVersion":"v0.6.1-pre","_defaultsLoaded":true,"dist":{"shasum":"e9228a36fee4819d0e57db18917c0eb7864db2aa","tarball":"https://registry.npmjs.org/sax/-/sax-0.3.3.tgz"},"maintainers":[{"name":"isaacs","email":"i@izs.me"}],"directories":{}},"0.3.4":{"name":"sax","description":"An evented streaming XML parser in JavaScript","author":{"name":"Isaac Z. Schlueter","email":"i@izs.me","url":"http://blog.izs.me/"},"version":"0.3.4","main":"lib/sax.js","license":{"type":"MIT","url":"https://raw.github.com/isaacs/sax-js/master/LICENSE"},"scripts":{"test":"node test/index.js"},"repository":{"type":"git","url":"git://github.com/isaacs/sax-js.git"},"_npmUser":{"name":"isaacs","email":"i@izs.me"},"_id":"sax@0.3.4","contributors":[{"name":"Isaac Z. Schlueter","email":"i@izs.me"},{"name":"Stein Martin Hustad","email":"stein@hustad.com"},{"name":"Mikeal Rogers","email":"mikeal.rogers@gmail.com"},{"name":"Laurie Harper","email":"laurie@holoweb.net"},{"name":"Jann Horn","email":"jann@Jann-PC.fritz.box"},{"name":"Elijah Insua","email":"tmpvar@gmail.com"},{"name":"Henry Rawas","email":"henryr@schakra.com"},{"name":"Justin Makeig","email":"jmpublic@makeig.com"}],"dependencies":{},"devDependencies":{},"engines":{"node":"*"},"_engineSupported":true,"_npmVersion":"1.1.0-alpha-6","_nodeVersion":"v0.6.4","_defaultsLoaded":true,"dist":{"shasum":"3689cd4862c6807d844e9bacacdf816cbde322fe","tarball":"https://registry.npmjs.org/sax/-/sax-0.3.4.tgz"},"maintainers":[{"name":"isaacs","email":"i@izs.me"}],"directories":{}},"0.3.5":{"name":"sax","description":"An evented streaming XML parser in JavaScript","author":{"name":"Isaac Z. Schlueter","email":"i@izs.me","url":"http://blog.izs.me/"},"version":"0.3.5","main":"lib/sax.js","license":{"type":"MIT","url":"https://raw.github.com/isaacs/sax-js/master/LICENSE"},"scripts":{"test":"node test/index.js"},"repository":{"type":"git","url":"git://github.com/isaacs/sax-js.git"},"_npmUser":{"name":"isaacs","email":"i@izs.me"},"_id":"sax@0.3.5","contributors":[{"name":"Isaac Z. Schlueter","email":"i@izs.me"},{"name":"Stein Martin Hustad","email":"stein@hustad.com"},{"name":"Mikeal Rogers","email":"mikeal.rogers@gmail.com"},{"name":"Laurie Harper","email":"laurie@holoweb.net"},{"name":"Jann Horn","email":"jann@Jann-PC.fritz.box"},{"name":"Elijah Insua","email":"tmpvar@gmail.com"},{"name":"Henry Rawas","email":"henryr@schakra.com"},{"name":"Justin Makeig","email":"jmpublic@makeig.com"}],"dependencies":{},"devDependencies":{},"engines":{"node":"*"},"_engineSupported":true,"_npmVersion":"1.1.0-beta-7","_nodeVersion":"v0.6.7-pre","_defaultsLoaded":true,"dist":{"shasum":"88fcfc1f73c0c8bbd5b7c776b6d3f3501eed073d","tarball":"https://registry.npmjs.org/sax/-/sax-0.3.5.tgz"},"maintainers":[{"name":"isaacs","email":"i@izs.me"}],"directories":{}},"0.4.1":{"name":"sax","description":"An evented streaming XML parser in JavaScript","author":{"name":"Isaac Z. Schlueter","email":"i@izs.me","url":"http://blog.izs.me/"},"version":"0.4.1","main":"lib/sax.js","license":{"type":"MIT","url":"https://raw.github.com/isaacs/sax-js/master/LICENSE"},"scripts":{"test":"node test/index.js"},"repository":{"type":"git","url":"git://github.com/isaacs/sax-js.git"},"contributors":[{"name":"Isaac Z. Schlueter","email":"i@izs.me"},{"name":"Stein Martin Hustad","email":"stein@hustad.com"},{"name":"Mikeal Rogers","email":"mikeal.rogers@gmail.com"},{"name":"Laurie Harper","email":"laurie@holoweb.net"},{"name":"Jann Horn","email":"jann@Jann-PC.fritz.box"},{"name":"Elijah Insua","email":"tmpvar@gmail.com"},{"name":"Henry Rawas","email":"henryr@schakra.com"},{"name":"Justin Makeig","email":"jmpublic@makeig.com"}],"_id":"sax@0.4.1","dist":{"shasum":"424344ac8b8bf03ee14cf3ea1e5883858fb11318","tarball":"https://registry.npmjs.org/sax/-/sax-0.4.1.tgz"},"maintainers":[{"name":"isaacs","email":"i@izs.me"}],"directories":{}},"0.4.0":{"name":"sax","description":"An evented streaming XML parser in JavaScript","author":{"name":"Isaac Z. Schlueter","email":"i@izs.me","url":"http://blog.izs.me/"},"version":"0.4.0","main":"lib/sax.js","license":{"type":"MIT","url":"https://raw.github.com/isaacs/sax-js/master/LICENSE"},"scripts":{"test":"node test/index.js"},"repository":{"type":"git","url":"git://github.com/isaacs/sax-js.git"},"contributors":[{"name":"Isaac Z. Schlueter","email":"i@izs.me"},{"name":"Stein Martin Hustad","email":"stein@hustad.com"},{"name":"Mikeal Rogers","email":"mikeal.rogers@gmail.com"},{"name":"Laurie Harper","email":"laurie@holoweb.net"},{"name":"Jann Horn","email":"jann@Jann-PC.fritz.box"},{"name":"Elijah Insua","email":"tmpvar@gmail.com"},{"name":"Henry Rawas","email":"henryr@schakra.com"},{"name":"Justin Makeig","email":"jmpublic@makeig.com"}],"_id":"sax@0.4.0","dist":{"shasum":"25dbcfa3ad15058152887ef5cf615e6d09ac6ec1","tarball":"https://registry.npmjs.org/sax/-/sax-0.4.0.tgz"},"maintainers":[{"name":"isaacs","email":"i@izs.me"}],"directories":{}},"0.4.2":{"name":"sax","description":"An evented streaming XML parser in JavaScript","author":{"name":"Isaac Z. Schlueter","email":"i@izs.me","url":"http://blog.izs.me/"},"version":"0.4.2","main":"lib/sax.js","license":{"type":"MIT","url":"https://raw.github.com/isaacs/sax-js/master/LICENSE"},"scripts":{"test":"node test/index.js"},"repository":{"type":"git","url":"git://github.com/isaacs/sax-js.git"},"contributors":[{"name":"Isaac Z. Schlueter","email":"i@izs.me"},{"name":"Stein Martin Hustad","email":"stein@hustad.com"},{"name":"Mikeal Rogers","email":"mikeal.rogers@gmail.com"},{"name":"Laurie Harper","email":"laurie@holoweb.net"},{"name":"Jann Horn","email":"jann@Jann-PC.fritz.box"},{"name":"Elijah Insua","email":"tmpvar@gmail.com"},{"name":"Henry Rawas","email":"henryr@schakra.com"},{"name":"Justin Makeig","email":"jmpublic@makeig.com"},{"name":"Mike","email":"mike@emotive.com"}],"_id":"sax@0.4.2","dist":{"shasum":"39f3b601733d6bec97105b242a2a40fd6978ac3c","tarball":"https://registry.npmjs.org/sax/-/sax-0.4.2.tgz"},"maintainers":[{"name":"isaacs","email":"i@izs.me"}],"directories":{}},"0.4.3":{"name":"sax","description":"An evented streaming XML parser in JavaScript","author":{"name":"Isaac Z. Schlueter","email":"i@izs.me","url":"http://blog.izs.me/"},"version":"0.4.3","main":"lib/sax.js","license":{"type":"MIT","url":"https://raw.github.com/isaacs/sax-js/master/LICENSE"},"scripts":{"test":"node test/index.js"},"repository":{"type":"git","url":"git://github.com/isaacs/sax-js.git"},"contributors":[{"name":"Isaac Z. Schlueter","email":"i@izs.me"},{"name":"Stein Martin Hustad","email":"stein@hustad.com"},{"name":"Mikeal Rogers","email":"mikeal.rogers@gmail.com"},{"name":"Laurie Harper","email":"laurie@holoweb.net"},{"name":"Jann Horn","email":"jann@Jann-PC.fritz.box"},{"name":"Elijah Insua","email":"tmpvar@gmail.com"},{"name":"Henry Rawas","email":"henryr@schakra.com"},{"name":"Justin Makeig","email":"jmpublic@makeig.com"},{"name":"Mike Schilling","email":"mike@emotive.com"}],"_id":"sax@0.4.3","dist":{"shasum":"700e3a34eb2e792ce380791c71280f3731965ddc","tarball":"https://registry.npmjs.org/sax/-/sax-0.4.3.tgz"},"_npmVersion":"1.1.70","_npmUser":{"name":"isaacs","email":"i@izs.me"},"maintainers":[{"name":"isaacs","email":"i@izs.me"}],"directories":{}},"0.5.0":{"name":"sax","description":"An evented streaming XML parser in JavaScript","author":{"name":"Isaac Z. Schlueter","email":"i@izs.me","url":"http://blog.izs.me/"},"version":"0.5.0","main":"lib/sax.js","license":{"type":"MIT","url":"https://raw.github.com/isaacs/sax-js/master/LICENSE"},"scripts":{"test":"node test/index.js"},"repository":{"type":"git","url":"git://github.com/isaacs/sax-js.git"},"contributors":[{"name":"Isaac Z. Schlueter","email":"i@izs.me"},{"name":"Stein Martin Hustad","email":"stein@hustad.com"},{"name":"Mikeal Rogers","email":"mikeal.rogers@gmail.com"},{"name":"Laurie Harper","email":"laurie@holoweb.net"},{"name":"Jann Horn","email":"jann@Jann-PC.fritz.box"},{"name":"Elijah Insua","email":"tmpvar@gmail.com"},{"name":"Henry Rawas","email":"henryr@schakra.com"},{"name":"Justin Makeig","email":"jmpublic@makeig.com"},{"name":"Mike Schilling","email":"mike@emotive.com"}],"_id":"sax@0.5.0","dist":{"shasum":"dfe3f476a2076ca1a8be1bd1d9efb2df264158a4","tarball":"https://registry.npmjs.org/sax/-/sax-0.5.0.tgz"},"_npmVersion":"1.1.70","_npmUser":{"name":"isaacs","email":"i@izs.me"},"maintainers":[{"name":"isaacs","email":"i@izs.me"}],"directories":{}},"0.5.1":{"name":"sax","description":"An evented streaming XML parser in JavaScript","author":{"name":"Isaac Z. Schlueter","email":"i@izs.me","url":"http://blog.izs.me/"},"version":"0.5.1","main":"lib/sax.js","license":{"type":"MIT","url":"https://raw.github.com/isaacs/sax-js/master/LICENSE"},"scripts":{"test":"node test/index.js"},"repository":{"type":"git","url":"git://github.com/isaacs/sax-js.git"},"contributors":[{"name":"Isaac Z. Schlueter","email":"i@izs.me"},{"name":"Stein Martin Hustad","email":"stein@hustad.com"},{"name":"Mikeal Rogers","email":"mikeal.rogers@gmail.com"},{"name":"Laurie Harper","email":"laurie@holoweb.net"},{"name":"Jann Horn","email":"jann@Jann-PC.fritz.box"},{"name":"Elijah Insua","email":"tmpvar@gmail.com"},{"name":"Henry Rawas","email":"henryr@schakra.com"},{"name":"Justin Makeig","email":"jmpublic@makeig.com"},{"name":"Mike Schilling","email":"mike@emotive.com"}],"_id":"sax@0.5.1","dist":{"shasum":"920206438bd102f2f4fe2594ecd1b962907bb733","tarball":"https://registry.npmjs.org/sax/-/sax-0.5.1.tgz"},"_npmVersion":"1.1.70","_npmUser":{"name":"isaacs","email":"i@izs.me"},"maintainers":[{"name":"isaacs","email":"i@izs.me"}],"directories":{}},"0.5.2":{"name":"sax","description":"An evented streaming XML parser in JavaScript","author":{"name":"Isaac Z. Schlueter","email":"i@izs.me","url":"http://blog.izs.me/"},"version":"0.5.2","main":"lib/sax.js","license":"BSD","scripts":{"test":"node test/index.js"},"repository":{"type":"git","url":"git://github.com/isaacs/sax-js.git"},"contributors":[{"name":"Isaac Z. Schlueter","email":"i@izs.me"},{"name":"Stein Martin Hustad","email":"stein@hustad.com"},{"name":"Mikeal Rogers","email":"mikeal.rogers@gmail.com"},{"name":"Laurie Harper","email":"laurie@holoweb.net"},{"name":"Jann Horn","email":"jann@Jann-PC.fritz.box"},{"name":"Elijah Insua","email":"tmpvar@gmail.com"},{"name":"Henry Rawas","email":"henryr@schakra.com"},{"name":"Justin Makeig","email":"jmpublic@makeig.com"},{"name":"Mike Schilling","email":"mike@emotive.com"}],"_id":"sax@0.5.2","dist":{"shasum":"735ffaa39a1cff8ffb9598f0223abdb03a9fb2ea","tarball":"https://registry.npmjs.org/sax/-/sax-0.5.2.tgz"},"_from":".","_npmVersion":"1.2.12","_npmUser":{"name":"isaacs","email":"i@izs.me"},"maintainers":[{"name":"isaacs","email":"i@izs.me"}],"directories":{}},"0.5.3":{"name":"sax","description":"An evented streaming XML parser in JavaScript","author":{"name":"Isaac Z. Schlueter","email":"i@izs.me","url":"http://blog.izs.me/"},"version":"0.5.3","main":"lib/sax.js","license":"BSD","scripts":{"test":"node test/index.js"},"repository":{"type":"git","url":"git://github.com/isaacs/sax-js.git"},"contributors":[{"name":"Isaac Z. Schlueter","email":"i@izs.me"},{"name":"Stein Martin Hustad","email":"stein@hustad.com"},{"name":"Mikeal Rogers","email":"mikeal.rogers@gmail.com"},{"name":"Laurie Harper","email":"laurie@holoweb.net"},{"name":"Jann Horn","email":"jann@Jann-PC.fritz.box"},{"name":"Elijah Insua","email":"tmpvar@gmail.com"},{"name":"Henry Rawas","email":"henryr@schakra.com"},{"name":"Justin Makeig","email":"jmpublic@makeig.com"},{"name":"Mike Schilling","email":"mike@emotive.com"}],"_id":"sax@0.5.3","dist":{"shasum":"3773714a0d9157caaa7302971efa5c6dcda552d6","tarball":"https://registry.npmjs.org/sax/-/sax-0.5.3.tgz"},"_from":".","_npmVersion":"1.2.18","_npmUser":{"name":"isaacs","email":"i@izs.me"},"maintainers":[{"name":"isaacs","email":"i@izs.me"}],"directories":{}},"0.5.4":{"name":"sax","description":"An evented streaming XML parser in JavaScript","author":{"name":"Isaac Z. Schlueter","email":"i@izs.me","url":"http://blog.izs.me/"},"version":"0.5.4","main":"lib/sax.js","license":"BSD","scripts":{"test":"node test/index.js"},"repository":{"type":"git","url":"git://github.com/isaacs/sax-js.git"},"contributors":[{"name":"Isaac Z. Schlueter","email":"i@izs.me"},{"name":"Stein Martin Hustad","email":"stein@hustad.com"},{"name":"Mikeal Rogers","email":"mikeal.rogers@gmail.com"},{"name":"Laurie Harper","email":"laurie@holoweb.net"},{"name":"Jann Horn","email":"jann@Jann-PC.fritz.box"},{"name":"Elijah Insua","email":"tmpvar@gmail.com"},{"name":"Henry Rawas","email":"henryr@schakra.com"},{"name":"Justin Makeig","email":"jmpublic@makeig.com"},{"name":"Mike Schilling","email":"mike@emotive.com"}],"_id":"sax@0.5.4","dist":{"shasum":"a3a4e1a9cf182bb547156c5232a49a1c3732ff7d","tarball":"https://registry.npmjs.org/sax/-/sax-0.5.4.tgz"},"_from":".","_npmVersion":"1.2.18","_npmUser":{"name":"isaacs","email":"i@izs.me"},"maintainers":[{"name":"isaacs","email":"i@izs.me"}],"directories":{}},"0.5.5":{"name":"sax","description":"An evented streaming XML parser in JavaScript","author":{"name":"Isaac Z. Schlueter","email":"i@izs.me","url":"http://blog.izs.me/"},"version":"0.5.5","main":"lib/sax.js","license":"BSD","scripts":{"test":"node test/index.js"},"repository":{"type":"git","url":"git://github.com/isaacs/sax-js.git"},"contributors":[{"name":"Isaac Z. Schlueter","email":"i@izs.me"},{"name":"Stein Martin Hustad","email":"stein@hustad.com"},{"name":"Mikeal Rogers","email":"mikeal.rogers@gmail.com"},{"name":"Laurie Harper","email":"laurie@holoweb.net"},{"name":"Jann Horn","email":"jann@Jann-PC.fritz.box"},{"name":"Elijah Insua","email":"tmpvar@gmail.com"},{"name":"Henry Rawas","email":"henryr@schakra.com"},{"name":"Justin Makeig","email":"jmpublic@makeig.com"},{"name":"Mike Schilling","email":"mike@emotive.com"}],"bugs":{"url":"https://github.com/isaacs/sax-js/issues"},"_id":"sax@0.5.5","dist":{"shasum":"b1ec13d77397248d059bcc18bb9530d8210bb5d3","tarball":"https://registry.npmjs.org/sax/-/sax-0.5.5.tgz"},"_from":".","_npmVersion":"1.3.8","_npmUser":{"name":"isaacs","email":"i@izs.me"},"maintainers":[{"name":"isaacs","email":"i@izs.me"}],"directories":{}},"0.5.6":{"name":"sax","description":"An evented streaming XML parser in JavaScript","author":{"name":"Isaac Z. Schlueter","email":"i@izs.me","url":"http://blog.izs.me/"},"version":"0.5.6","main":"lib/sax.js","license":"BSD","scripts":{"test":"node test/index.js"},"repository":{"type":"git","url":"git://github.com/isaacs/sax-js.git"},"contributors":[{"name":"Isaac Z. Schlueter","email":"i@izs.me"},{"name":"Stein Martin Hustad","email":"stein@hustad.com"},{"name":"Mikeal Rogers","email":"mikeal.rogers@gmail.com"},{"name":"Laurie Harper","email":"laurie@holoweb.net"},{"name":"Jann Horn","email":"jann@Jann-PC.fritz.box"},{"name":"Elijah Insua","email":"tmpvar@gmail.com"},{"name":"Henry Rawas","email":"henryr@schakra.com"},{"name":"Justin Makeig","email":"jmpublic@makeig.com"},{"name":"Mike Schilling","email":"mike@emotive.com"}],"bugs":{"url":"https://github.com/isaacs/sax-js/issues"},"homepage":"https://github.com/isaacs/sax-js","_id":"sax@0.5.6","dist":{"shasum":"9da8f59fa7d80ea441acd4ef26d6212d23caae47","tarball":"https://registry.npmjs.org/sax/-/sax-0.5.6.tgz"},"_from":".","_npmVersion":"1.3.15","_npmUser":{"name":"isaacs","email":"i@izs.me"},"maintainers":[{"name":"isaacs","email":"i@izs.me"}],"directories":{}},"0.5.7":{"name":"sax","description":"An evented streaming XML parser in JavaScript","author":{"name":"Isaac Z. Schlueter","email":"i@izs.me","url":"http://blog.izs.me/"},"version":"0.5.7","main":"lib/sax.js","license":"BSD","scripts":{"test":"node test/index.js"},"repository":{"type":"git","url":"git://github.com/isaacs/sax-js.git"},"contributors":[{"name":"Isaac Z. Schlueter","email":"i@izs.me"},{"name":"Stein Martin Hustad","email":"stein@hustad.com"},{"name":"Mikeal Rogers","email":"mikeal.rogers@gmail.com"},{"name":"Laurie Harper","email":"laurie@holoweb.net"},{"name":"Jann Horn","email":"jann@Jann-PC.fritz.box"},{"name":"Elijah Insua","email":"tmpvar@gmail.com"},{"name":"Henry Rawas","email":"henryr@schakra.com"},{"name":"Justin Makeig","email":"jmpublic@makeig.com"},{"name":"Mike Schilling","email":"mike@emotive.com"}],"bugs":{"url":"https://github.com/isaacs/sax-js/issues"},"homepage":"https://github.com/isaacs/sax-js","_id":"sax@0.5.7","dist":{"shasum":"6b1f0fc9947ef2f2ffda8573e85899cd3269e654","tarball":"https://registry.npmjs.org/sax/-/sax-0.5.7.tgz"},"_from":".","_npmVersion":"1.3.15","_npmUser":{"name":"isaacs","email":"i@izs.me"},"maintainers":[{"name":"isaacs","email":"i@izs.me"}],"directories":{}},"0.5.8":{"name":"sax","description":"An evented streaming XML parser in JavaScript","author":{"name":"Isaac Z. Schlueter","email":"i@izs.me","url":"http://blog.izs.me/"},"version":"0.5.8","main":"lib/sax.js","license":"BSD","scripts":{"test":"node test/index.js"},"repository":{"type":"git","url":"git://github.com/isaacs/sax-js.git"},"contributors":[{"name":"Isaac Z. Schlueter","email":"i@izs.me"},{"name":"Stein Martin Hustad","email":"stein@hustad.com"},{"name":"Mikeal Rogers","email":"mikeal.rogers@gmail.com"},{"name":"Laurie Harper","email":"laurie@holoweb.net"},{"name":"Jann Horn","email":"jann@Jann-PC.fritz.box"},{"name":"Elijah Insua","email":"tmpvar@gmail.com"},{"name":"Henry Rawas","email":"henryr@schakra.com"},{"name":"Justin Makeig","email":"jmpublic@makeig.com"},{"name":"Mike Schilling","email":"mike@emotive.com"}],"bugs":{"url":"https://github.com/isaacs/sax-js/issues"},"homepage":"https://github.com/isaacs/sax-js","_id":"sax@0.5.8","dist":{"shasum":"d472db228eb331c2506b0e8c15524adb939d12c1","tarball":"https://registry.npmjs.org/sax/-/sax-0.5.8.tgz"},"_from":".","_npmVersion":"1.3.15","_npmUser":{"name":"isaacs","email":"i@izs.me"},"maintainers":[{"name":"isaacs","email":"i@izs.me"}],"directories":{}},"0.6.0":{"name":"sax","description":"An evented streaming XML parser in JavaScript","author":{"name":"Isaac Z. Schlueter","email":"i@izs.me","url":"http://blog.izs.me/"},"version":"0.6.0","main":"lib/sax.js","license":"BSD","scripts":{"test":"node test/index.js"},"repository":{"type":"git","url":"git://github.com/isaacs/sax-js.git"},"contributors":[{"name":"Isaac Z. Schlueter","email":"i@izs.me"},{"name":"Stein Martin Hustad","email":"stein@hustad.com"},{"name":"Mikeal Rogers","email":"mikeal.rogers@gmail.com"},{"name":"Laurie Harper","email":"laurie@holoweb.net"},{"name":"Jann Horn","email":"jann@Jann-PC.fritz.box"},{"name":"Elijah Insua","email":"tmpvar@gmail.com"},{"name":"Henry Rawas","email":"henryr@schakra.com"},{"name":"Justin Makeig","email":"jmpublic@makeig.com"},{"name":"Mike Schilling","email":"mike@emotive.com"}],"bugs":{"url":"https://github.com/isaacs/sax-js/issues"},"homepage":"https://github.com/isaacs/sax-js","_id":"sax@0.6.0","dist":{"shasum":"7a155519b712e3ec56f102ab984f15e15d3859f0","tarball":"https://registry.npmjs.org/sax/-/sax-0.6.0.tgz"},"_from":".","_npmVersion":"1.3.22","_npmUser":{"name":"isaacs","email":"i@izs.me"},"maintainers":[{"name":"isaacs","email":"i@izs.me"}],"directories":{}},"0.6.1":{"name":"sax","description":"An evented streaming XML parser in JavaScript","author":{"name":"Isaac Z. Schlueter","email":"i@izs.me","url":"http://blog.izs.me/"},"version":"0.6.1","main":"lib/sax.js","license":"BSD","scripts":{"test":"node test/index.js"},"repository":{"type":"git","url":"git://github.com/isaacs/sax-js.git"},"contributors":[{"name":"Isaac Z. Schlueter","email":"i@izs.me"},{"name":"Stein Martin Hustad","email":"stein@hustad.com"},{"name":"Mikeal Rogers","email":"mikeal.rogers@gmail.com"},{"name":"Laurie Harper","email":"laurie@holoweb.net"},{"name":"Jann Horn","email":"jann@Jann-PC.fritz.box"},{"name":"Elijah Insua","email":"tmpvar@gmail.com"},{"name":"Henry Rawas","email":"henryr@schakra.com"},{"name":"Justin Makeig","email":"jmpublic@makeig.com"},{"name":"Mike Schilling","email":"mike@emotive.com"}],"gitHead":"d6f66de8782a00e5f72eb1b3b13e5796eddcf121","bugs":{"url":"https://github.com/isaacs/sax-js/issues"},"homepage":"https://github.com/isaacs/sax-js","_id":"sax@0.6.1","_shasum":"563b19c7c1de892e09bfc4f2fc30e3c27f0952b9","_from":".","_npmVersion":"2.1.3","_nodeVersion":"0.10.31","_npmUser":{"name":"isaacs","email":"i@izs.me"},"maintainers":[{"name":"isaacs","email":"i@izs.me"}],"dist":{"shasum":"563b19c7c1de892e09bfc4f2fc30e3c27f0952b9","tarball":"https://registry.npmjs.org/sax/-/sax-0.6.1.tgz"},"directories":{}},"1.0.0":{"name":"sax","description":"An evented streaming XML parser in JavaScript","author":{"name":"Isaac Z. Schlueter","email":"i@izs.me","url":"http://blog.izs.me/"},"version":"1.0.0","main":"lib/sax.js","license":"BSD","scripts":{"test":"node test/index.js"},"repository":{"type":"git","url":"git://github.com/isaacs/sax-js.git"},"contributors":[{"name":"Isaac Z. Schlueter","email":"i@izs.me"},{"name":"Stein Martin Hustad","email":"stein@hustad.com"},{"name":"Mikeal Rogers","email":"mikeal.rogers@gmail.com"},{"name":"Laurie Harper","email":"laurie@holoweb.net"},{"name":"Jann Horn","email":"jann@Jann-PC.fritz.box"},{"name":"Elijah Insua","email":"tmpvar@gmail.com"},{"name":"Henry Rawas","email":"henryr@schakra.com"},{"name":"Justin Makeig","email":"jmpublic@makeig.com"},{"name":"Mike Schilling","email":"mike@emotive.com"}],"gitHead":"004da3f3fdf87b1f074e9aa4452f12ab749174e1","bugs":{"url":"https://github.com/isaacs/sax-js/issues"},"homepage":"https://github.com/isaacs/sax-js#readme","_id":"sax@1.0.0","_shasum":"b2aaee66454cd34dbbb63ae3c1d2bc60672e8d5a","_from":".","_npmVersion":"2.8.1","_nodeVersion":"1.4.2","_npmUser":{"name":"isaacs","email":"isaacs@npmjs.com"},"dist":{"shasum":"b2aaee66454cd34dbbb63ae3c1d2bc60672e8d5a","tarball":"https://registry.npmjs.org/sax/-/sax-1.0.0.tgz"},"maintainers":[{"name":"isaacs","email":"i@izs.me"}],"directories":{}},"1.1.0":{"name":"sax","description":"An evented streaming XML parser in JavaScript","author":{"name":"Isaac Z. Schlueter","email":"i@izs.me","url":"http://blog.izs.me/"},"version":"1.1.0","main":"lib/sax.js","license":"BSD","scripts":{"test":"node test/index.js"},"repository":{"type":"git","url":"git://github.com/isaacs/sax-js.git"},"contributors":[{"name":"Isaac Z. Schlueter","email":"i@izs.me"},{"name":"Stein Martin Hustad","email":"stein@hustad.com"},{"name":"Mikeal Rogers","email":"mikeal.rogers@gmail.com"},{"name":"Laurie Harper","email":"laurie@holoweb.net"},{"name":"Jann Horn","email":"jann@Jann-PC.fritz.box"},{"name":"Elijah Insua","email":"tmpvar@gmail.com"},{"name":"Henry Rawas","email":"henryr@schakra.com"},{"name":"Justin Makeig","email":"jmpublic@makeig.com"},{"name":"Mike Schilling","email":"mike@emotive.com"}],"gitHead":"8ac6e401b5bd8c9e93c0dd6a800e59be9b7373b1","bugs":{"url":"https://github.com/isaacs/sax-js/issues"},"homepage":"https://github.com/isaacs/sax-js#readme","_id":"sax@1.1.0","_shasum":"aeff8e5f60334d120bce8b20b9e57f1d8df8e590","_from":".","_npmVersion":"2.8.1","_nodeVersion":"1.4.2","_npmUser":{"name":"isaacs","email":"isaacs@npmjs.com"},"dist":{"shasum":"aeff8e5f60334d120bce8b20b9e57f1d8df8e590","tarball":"https://registry.npmjs.org/sax/-/sax-1.1.0.tgz"},"maintainers":[{"name":"isaacs","email":"i@izs.me"}],"directories":{}},"1.1.1":{"name":"sax","description":"An evented streaming XML parser in JavaScript","author":{"name":"Isaac Z. Schlueter","email":"i@izs.me","url":"http://blog.izs.me/"},"version":"1.1.1","main":"lib/sax.js","license":"ISC","scripts":{"test":"node test/index.js"},"repository":{"type":"git","url":"git://github.com/isaacs/sax-js.git"},"contributors":[{"name":"Isaac Z. Schlueter","email":"i@izs.me"},{"name":"Stein Martin Hustad","email":"stein@hustad.com"},{"name":"Mikeal Rogers","email":"mikeal.rogers@gmail.com"},{"name":"Laurie Harper","email":"laurie@holoweb.net"},{"name":"Jann Horn","email":"jann@Jann-PC.fritz.box"},{"name":"Elijah Insua","email":"tmpvar@gmail.com"},{"name":"Henry Rawas","email":"henryr@schakra.com"},{"name":"Justin Makeig","email":"jmpublic@makeig.com"},{"name":"Mike Schilling","email":"mike@emotive.com"}],"gitHead":"d5055a0ec458449c091ae47eb738c439a2688912","bugs":{"url":"https://github.com/isaacs/sax-js/issues"},"homepage":"https://github.com/isaacs/sax-js#readme","_id":"sax@1.1.1","_shasum":"f34427f9743559e269716735c01e18f0d7af1152","_from":".","_npmVersion":"2.10.0","_nodeVersion":"2.0.1","_npmUser":{"name":"isaacs","email":"isaacs@npmjs.com"},"dist":{"shasum":"f34427f9743559e269716735c01e18f0d7af1152","tarball":"https://registry.npmjs.org/sax/-/sax-1.1.1.tgz"},"maintainers":[{"name":"isaacs","email":"i@izs.me"}],"directories":{}},"1.1.2":{"name":"sax","description":"An evented streaming XML parser in JavaScript","author":{"name":"Isaac Z. Schlueter","email":"i@izs.me","url":"http://blog.izs.me/"},"version":"1.1.2","main":"lib/sax.js","license":"ISC","scripts":{"test":"node test/index.js"},"repository":{"type":"git","url":"git://github.com/isaacs/sax-js.git"},"contributors":[{"name":"Isaac Z. Schlueter","email":"i@izs.me"},{"name":"Stein Martin Hustad","email":"stein@hustad.com"},{"name":"Mikeal Rogers","email":"mikeal.rogers@gmail.com"},{"name":"Laurie Harper","email":"laurie@holoweb.net"},{"name":"Jann Horn","email":"jann@Jann-PC.fritz.box"},{"name":"Elijah Insua","email":"tmpvar@gmail.com"},{"name":"Henry Rawas","email":"henryr@schakra.com"},{"name":"Justin Makeig","email":"jmpublic@makeig.com"},{"name":"Mike Schilling","email":"mike@emotive.com"}],"gitHead":"afa7083425beafb4dd39829e006c52b5ef8cc4cd","bugs":{"url":"https://github.com/isaacs/sax-js/issues"},"homepage":"https://github.com/isaacs/sax-js#readme","_id":"sax@1.1.2","_shasum":"69271ffd151756bfc3f4a5f6ce2c84ea9f01fa37","_from":".","_npmVersion":"3.2.2","_nodeVersion":"2.2.1","_npmUser":{"name":"isaacs","email":"isaacs@npmjs.com"},"dist":{"shasum":"69271ffd151756bfc3f4a5f6ce2c84ea9f01fa37","tarball":"https://registry.npmjs.org/sax/-/sax-1.1.2.tgz"},"maintainers":[{"name":"isaacs","email":"i@izs.me"}],"directories":{}},"1.1.3":{"name":"sax","description":"An evented streaming XML parser in JavaScript","author":{"name":"Isaac Z. Schlueter","email":"i@izs.me","url":"http://blog.izs.me/"},"version":"1.1.3","main":"lib/sax.js","license":"ISC","scripts":{"test":"tap test/*.js"},"repository":{"type":"git","url":"git://github.com/isaacs/sax-js.git"},"files":["lib/sax.js","LICENSE","LICENSE-W3C.html","README.md"],"devDependencies":{"tap":"^1.4.1"},"contributors":[{"name":"Isaac Z. Schlueter","email":"i@izs.me"},{"name":"Stein Martin Hustad","email":"stein@hustad.com"},{"name":"Mikeal Rogers","email":"mikeal.rogers@gmail.com"},{"name":"Laurie Harper","email":"laurie@holoweb.net"},{"name":"Jann Horn","email":"jann@Jann-PC.fritz.box"},{"name":"Elijah Insua","email":"tmpvar@gmail.com"},{"name":"Henry Rawas","email":"henryr@schakra.com"},{"name":"Justin Makeig","email":"jmpublic@makeig.com"},{"name":"Mike Schilling","email":"mike@emotive.com"}],"gitHead":"610a34d14107c2f80cc649480f576fe6db8b0f5a","bugs":{"url":"https://github.com/isaacs/sax-js/issues"},"homepage":"https://github.com/isaacs/sax-js#readme","_id":"sax@1.1.3","_shasum":"02fab475938311117f0e84a033380750da1a049e","_from":".","_npmVersion":"3.3.2","_nodeVersion":"4.0.0","_npmUser":{"name":"isaacs","email":"isaacs@npmjs.com"},"dist":{"shasum":"02fab475938311117f0e84a033380750da1a049e","tarball":"https://registry.npmjs.org/sax/-/sax-1.1.3.tgz"},"maintainers":[{"name":"isaacs","email":"i@izs.me"}],"directories":{}},"1.1.4":{"name":"sax","description":"An evented streaming XML parser in JavaScript","author":{"name":"Isaac Z. Schlueter","email":"i@izs.me","url":"http://blog.izs.me/"},"version":"1.1.4","main":"lib/sax.js","license":"ISC","scripts":{"test":"tap test/*.js","posttest":"npm run lint","lint":"standard -F test/*.js lib/*.js"},"repository":{"type":"git","url":"git://github.com/isaacs/sax-js.git"},"files":["lib/sax.js","LICENSE","LICENSE-W3C.html","README.md"],"devDependencies":{"standard":"^5.3.1","tap":"^2.1.1"},"contributors":[{"name":"Isaac Z. Schlueter","email":"i@izs.me"},{"name":"Stein Martin Hustad","email":"stein@hustad.com"},{"name":"Mikeal Rogers","email":"mikeal.rogers@gmail.com"},{"name":"Laurie Harper","email":"laurie@holoweb.net"},{"name":"Jann Horn","email":"jann@Jann-PC.fritz.box"},{"name":"Elijah Insua","email":"tmpvar@gmail.com"},{"name":"Henry Rawas","email":"henryr@schakra.com"},{"name":"Justin Makeig","email":"jmpublic@makeig.com"},{"name":"Mike Schilling","email":"mike@emotive.com"}],"gitHead":"ce6b2a2c20633482eeabb6d39cee734aef2e4da7","bugs":{"url":"https://github.com/isaacs/sax-js/issues"},"homepage":"https://github.com/isaacs/sax-js#readme","_id":"sax@1.1.4","_shasum":"74b6d33c9ae1e001510f179a91168588f1aedaa9","_from":".","_npmVersion":"3.3.2","_nodeVersion":"4.0.0","_npmUser":{"name":"isaacs","email":"isaacs@npmjs.com"},"dist":{"shasum":"74b6d33c9ae1e001510f179a91168588f1aedaa9","tarball":"https://registry.npmjs.org/sax/-/sax-1.1.4.tgz"},"maintainers":[{"name":"isaacs","email":"i@izs.me"}],"directories":{}},"1.1.5":{"name":"sax","description":"An evented streaming XML parser in JavaScript","author":{"name":"Isaac Z. Schlueter","email":"i@izs.me","url":"http://blog.izs.me/"},"version":"1.1.5","main":"lib/sax.js","license":"ISC","scripts":{"test":"tap test/*.js --cov","posttest":"standard -F test/*.js lib/*.js"},"repository":{"type":"git","url":"git://github.com/isaacs/sax-js.git"},"files":["lib/sax.js","LICENSE","LICENSE-W3C.html","README.md"],"devDependencies":{"standard":"^5.3.1","tap":"^5.2.0"},"contributors":[{"name":"Isaac Z. Schlueter","email":"i@izs.me"},{"name":"Stein Martin Hustad","email":"stein@hustad.com"},{"name":"Mikeal Rogers","email":"mikeal.rogers@gmail.com"},{"name":"Laurie Harper","email":"laurie@holoweb.net"},{"name":"Jann Horn","email":"jann@Jann-PC.fritz.box"},{"name":"Elijah Insua","email":"tmpvar@gmail.com"},{"name":"Henry Rawas","email":"henryr@schakra.com"},{"name":"Justin Makeig","email":"jmpublic@makeig.com"},{"name":"Mike Schilling","email":"mike@emotive.com"}],"gitHead":"2e69674891189fead76299ba0b5e611a59cb1035","bugs":{"url":"https://github.com/isaacs/sax-js/issues"},"homepage":"https://github.com/isaacs/sax-js#readme","_id":"sax@1.1.5","_shasum":"1da50a8d00cdecd59405659f5ff85349fe773743","_from":".","_npmVersion":"2.14.15","_nodeVersion":"4.0.0","_npmUser":{"name":"isaacs","email":"i@izs.me"},"dist":{"shasum":"1da50a8d00cdecd59405659f5ff85349fe773743","tarball":"https://registry.npmjs.org/sax/-/sax-1.1.5.tgz"},"maintainers":[{"name":"isaacs","email":"i@izs.me"}],"directories":{}},"1.1.6":{"name":"sax","description":"An evented streaming XML parser in JavaScript","author":{"name":"Isaac Z. Schlueter","email":"i@izs.me","url":"http://blog.izs.me/"},"version":"1.1.6","main":"lib/sax.js","license":"ISC","scripts":{"test":"tap test/*.js --cov","posttest":"standard -F test/*.js lib/*.js"},"repository":{"type":"git","url":"git://github.com/isaacs/sax-js.git"},"files":["lib/sax.js","LICENSE","LICENSE-W3C.html","README.md"],"devDependencies":{"standard":"^5.3.1","tap":"^5.2.0"},"contributors":[{"name":"Isaac Z. Schlueter","email":"i@izs.me"},{"name":"Stein Martin Hustad","email":"stein@hustad.com"},{"name":"Mikeal Rogers","email":"mikeal.rogers@gmail.com"},{"name":"Laurie Harper","email":"laurie@holoweb.net"},{"name":"Jann Horn","email":"jann@Jann-PC.fritz.box"},{"name":"Elijah Insua","email":"tmpvar@gmail.com"},{"name":"Henry Rawas","email":"henryr@schakra.com"},{"name":"Justin Makeig","email":"jmpublic@makeig.com"},{"name":"Mike Schilling","email":"mike@emotive.com"}],"gitHead":"8dc23406a83992a22b8240abdd91185db2b4fb0c","bugs":{"url":"https://github.com/isaacs/sax-js/issues"},"homepage":"https://github.com/isaacs/sax-js#readme","_id":"sax@1.1.6","_shasum":"5d616be8a5e607d54e114afae55b7eaf2fcc3240","_from":".","_npmVersion":"3.7.3","_nodeVersion":"5.6.0","_npmUser":{"name":"isaacs","email":"i@izs.me"},"dist":{"shasum":"5d616be8a5e607d54e114afae55b7eaf2fcc3240","tarball":"https://registry.npmjs.org/sax/-/sax-1.1.6.tgz"},"maintainers":[{"name":"isaacs","email":"i@izs.me"}],"_npmOperationalInternal":{"host":"packages-12-west.internal.npmjs.com","tmp":"tmp/sax-1.1.6.tgz_1457169236375_0.0688094305805862"},"directories":{}},"1.2.1":{"name":"sax","description":"An evented streaming XML parser in JavaScript","author":{"name":"Isaac Z. Schlueter","email":"i@izs.me","url":"http://blog.izs.me/"},"version":"1.2.1","main":"lib/sax.js","license":"ISC","scripts":{"test":"tap test/*.js --cov","posttest":"standard -F test/*.js lib/*.js"},"repository":{"type":"git","url":"git://github.com/isaacs/sax-js.git"},"files":["lib/sax.js","LICENSE","LICENSE-W3C.html","README.md"],"devDependencies":{"standard":"^5.3.1","tap":"^5.2.0"},"contributors":[{"name":"Isaac Z. Schlueter","email":"i@izs.me"},{"name":"Stein Martin Hustad","email":"stein@hustad.com"},{"name":"Mikeal Rogers","email":"mikeal.rogers@gmail.com"},{"name":"Laurie Harper","email":"laurie@holoweb.net"},{"name":"Jann Horn","email":"jann@Jann-PC.fritz.box"},{"name":"Elijah Insua","email":"tmpvar@gmail.com"},{"name":"Henry Rawas","email":"henryr@schakra.com"},{"name":"Justin Makeig","email":"jmpublic@makeig.com"},{"name":"Mike Schilling","email":"mike@emotive.com"}],"gitHead":"9f9814f544f1c5b89dd1d79957c041f37e845b4a","bugs":{"url":"https://github.com/isaacs/sax-js/issues"},"homepage":"https://github.com/isaacs/sax-js#readme","_id":"sax@1.2.1","_shasum":"7b8e656190b228e81a66aea748480d828cd2d37a","_from":".","_npmVersion":"3.7.3","_nodeVersion":"5.6.0","_npmUser":{"name":"isaacs","email":"i@izs.me"},"dist":{"shasum":"7b8e656190b228e81a66aea748480d828cd2d37a","tarball":"https://registry.npmjs.org/sax/-/sax-1.2.1.tgz"},"maintainers":[{"name":"isaacs","email":"i@izs.me"}],"_npmOperationalInternal":{"host":"packages-13-west.internal.npmjs.com","tmp":"tmp/sax-1.2.1.tgz_1458360406158_0.19482766138389707"},"directories":{}},"1.2.2":{"name":"sax","description":"An evented streaming XML parser in JavaScript","author":{"name":"Isaac Z. Schlueter","email":"i@izs.me","url":"http://blog.izs.me/"},"version":"1.2.2","main":"lib/sax.js","license":"ISC","scripts":{"test":"tap test/*.js --cov -j4","posttest":"standard -F test/*.js lib/*.js"},"repository":{"type":"git","url":"git://github.com/isaacs/sax-js.git"},"files":["lib/sax.js","LICENSE","README.md"],"devDependencies":{"standard":"^8.6.0","tap":"^10.0.2"},"contributors":[{"name":"Isaac Z. Schlueter","email":"i@izs.me"},{"name":"Stein Martin Hustad","email":"stein@hustad.com"},{"name":"Mikeal Rogers","email":"mikeal.rogers@gmail.com"},{"name":"Laurie Harper","email":"laurie@holoweb.net"},{"name":"Jann Horn","email":"jann@Jann-PC.fritz.box"},{"name":"Elijah Insua","email":"tmpvar@gmail.com"},{"name":"Henry Rawas","email":"henryr@schakra.com"},{"name":"Justin Makeig","email":"jmpublic@makeig.com"},{"name":"Mike Schilling","email":"mike@emotive.com"}],"gitHead":"27a70c4af4980323d8af47483a126289ea32e567","bugs":{"url":"https://github.com/isaacs/sax-js/issues"},"homepage":"https://github.com/isaacs/sax-js#readme","_id":"sax@1.2.2","_shasum":"fd8631a23bc7826bef5d871bdb87378c95647828","_from":".","_npmVersion":"3.10.9","_nodeVersion":"8.0.0-pre","_npmUser":{"name":"isaacs","email":"i@izs.me"},"dist":{"shasum":"fd8631a23bc7826bef5d871bdb87378c95647828","tarball":"https://registry.npmjs.org/sax/-/sax-1.2.2.tgz"},"maintainers":[{"name":"isaacs","email":"i@izs.me"}],"_npmOperationalInternal":{"host":"packages-12-west.internal.npmjs.com","tmp":"tmp/sax-1.2.2.tgz_1486504942139_0.281537250848487"},"directories":{}},"1.2.3":{"name":"sax","description":"An evented streaming XML parser in JavaScript","author":{"name":"Isaac Z. Schlueter","email":"i@izs.me","url":"http://blog.izs.me/"},"version":"1.2.3","main":"lib/sax.js","license":"ISC","scripts":{"test":"tap test/*.js --cov -j4","posttest":"standard -F test/*.js lib/*.js","preversion":"npm test","postversion":"npm publish","postpublish":"git push origin --all; git push origin --tags"},"repository":{"type":"git","url":"git://github.com/isaacs/sax-js.git"},"files":["lib/sax.js","LICENSE","README.md"],"devDependencies":{"standard":"^8.6.0","tap":"^10.0.2"},"contributors":[{"name":"Isaac Z. Schlueter","email":"i@izs.me"},{"name":"Stein Martin Hustad","email":"stein@hustad.com"},{"name":"Mikeal Rogers","email":"mikeal.rogers@gmail.com"},{"name":"Laurie Harper","email":"laurie@holoweb.net"},{"name":"Jann Horn","email":"jann@Jann-PC.fritz.box"},{"name":"Elijah Insua","email":"tmpvar@gmail.com"},{"name":"Henry Rawas","email":"henryr@schakra.com"},{"name":"Justin Makeig","email":"jmpublic@makeig.com"},{"name":"Mike Schilling","email":"mike@emotive.com"}],"gitHead":"84b994861770d37b4ac9aaafd0a6d28fbae997b8","bugs":{"url":"https://github.com/isaacs/sax-js/issues"},"homepage":"https://github.com/isaacs/sax-js#readme","_id":"sax@1.2.3","_npmVersion":"5.0.3","_nodeVersion":"8.0.0","_npmUser":{"name":"isaacs","email":"i@izs.me"},"dist":{"integrity":"sha512-U/jqm5gm+jcljJwhp8Be5/JhWjl1XGwjF65aKmihVaReZ7fU69w2xESMg5PMqRqYIb8lagU4/4g3+1QXk3fgdg==","shasum":"a6134f5f11259b9a563f2f976bcf759d144803e3","tarball":"https://registry.npmjs.org/sax/-/sax-1.2.3.tgz"},"maintainers":[{"name":"isaacs","email":"i@izs.me"}],"_npmOperationalInternal":{"host":"s3://npm-registry-packages","tmp":"tmp/sax-1.2.3.tgz_1498152079765_0.4188503003679216"},"directories":{}},"1.2.4":{"name":"sax","description":"An evented streaming XML parser in JavaScript","author":{"name":"Isaac Z. Schlueter","email":"i@izs.me","url":"http://blog.izs.me/"},"version":"1.2.4","main":"lib/sax.js","license":"ISC","scripts":{"test":"tap test/*.js --cov -j4","posttest":"standard -F test/*.js lib/*.js","preversion":"npm test","postversion":"npm publish","postpublish":"git push origin --all; git push origin --tags"},"repository":{"type":"git","url":"git://github.com/isaacs/sax-js.git"},"files":["lib/sax.js","LICENSE","README.md"],"devDependencies":{"standard":"^8.6.0","tap":"^10.5.1"},"contributors":[{"name":"Isaac Z. Schlueter","email":"i@izs.me"},{"name":"Stein Martin Hustad","email":"stein@hustad.com"},{"name":"Mikeal Rogers","email":"mikeal.rogers@gmail.com"},{"name":"Laurie Harper","email":"laurie@holoweb.net"},{"name":"Jann Horn","email":"jann@Jann-PC.fritz.box"},{"name":"Elijah Insua","email":"tmpvar@gmail.com"},{"name":"Henry Rawas","email":"henryr@schakra.com"},{"name":"Justin Makeig","email":"jmpublic@makeig.com"},{"name":"Mike Schilling","email":"mike@emotive.com"}],"gitHead":"5aee2163d55cff24b817bbf550bac44841f9df45","bugs":{"url":"https://github.com/isaacs/sax-js/issues"},"homepage":"https://github.com/isaacs/sax-js#readme","_id":"sax@1.2.4","_npmVersion":"5.0.3","_nodeVersion":"8.0.0","_npmUser":{"name":"isaacs","email":"i@izs.me"},"dist":{"integrity":"sha512-NqVDv9TpANUjFm0N8uM5GxL36UgKi9/atZw+x7YFnQ8ckwFGKrl4xX4yWtrey3UJm5nP1kUbnYgLopqWNSRhWw==","shasum":"2816234e2378bddc4e5354fab5caa895df7100d9","tarball":"https://registry.npmjs.org/sax/-/sax-1.2.4.tgz"},"maintainers":[{"name":"isaacs","email":"i@izs.me"}],"_npmOperationalInternal":{"host":"s3://npm-registry-packages","tmp":"tmp/sax-1.2.4.tgz_1498153598031_0.6106507133226842"},"directories":{}}},"maintainers":[{"name":"isaacs","email":"i@izs.me"}],"author":{"name":"Isaac Z. Schlueter","email":"i@izs.me","url":"http://blog.izs.me/"},"time":{"modified":"2017-12-27T06:21:57.783Z","created":"2011-02-09T19:13:51.969Z","0.1.0":"2011-02-09T19:13:51.969Z","0.1.1":"2011-02-09T19:13:51.969Z","0.1.2":"2011-02-09T19:13:51.969Z","0.1.3":"2011-06-14T01:26:18.836Z","0.1.4":"2011-06-14T18:44:43.566Z","0.1.5":"2011-07-08T23:49:39.930Z","0.2.0":"2011-07-20T23:53:50.073Z","0.2.1":"2011-07-21T01:34:08.297Z","0.2.2":"2011-07-21T20:16:56.686Z","0.2.3":"2011-08-01T16:51:52.531Z","0.2.4":"2011-09-17T00:58:51.899Z","0.2.5":"2011-10-06T17:13:49.723Z","0.3.0":"2011-10-17T15:02:08.184Z","0.3.1":"2011-10-21T00:04:36.763Z","0.3.2":"2011-10-21T22:15:00.311Z","0.3.3":"2011-11-11T16:44:00.293Z","0.3.4":"2011-12-05T05:15:41.943Z","0.3.5":"2011-12-30T03:56:14.892Z","0.4.0":"2012-07-10T19:27:12.052Z","0.4.1":"2012-07-10T19:26:45.999Z","0.4.2":"2012-07-26T04:04:22.445Z","0.4.3":"2012-12-28T05:44:38.410Z","0.5.0":"2013-01-06T18:51:37.546Z","0.5.1":"2013-01-07T21:11:45.506Z","0.5.2":"2013-02-20T16:34:45.595Z","0.5.3":"2013-04-22T21:31:32.371Z","0.5.4":"2013-04-25T23:13:14.436Z","0.5.5":"2013-08-21T16:10:42.555Z","0.5.6":"2013-12-05T23:43:33.631Z","0.5.7":"2013-12-05T23:50:02.652Z","0.5.8":"2013-12-09T00:38:12.647Z","0.6.0":"2014-01-02T16:32:00.285Z","0.6.1":"2014-10-14T17:35:32.436Z","1.0.0":"2015-04-21T01:49:35.272Z","1.1.0":"2015-04-21T22:54:33.327Z","1.1.1":"2015-05-20T07:16:27.722Z","1.1.2":"2015-08-26T22:24:46.354Z","1.1.3":"2015-09-15T00:16:23.256Z","1.1.4":"2015-10-22T17:40:20.687Z","1.1.5":"2016-01-28T05:23:25.517Z","1.1.6":"2016-03-05T09:13:57.725Z","1.2.1":"2016-03-19T04:06:46.554Z","1.2.2":"2017-02-07T22:02:22.387Z","1.2.3":"2017-06-22T17:21:19.940Z","1.2.4":"2017-06-22T17:46:38.198Z"},"description":"An evented streaming XML parser in JavaScript","repository":{"type":"git","url":"git://github.com/isaacs/sax-js.git"},"users":{"thejh":true,"substack":true,"fgribreau":true,"sjonnet19":true,"mmckegg":true,"kurteknikk":true,"tunnckocore":true,"pixnbits":true,"alanshaw":true,"theoxylo":true,"shanewholloway":true,"wangnan0610":true,"andris":true,"epuigvros":true,"nanook":true,"iisii":true,"subchen":true,"clholzin":true,"rdesoky":true,"mehmaa":true,"ismaelvsqz":true,"igorissen":true,"code-curious":true,"mojaray2k":true,"mirkoj":true,"rojo2":true,"scott.m.sarsfield":true,"errol":true,"tsxuehu":true,"writech":true,"gprateek21":true,"wvbe":true,"wolfram77":true},"readme":"# sax js\n\nA sax-style parser for XML and HTML.\n\nDesigned with [node](http://nodejs.org/) in mind, but should work fine in\nthe browser or other CommonJS implementations.\n\n## What This Is\n\n* A very simple tool to parse through an XML string.\n* A stepping stone to a streaming HTML parser.\n* A handy way to deal with RSS and other mostly-ok-but-kinda-broken XML\n  docs.\n\n## What This Is (probably) Not\n\n* An HTML Parser - That's a fine goal, but this isn't it.  It's just\n  XML.\n* A DOM Builder - You can use it to build an object model out of XML,\n  but it doesn't do that out of the box.\n* XSLT - No DOM = no querying.\n* 100% Compliant with (some other SAX implementation) - Most SAX\n  implementations are in Java and do a lot more than this does.\n* An XML Validator - It does a little validation when in strict mode, but\n  not much.\n* A Schema-Aware XSD Thing - Schemas are an exercise in fetishistic\n  masochism.\n* A DTD-aware Thing - Fetching DTDs is a much bigger job.\n\n## Regarding `<!DOCTYPE`s and `<!ENTITY`s\n\nThe parser will handle the basic XML entities in text nodes and attribute\nvalues: `&amp; &lt; &gt; &apos; &quot;`. It's possible to define additional\nentities in XML by putting them in the DTD. This parser doesn't do anything\nwith that. If you want to listen to the `ondoctype` event, and then fetch\nthe doctypes, and read the entities and add them to `parser.ENTITIES`, then\nbe my guest.\n\nUnknown entities will fail in strict mode, and in loose mode, will pass\nthrough unmolested.\n\n## Usage\n\n```javascript\nvar sax = require(\"./lib/sax\"),\n  strict = true, // set to false for html-mode\n  parser = sax.parser(strict);\n\nparser.onerror = function (e) {\n  // an error happened.\n};\nparser.ontext = function (t) {\n  // got some text.  t is the string of text.\n};\nparser.onopentag = function (node) {\n  // opened a tag.  node has \"name\" and \"attributes\"\n};\nparser.onattribute = function (attr) {\n  // an attribute.  attr has \"name\" and \"value\"\n};\nparser.onend = function () {\n  // parser stream is done, and ready to have more stuff written to it.\n};\n\nparser.write('<xml>Hello, <who name=\"world\">world</who>!</xml>').close();\n\n// stream usage\n// takes the same options as the parser\nvar saxStream = require(\"sax\").createStream(strict, options)\nsaxStream.on(\"error\", function (e) {\n  // unhandled errors will throw, since this is a proper node\n  // event emitter.\n  console.error(\"error!\", e)\n  // clear the error\n  this._parser.error = null\n  this._parser.resume()\n})\nsaxStream.on(\"opentag\", function (node) {\n  // same object as above\n})\n// pipe is supported, and it's readable/writable\n// same chunks coming in also go out.\nfs.createReadStream(\"file.xml\")\n  .pipe(saxStream)\n  .pipe(fs.createWriteStream(\"file-copy.xml\"))\n```\n\n\n## Arguments\n\nPass the following arguments to the parser function.  All are optional.\n\n`strict` - Boolean. Whether or not to be a jerk. Default: `false`.\n\n`opt` - Object bag of settings regarding string formatting.  All default to `false`.\n\nSettings supported:\n\n* `trim` - Boolean. Whether or not to trim text and comment nodes.\n* `normalize` - Boolean. If true, then turn any whitespace into a single\n  space.\n* `lowercase` - Boolean. If true, then lowercase tag names and attribute names\n  in loose mode, rather than uppercasing them.\n* `xmlns` - Boolean. If true, then namespaces are supported.\n* `position` - Boolean. If false, then don't track line/col/position.\n* `strictEntities` - Boolean. If true, only parse [predefined XML\n  entities](http://www.w3.org/TR/REC-xml/#sec-predefined-ent)\n  (`&amp;`, `&apos;`, `&gt;`, `&lt;`, and `&quot;`)\n\n## Methods\n\n`write` - Write bytes onto the stream. You don't have to do this all at\nonce. You can keep writing as much as you want.\n\n`close` - Close the stream. Once closed, no more data may be written until\nit is done processing the buffer, which is signaled by the `end` event.\n\n`resume` - To gracefully handle errors, assign a listener to the `error`\nevent. Then, when the error is taken care of, you can call `resume` to\ncontinue parsing. Otherwise, the parser will not continue while in an error\nstate.\n\n## Members\n\nAt all times, the parser object will have the following members:\n\n`line`, `column`, `position` - Indications of the position in the XML\ndocument where the parser currently is looking.\n\n`startTagPosition` - Indicates the position where the current tag starts.\n\n`closed` - Boolean indicating whether or not the parser can be written to.\nIf it's `true`, then wait for the `ready` event to write again.\n\n`strict` - Boolean indicating whether or not the parser is a jerk.\n\n`opt` - Any options passed into the constructor.\n\n`tag` - The current tag being dealt with.\n\nAnd a bunch of other stuff that you probably shouldn't touch.\n\n## Events\n\nAll events emit with a single argument. To listen to an event, assign a\nfunction to `on<eventname>`. Functions get executed in the this-context of\nthe parser object. The list of supported events are also in the exported\n`EVENTS` array.\n\nWhen using the stream interface, assign handlers using the EventEmitter\n`on` function in the normal fashion.\n\n`error` - Indication that something bad happened. The error will be hanging\nout on `parser.error`, and must be deleted before parsing can continue. By\nlistening to this event, you can keep an eye on that kind of stuff. Note:\nthis happens *much* more in strict mode. Argument: instance of `Error`.\n\n`text` - Text node. Argument: string of text.\n\n`doctype` - The `<!DOCTYPE` declaration. Argument: doctype string.\n\n`processinginstruction` - Stuff like `<?xml foo=\"blerg\" ?>`. Argument:\nobject with `name` and `body` members. Attributes are not parsed, as\nprocessing instructions have implementation dependent semantics.\n\n`sgmldeclaration` - Random SGML declarations. Stuff like `<!ENTITY p>`\nwould trigger this kind of event. This is a weird thing to support, so it\nmight go away at some point. SAX isn't intended to be used to parse SGML,\nafter all.\n\n`opentagstart` - Emitted immediately when the tag name is available,\nbut before any attributes are encountered.  Argument: object with a\n`name` field and an empty `attributes` set.  Note that this is the\nsame object that will later be emitted in the `opentag` event.\n\n`opentag` - An opening tag. Argument: object with `name` and `attributes`.\nIn non-strict mode, tag names are uppercased, unless the `lowercase`\noption is set.  If the `xmlns` option is set, then it will contain\nnamespace binding information on the `ns` member, and will have a\n`local`, `prefix`, and `uri` member.\n\n`closetag` - A closing tag. In loose mode, tags are auto-closed if their\nparent closes. In strict mode, well-formedness is enforced. Note that\nself-closing tags will have `closeTag` emitted immediately after `openTag`.\nArgument: tag name.\n\n`attribute` - An attribute node.  Argument: object with `name` and `value`.\nIn non-strict mode, attribute names are uppercased, unless the `lowercase`\noption is set.  If the `xmlns` option is set, it will also contains namespace\ninformation.\n\n`comment` - A comment node.  Argument: the string of the comment.\n\n`opencdata` - The opening tag of a `<![CDATA[` block.\n\n`cdata` - The text of a `<![CDATA[` block. Since `<![CDATA[` blocks can get\nquite large, this event may fire multiple times for a single block, if it\nis broken up into multiple `write()`s. Argument: the string of random\ncharacter data.\n\n`closecdata` - The closing tag (`]]>`) of a `<![CDATA[` block.\n\n`opennamespace` - If the `xmlns` option is set, then this event will\nsignal the start of a new namespace binding.\n\n`closenamespace` - If the `xmlns` option is set, then this event will\nsignal the end of a namespace binding.\n\n`end` - Indication that the closed stream has ended.\n\n`ready` - Indication that the stream has reset, and is ready to be written\nto.\n\n`noscript` - In non-strict mode, `<script>` tags trigger a `\"script\"`\nevent, and their contents are not checked for special xml characters.\nIf you pass `noscript: true`, then this behavior is suppressed.\n\n## Reporting Problems\n\nIt's best to write a failing test if you find an issue.  I will always\naccept pull requests with failing tests if they demonstrate intended\nbehavior, but it is very hard to figure out what issue you're describing\nwithout a test.  Writing a test is also the best way for you yourself\nto figure out if you really understand the issue you think you have with\nsax-js.\n","homepage":"https://github.com/isaacs/sax-js#readme","contributors":[{"name":"Isaac Z. Schlueter","email":"i@izs.me"},{"name":"Stein Martin Hustad","email":"stein@hustad.com"},{"name":"Mikeal Rogers","email":"mikeal.rogers@gmail.com"},{"name":"Laurie Harper","email":"laurie@holoweb.net"},{"name":"Jann Horn","email":"jann@Jann-PC.fritz.box"},{"name":"Elijah Insua","email":"tmpvar@gmail.com"},{"name":"Henry Rawas","email":"henryr@schakra.com"},{"name":"Justin Makeig","email":"jmpublic@makeig.com"},{"name":"Mike Schilling","email":"mike@emotive.com"}],"bugs":{"url":"https://github.com/isaacs/sax-js/issues"},"license":"ISC","readmeFilename":"README.md","_attachments":{},"_etag":"W/\"12fdff52faaaf838460e80a14bbbe60e\"","_lastModified":"Sun, 27 May 2018 16:38:28 GMT"}