{"_id":"@dicy/client","_rev":"6-d8c2b9a7599663b6746bb834fbeabb54","name":"@dicy/client","description":"JSON-RPC client for DiCy.","dist-tags":{"latest":"0.13.0"},"versions":{"0.12.0-pre.0":{"name":"@dicy/client","version":"0.12.0-pre.0","description":"JSON-RPC client for DiCy.","keywords":["latex","knitr","sage","biblatex"],"bugs":{"url":"https://github.com/yitzchak/dicy/issues"},"main":"lib/main.js","types":"types/main.d.ts","scripts":{"test":"jasmine-ts","compile":"rimraf lib && tsc","prepublish":"npm run compile","server":"dicy-server"},"repository":{"type":"git","url":"git+https://github.com/yitzchak/dicy.git"},"author":{"name":"Tarn Burton","email":"twburton@gmail.com"},"contributors":[],"homepage":"https://yitzchak.github.io/dicy/","engines":{"node":">=6.9.0"},"license":"MIT","dependencies":{"@dicy/server":"^0.12.0-pre.0","@dicy/types":"^0.12.0-pre.0","vscode-jsonrpc":"^3.5.0"},"devDependencies":{"@types/jasmine":"^2.6.2","@types/node":"^8.0.47","jasmine":"^2.8.0","jasmine-ts":"^0.2.1","rimraf":"^2.6.2","typescript":"^2.5.3"},"_id":"@dicy/client@0.12.0-pre.0","_npmVersion":"5.5.1","_nodeVersion":"8.8.1","_npmUser":{"name":"yitzchak","email":"twburton@gmail.com"},"dist":{"integrity":"sha512-Q2UAmQaAkT930kvIMfGbFoPBjg+20eTFyo9022XttIRQRL1rAg0LemnmsPU6WhUaE9NeENZ902rqYiP15Ny3dQ==","shasum":"0483c50acb00bc54569593ca2b055507efdd28bd","tarball":"https://registry.npmjs.org/@dicy/client/-/client-0.12.0-pre.0.tgz"},"maintainers":[{"name":"yitzchak","email":"twburton@gmail.com"}],"_npmOperationalInternal":{"host":"s3://npm-registry-packages","tmp":"tmp/client-0.12.0-pre.0.tgz_1511050744062_0.1415508536156267"},"directories":{}},"0.12.0":{"name":"@dicy/client","version":"0.12.0","description":"JSON-RPC client for DiCy.","keywords":["latex","knitr","sage","biblatex"],"bugs":{"url":"https://github.com/yitzchak/dicy/issues"},"main":"lib/main.js","types":"types/main.d.ts","scripts":{"test":"jasmine-ts","compile":"rimraf lib && tsc","prepublish":"npm run compile","server":"dicy-server"},"repository":{"type":"git","url":"git+https://github.com/yitzchak/dicy.git"},"author":{"name":"Tarn Burton","email":"twburton@gmail.com"},"contributors":[],"homepage":"https://yitzchak.github.io/dicy/","engines":{"node":">=6.9.0"},"license":"MIT","dependencies":{"@dicy/server":"^0.12.0","@dicy/types":"^0.12.0","vscode-jsonrpc":"^3.5.0"},"devDependencies":{"@types/jasmine":"^2.6.2","@types/node":"^8.0.47","jasmine":"^2.8.0","jasmine-ts":"^0.2.1","rimraf":"^2.6.2","typescript":"^2.5.3"},"_id":"@dicy/client@0.12.0","_npmVersion":"5.5.1","_nodeVersion":"9.2.0","_npmUser":{"name":"yitzchak","email":"twburton@gmail.com"},"dist":{"integrity":"sha512-XfSuw8ePWrkrRE8JNrKD48wewH/yt4ShYNjr+Lwd4bwDGUenWA2bmEx3vxk6Z+aRHUl3aqVrh8ZAbaWC3ZhHIA==","shasum":"08e7d28ac1fabe5756f99240a189c4fcbb34a4cc","tarball":"https://registry.npmjs.org/@dicy/client/-/client-0.12.0.tgz"},"maintainers":[{"name":"yitzchak","email":"twburton@gmail.com"}],"_npmOperationalInternal":{"host":"s3://npm-registry-packages","tmp":"tmp/client-0.12.0.tgz_1511661252689_0.6425314107909799"},"directories":{}},"0.12.1":{"name":"@dicy/client","version":"0.12.1","description":"JSON-RPC client for DiCy.","keywords":["latex","knitr","sage","biblatex"],"bugs":{"url":"https://github.com/yitzchak/dicy/issues"},"main":"lib/main.js","types":"types/main.d.ts","scripts":{"test":"jasmine-ts","compile":"rimraf lib && tsc","prepublish":"npm run compile","server":"dicy-server"},"repository":{"type":"git","url":"git+https://github.com/yitzchak/dicy.git"},"author":{"name":"Tarn Burton","email":"twburton@gmail.com"},"contributors":[],"homepage":"https://yitzchak.github.io/dicy/","engines":{"node":">=6.9.0"},"license":"MIT","dependencies":{"@dicy/server":"^0.12.1","@dicy/types":"^0.12.0","vscode-jsonrpc":"^3.5.0"},"devDependencies":{"@types/jasmine":"^2.6.2","@types/node":"^8.0.47","jasmine":"^2.8.0","jasmine-ts":"^0.2.1","rimraf":"^2.6.2","typescript":"^2.5.3"},"_id":"@dicy/client@0.12.1","_npmVersion":"5.5.1","_nodeVersion":"9.2.0","_npmUser":{"name":"yitzchak","email":"twburton@gmail.com"},"dist":{"integrity":"sha512-Xv8FjALUQ3f3ZKYCSOF5SpeXWBpLy4OSQEAwJgQWT5WUOfl6aMLa073rGYYxxbOfPXccVBqnGMKZbPsOd+I/Gg==","shasum":"391de78fe0e74b2a1cd06248f30eac7249e2753f","tarball":"https://registry.npmjs.org/@dicy/client/-/client-0.12.1.tgz"},"maintainers":[{"name":"yitzchak","email":"twburton@gmail.com"}],"_npmOperationalInternal":{"host":"s3://npm-registry-packages","tmp":"tmp/client-0.12.1.tgz_1511986992009_0.3609245293773711"},"directories":{}},"0.12.2":{"name":"@dicy/client","version":"0.12.2","description":"JSON-RPC client for DiCy.","keywords":["latex","knitr","sage","biblatex"],"bugs":{"url":"https://github.com/yitzchak/dicy/issues"},"main":"lib/main.js","types":"types/main.d.ts","scripts":{"test":"jasmine-ts","compile":"rimraf lib && tsc","prepublish":"npm run compile","server":"dicy-server"},"repository":{"type":"git","url":"git+https://github.com/yitzchak/dicy.git"},"author":{"name":"Tarn Burton","email":"twburton@gmail.com"},"contributors":[],"homepage":"https://yitzchak.github.io/dicy/","engines":{"node":">=6.9.0"},"license":"MIT","dependencies":{"@dicy/server":"^0.12.2","@dicy/types":"^0.12.2","vscode-jsonrpc":"^3.5.0"},"devDependencies":{"@types/jasmine":"^2.6.2","@types/node":"^8.0.47","jasmine":"^2.8.0","jasmine-ts":"^0.2.1","rimraf":"^2.6.2","typescript":"^2.5.3"},"_id":"@dicy/client@0.12.2","_npmVersion":"5.5.1","_nodeVersion":"9.2.0","_npmUser":{"name":"yitzchak","email":"twburton@gmail.com"},"dist":{"integrity":"sha512-FUFJyClKuwhfK8zTN9Y6XV5692ScgSPjpbAp+mjT4JZuuvZkFVfT4Fe5tGRLl1CWE3q0UCec18yxqBmXXTST+w==","shasum":"2d17894f5839ca24abe9903d4f2c88a7d4655f9e","tarball":"https://registry.npmjs.org/@dicy/client/-/client-0.12.2.tgz"},"maintainers":[{"name":"yitzchak","email":"twburton@gmail.com"}],"_npmOperationalInternal":{"host":"s3://npm-registry-packages","tmp":"tmp/client-0.12.2.tgz_1512227306746_0.17281841859221458"},"directories":{}},"0.12.3":{"name":"@dicy/client","version":"0.12.3","description":"JSON-RPC client for DiCy.","keywords":["latex","knitr","sage","biblatex"],"bugs":{"url":"https://github.com/yitzchak/dicy/issues"},"main":"lib/main.js","types":"types/main.d.ts","scripts":{"test":"jasmine-ts","compile":"rimraf lib && tsc","prepublish":"npm run compile","server":"dicy-server"},"repository":{"type":"git","url":"git+https://github.com/yitzchak/dicy.git"},"author":{"name":"Tarn Burton","email":"twburton@gmail.com"},"contributors":[],"homepage":"https://yitzchak.github.io/dicy/","engines":{"node":">=6.9.0"},"license":"MIT","dependencies":{"@dicy/server":"^0.12.3","@dicy/types":"^0.12.3","vscode-jsonrpc":"^3.5.0"},"devDependencies":{"@types/jasmine":"^2.6.2","@types/node":"^8.0.56","jasmine":"^2.8.0","jasmine-ts":"^0.2.1","rimraf":"^2.6.2","typescript":"^2.6.2"},"_id":"@dicy/client@0.12.3","_npmVersion":"5.5.1","_nodeVersion":"9.2.0","_npmUser":{"name":"yitzchak","email":"twburton@gmail.com"},"dist":{"integrity":"sha512-qL652kKlQoWORwCA8TGGS0PUzdVdMJKtpH46hw8VY2wjWLGHbdwNsOOf09X9CbBXIX7SBRrV4m6vmP8s9a63KQ==","shasum":"ea471ebda1b02da6c5c7fa3d3511cfb3d95a5f72","tarball":"https://registry.npmjs.org/@dicy/client/-/client-0.12.3.tgz"},"maintainers":[{"name":"yitzchak","email":"twburton@gmail.com"}],"_npmOperationalInternal":{"host":"s3://npm-registry-packages","tmp":"tmp/client-0.12.3.tgz_1512911635860_0.795116935390979"},"directories":{}},"0.13.0":{"name":"@dicy/client","version":"0.13.0","description":"JSON-RPC client for DiCy.","keywords":["latex","knitr","sage","biblatex"],"bugs":{"url":"https://github.com/yitzchak/dicy/issues"},"main":"lib/main.js","types":"types/main.d.ts","scripts":{"test":"jasmine-ts","compile":"rimraf lib && tsc","prepublish":"npm run compile","server":"dicy-server"},"repository":{"type":"git","url":"git+https://github.com/yitzchak/dicy.git"},"author":{"name":"Tarn Burton","email":"twburton@gmail.com"},"contributors":[],"homepage":"https://yitzchak.github.io/dicy/","engines":{"node":">=6.9.0"},"license":"MIT","dependencies":{"@dicy/server":"^0.13.0","@dicy/types":"^0.13.0","vscode-jsonrpc":"^3.5.0"},"devDependencies":{"@types/jasmine":"^2.8.6","@types/node":"^9.4.6","jasmine":"^3.0.0","jasmine-ts":"^0.2.1","rimraf":"^2.6.2","typescript":"^2.7.2"},"_id":"@dicy/client@0.13.0","_npmVersion":"5.7.1","_nodeVersion":"9.8.0","_npmUser":{"name":"yitzchak","email":"twburton@gmail.com"},"dist":{"integrity":"sha512-kgm1zUhoaxuBI2Xy+4168hdgaqivb2XZ8OJlfc/Yas32iIjUhwBtPV52gVHNiQs7uaz34r1uZff5ajAHh375WA==","shasum":"19b7823b69fb548afa0a938b37c81d51aa395688","tarball":"https://registry.npmjs.org/@dicy/client/-/client-0.13.0.tgz","fileCount":7,"unpackedSize":12182},"maintainers":[{"name":"yitzchak","email":"twburton@gmail.com"}],"directories":{},"_npmOperationalInternal":{"host":"s3://npm-registry-packages","tmp":"tmp/client_0.13.0_1521022146233_0.8366703840656537"}}},"readme":"# @dicy/client\n\n[![Build Status][travis svg]][travis]\n[![Windows Build Status][appveyor svg]][appveyor]\n[![Dependency Status][dependency svg]][dependency]\n[![devDependency Status][devdependency svg]][devdependency]\n\nThis package is a library interface via a JSON-RPC server to DiCy, a\nJavaScript/TypeScript based builder for LaTeX, knitr, Literate Agda, Literate\nHaskell, and Pweave that automatically builds dependencies. DiCy parses and\nfilters output logs and error messages generated during build and can build\nprojects that utilize the following programs to process files.\n\n-   Bibliographies — Biber, BibTeX, BibTeX8, BibTeXu, pBibTeX, upBibTeX\n-   Graphics Creation — Asymptote, MetaPost\n-   Image/File Conversion — dvipdfm, dvipdfmx, dvips, dvisvgm, epstopdf, pdf2ps,\n    ps2pdf\n-   Indexing/Glossaries — bib2gls, makeglossaries, makeindex, mendex,\n    splitindex, texindy, upmendex\n-   LaTeX Engines — LaTeX, LuaLaTeX, pdfLaTeX, pLaTeX, upLaTeX, XeLaTeX\n-   Literate Programming/Reproducible Research — Agda, knitr, lhs2TeX,\n    patchSynctex, PythonTeX, Pweave, SageTeX\n\nMore information, including installation and API documentation is available at\nthe [DiCy][] website.\n\n## License\n\nThis project is licensed under the MIT License - see the LICENSE.md file for\ndetails.\n\n[appveyor svg]: https://ci.appveyor.com/api/projects/status/s3unjr8c90bhcd99?svg=true\n\n[appveyor]: https://ci.appveyor.com/project/yitzchak/dicy/branch/master\n\n[dependency svg]: https://david-dm.org/yitzchak/dicy.svg?path=packages%2Fclient\n\n[dependency]: https://david-dm.org/yitzchak/dicy?path=packages%2Fclient\n\n[devdependency svg]: https://david-dm.org/yitzchak/dicy/dev-status.svg?path=packages%2Fclient\n\n[devdependency]: https://david-dm.org/yitzchak/dicy?type=dev&path=packages%2Fclient\n\n[dicy]: https://yitzchak.github.io/dicy/\n\n[travis svg]: https://travis-ci.org/yitzchak/dicy.svg?branch=master\n\n[travis]: https://travis-ci.org/yitzchak/dicy\n","maintainers":[{"name":"yitzchak","email":"twburton@gmail.com"}],"time":{"modified":"2018-03-14T10:09:06.875Z","created":"2017-11-19T00:19:04.935Z","0.12.0-pre.0":"2017-11-19T00:19:04.935Z","0.12.0":"2017-11-26T01:54:12.753Z","0.12.1":"2017-11-29T20:23:12.845Z","0.12.2":"2017-12-02T15:08:27.592Z","0.12.3":"2017-12-10T13:13:56.688Z","0.13.0":"2018-03-14T10:09:06.363Z"},"homepage":"https://yitzchak.github.io/dicy/","keywords":["latex","knitr","sage","biblatex"],"repository":{"type":"git","url":"git+https://github.com/yitzchak/dicy.git"},"contributors":[],"author":{"name":"Tarn Burton","email":"twburton@gmail.com"},"bugs":{"url":"https://github.com/yitzchak/dicy/issues"},"license":"MIT","readmeFilename":"README.md","_attachments":{},"_etag":"W/\"9d59efc4463c3afdf2ede0a4fa0706b0\"","_lastModified":"Wed, 14 Mar 2018 10:09:14 GMT"}