{"_id":"camelcase","_rev":"54-e956d0e3c0449791cfaae49e9b0930ae","name":"camelcase","time":{"modified":"2018-05-25T06:51:37.300Z","created":"2013-10-30T20:39:45.449Z","0.0.0":"2013-10-30T20:39:50.719Z","1.0.0":"2014-10-12T11:06:54.223Z","1.0.1":"2014-10-12T12:07:56.522Z","1.0.2":"2014-11-25T07:46:37.286Z","1.1.0":"2015-05-15T23:13:02.556Z","1.2.0":"2015-07-30T15:11:19.077Z","1.2.1":"2015-08-01T10:38:13.833Z","2.0.0":"2015-11-15T12:49:16.601Z","2.0.1":"2015-11-17T14:12:18.285Z","2.1.0":"2016-01-24T18:40:18.240Z","2.1.1":"2016-03-12T17:30:36.527Z","3.0.0":"2016-05-04T17:33:27.903Z","4.0.0":"2016-11-08T15:54:49.686Z","4.1.0":"2017-03-30T09:16:02.724Z","5.0.0":"2018-03-28T11:08:34.664Z"},"maintainers":[{"name":"sindresorhus","email":"sindresorhus@gmail.com"}],"dist-tags":{"latest":"5.0.0"},"description":"Convert a dash/dot/underscore/space separated string to camelCase or PascalCase: `foo-bar` → `fooBar`","readme":"# camelcase [![Build Status](https://travis-ci.org/sindresorhus/camelcase.svg?branch=master)](https://travis-ci.org/sindresorhus/camelcase)\n\n> Convert a dash/dot/underscore/space separated string to camelCase or PascalCase: `foo-bar` → `fooBar`\n\n\n## Install\n\n```\n$ npm install camelcase\n```\n\n\n## Usage\n\n```js\nconst camelCase = require('camelcase');\n\ncamelCase('foo-bar');\n//=> 'fooBar'\n\ncamelCase('foo_bar');\n//=> 'fooBar'\n\ncamelCase('Foo-Bar');\n//=> 'fooBar'\n\ncamelCase('Foo-Bar', {pascalCase: true});\n//=> 'FooBar'\n\ncamelCase('--foo.bar', {pascalCase: false});\n//=> 'fooBar'\n\ncamelCase('foo bar');\n//=> 'fooBar'\n\nconsole.log(process.argv[3]);\n//=> '--foo-bar'\ncamelCase(process.argv[3]);\n//=> 'fooBar'\n\ncamelCase(['foo', 'bar']);\n//=> 'fooBar'\n\ncamelCase(['__foo__', '--bar'], {pascalCase: true});\n//=> 'FooBar'\n```\n\n\n## API\n\n### camelCase(input, [options])\n\n#### input\n\nType: `string` `string[]`\n\nString to convert to camel case.\n\n#### options\n\nType: `Object`\n\n##### pascalCase\n\nType: `boolean`<br>\nDefault: `false`\n\nUppercase the first character: `foo-bar` → `FooBar`\n\n\n## Related\n\n- [decamelize](https://github.com/sindresorhus/decamelize) - The inverse of this module\n- [uppercamelcase](https://github.com/SamVerschueren/uppercamelcase) - Like this module, but to PascalCase instead of camelCase\n- [titleize](https://github.com/sindresorhus/titleize) - Capitalize every word in string\n- [humanize-string](https://github.com/sindresorhus/humanize-string) - Convert a camelized/dasherized/underscored string into a humanized one\n\n\n## License\n\nMIT © [Sindre Sorhus](https://sindresorhus.com)\n","versions":{"1.0.0":{"name":"camelcase","version":"1.0.0","description":"Convert a dash/dot/underscore/space separated string to camelCase: foo-bar → fooBar","license":"MIT","repository":{"type":"git","url":"https://github.com/sindresorhus/camelcase"},"author":{"name":"Sindre Sorhus","email":"sindresorhus@gmail.com","url":"http://sindresorhus.com"},"engines":{"node":">=0.10.0"},"scripts":{"test":"node test.js"},"files":["index.js"],"keywords":["camelcase","camel-case","camel","case","dash","hyphen","dot","underscore","separator","string","text","convert"],"devDependencies":{"ava":"0.0.4"},"gitHead":"f04fb9e9f67a015b74d3686a8f9fd39f98a0a501","bugs":{"url":"https://github.com/sindresorhus/camelcase/issues"},"homepage":"https://github.com/sindresorhus/camelcase","_id":"camelcase@1.0.0","_shasum":"922e65c1ca86276972a94de002b4e06e215324a0","_from":".","_npmVersion":"2.1.2","_nodeVersion":"0.10.32","_npmUser":{"name":"sindresorhus","email":"sindresorhus@gmail.com"},"maintainers":[{"name":"sindresorhus","email":"sindresorhus@gmail.com"}],"dist":{"shasum":"922e65c1ca86276972a94de002b4e06e215324a0","tarball":"https://registry.npmjs.org/camelcase/-/camelcase-1.0.0.tgz"},"directories":{}},"1.0.1":{"name":"camelcase","version":"1.0.1","description":"Convert a dash/dot/underscore/space separated string to camelCase: foo-bar → fooBar","license":"MIT","repository":{"type":"git","url":"https://github.com/sindresorhus/camelcase"},"author":{"name":"Sindre Sorhus","email":"sindresorhus@gmail.com","url":"http://sindresorhus.com"},"engines":{"node":">=0.10.0"},"scripts":{"test":"node test.js"},"files":["index.js"],"keywords":["camelcase","camel-case","camel","case","dash","hyphen","dot","underscore","separator","string","text","convert"],"devDependencies":{"ava":"0.0.4"},"gitHead":"4cdcb6a37bc99bffbc5645f8b1be88f9f512f486","bugs":{"url":"https://github.com/sindresorhus/camelcase/issues"},"homepage":"https://github.com/sindresorhus/camelcase","_id":"camelcase@1.0.1","_shasum":"f4f09e56e00a7749a4579f7741a61a2180797220","_from":".","_npmVersion":"2.1.2","_nodeVersion":"0.10.32","_npmUser":{"name":"sindresorhus","email":"sindresorhus@gmail.com"},"maintainers":[{"name":"sindresorhus","email":"sindresorhus@gmail.com"}],"dist":{"shasum":"f4f09e56e00a7749a4579f7741a61a2180797220","tarball":"https://registry.npmjs.org/camelcase/-/camelcase-1.0.1.tgz"},"directories":{}},"1.0.2":{"name":"camelcase","version":"1.0.2","description":"Convert a dash/dot/underscore/space separated string to camelCase: foo-bar → fooBar","license":"MIT","repository":{"type":"git","url":"https://github.com/sindresorhus/camelcase"},"author":{"name":"Sindre Sorhus","email":"sindresorhus@gmail.com","url":"http://sindresorhus.com"},"engines":{"node":">=0.10.0"},"scripts":{"test":"node test.js"},"files":["index.js"],"keywords":["camelcase","camel-case","camel","case","dash","hyphen","dot","underscore","separator","string","text","convert"],"devDependencies":{"ava":"0.0.4"},"gitHead":"9d492d45989e5c47a1b3a314e2c132837d3ef295","bugs":{"url":"https://github.com/sindresorhus/camelcase/issues"},"homepage":"https://github.com/sindresorhus/camelcase","_id":"camelcase@1.0.2","_shasum":"7912eac1d496836782c976c2d73e874dc54f2eaf","_from":".","_npmVersion":"2.1.5","_nodeVersion":"0.10.32","_npmUser":{"name":"sindresorhus","email":"sindresorhus@gmail.com"},"maintainers":[{"name":"sindresorhus","email":"sindresorhus@gmail.com"}],"dist":{"shasum":"7912eac1d496836782c976c2d73e874dc54f2eaf","tarball":"https://registry.npmjs.org/camelcase/-/camelcase-1.0.2.tgz"},"directories":{}},"1.1.0":{"name":"camelcase","version":"1.1.0","description":"Convert a dash/dot/underscore/space separated string to camelCase: foo-bar → fooBar","license":"MIT","repository":{"type":"git","url":"https://github.com/sindresorhus/camelcase"},"author":{"name":"Sindre Sorhus","email":"sindresorhus@gmail.com","url":"http://sindresorhus.com"},"engines":{"node":">=0.10.0"},"scripts":{"test":"node test.js"},"files":["index.js"],"keywords":["camelcase","camel-case","camel","case","dash","hyphen","dot","underscore","separator","string","text","convert"],"devDependencies":{"ava":"0.0.4"},"gitHead":"552dafacf307f3dd97586b0f96b1d608a2d48b7d","bugs":{"url":"https://github.com/sindresorhus/camelcase/issues"},"homepage":"https://github.com/sindresorhus/camelcase","_id":"camelcase@1.1.0","_shasum":"953b25c3bc98671ee59a44cb9d542672da7331b9","_from":".","_npmVersion":"2.9.1","_nodeVersion":"0.12.3","_npmUser":{"name":"sindresorhus","email":"sindresorhus@gmail.com"},"dist":{"shasum":"953b25c3bc98671ee59a44cb9d542672da7331b9","tarball":"https://registry.npmjs.org/camelcase/-/camelcase-1.1.0.tgz"},"maintainers":[{"name":"sindresorhus","email":"sindresorhus@gmail.com"}],"directories":{}},"1.2.0":{"name":"camelcase","version":"1.2.0","description":"Convert a dash/dot/underscore/space separated string to camelCase: foo-bar → fooBar","license":"MIT","repository":{"type":"git","url":"https://github.com/sindresorhus/camelcase"},"author":{"name":"Sindre Sorhus","email":"sindresorhus@gmail.com","url":"http://sindresorhus.com"},"engines":{"node":">=0.10.0"},"scripts":{"test":"node test.js"},"files":["index.js"],"keywords":["camelcase","camel-case","camel","case","dash","hyphen","dot","underscore","separator","string","text","convert"],"devDependencies":{"ava":"0.0.4"},"gitHead":"ca0d7611a290b9f4bfe9720fe36fa1700da13541","bugs":{"url":"https://github.com/sindresorhus/camelcase/issues"},"homepage":"https://github.com/sindresorhus/camelcase","_id":"camelcase@1.2.0","_shasum":"44c851ab95bb936513844be4abd4529337838530","_from":".","_npmVersion":"2.11.2","_nodeVersion":"0.12.5","_npmUser":{"name":"sindresorhus","email":"sindresorhus@gmail.com"},"dist":{"shasum":"44c851ab95bb936513844be4abd4529337838530","tarball":"https://registry.npmjs.org/camelcase/-/camelcase-1.2.0.tgz"},"maintainers":[{"name":"sindresorhus","email":"sindresorhus@gmail.com"}],"directories":{}},"1.2.1":{"name":"camelcase","version":"1.2.1","description":"Convert a dash/dot/underscore/space separated string to camelCase: foo-bar → fooBar","license":"MIT","repository":{"type":"git","url":"https://github.com/sindresorhus/camelcase"},"author":{"name":"Sindre Sorhus","email":"sindresorhus@gmail.com","url":"http://sindresorhus.com"},"engines":{"node":">=0.10.0"},"scripts":{"test":"node test.js"},"files":["index.js"],"keywords":["camelcase","camel-case","camel","case","dash","hyphen","dot","underscore","separator","string","text","convert"],"devDependencies":{"ava":"0.0.4"},"gitHead":"185ba12da723be9c1ee986cc2956bdc4c517a141","bugs":{"url":"https://github.com/sindresorhus/camelcase/issues"},"homepage":"https://github.com/sindresorhus/camelcase","_id":"camelcase@1.2.1","_shasum":"9bb5304d2e0b56698b2c758b08a3eaa9daa58a39","_from":".","_npmVersion":"2.11.2","_nodeVersion":"0.12.5","_npmUser":{"name":"sindresorhus","email":"sindresorhus@gmail.com"},"dist":{"shasum":"9bb5304d2e0b56698b2c758b08a3eaa9daa58a39","tarball":"https://registry.npmjs.org/camelcase/-/camelcase-1.2.1.tgz"},"maintainers":[{"name":"sindresorhus","email":"sindresorhus@gmail.com"}],"directories":{}},"2.0.0":{"name":"camelcase","version":"2.0.0","description":"Convert a dash/dot/underscore/space separated string to camelCase: foo-bar → fooBar","license":"MIT","repository":{"type":"git","url":"https://github.com/sindresorhus/camelcase"},"author":{"name":"Sindre Sorhus","email":"sindresorhus@gmail.com","url":"http://sindresorhus.com"},"engines":{"node":">=0.10.0"},"scripts":{"test":"xo && ava"},"files":["index.js"],"keywords":["camelcase","camel-case","camel","case","dash","hyphen","dot","underscore","separator","string","text","convert"],"devDependencies":{"ava":"*","xo":"*"},"gitHead":"2911efeb93b84c10406391c1536edfe73c658588","bugs":{"url":"https://github.com/sindresorhus/camelcase/issues"},"homepage":"https://github.com/sindresorhus/camelcase","_id":"camelcase@2.0.0","_shasum":"ce69bde576ae24cb4bec697eec93c81809ecbefa","_from":".","_npmVersion":"2.14.7","_nodeVersion":"4.2.1","_npmUser":{"name":"sindresorhus","email":"sindresorhus@gmail.com"},"dist":{"shasum":"ce69bde576ae24cb4bec697eec93c81809ecbefa","tarball":"https://registry.npmjs.org/camelcase/-/camelcase-2.0.0.tgz"},"maintainers":[{"name":"sindresorhus","email":"sindresorhus@gmail.com"}],"directories":{}},"2.0.1":{"name":"camelcase","version":"2.0.1","description":"Convert a dash/dot/underscore/space separated string to camelCase: foo-bar → fooBar","license":"MIT","repository":{"type":"git","url":"https://github.com/sindresorhus/camelcase"},"author":{"name":"Sindre Sorhus","email":"sindresorhus@gmail.com","url":"http://sindresorhus.com"},"engines":{"node":">=0.10.0"},"scripts":{"test":"xo && ava"},"files":["index.js"],"keywords":["camelcase","camel-case","camel","case","dash","hyphen","dot","underscore","separator","string","text","convert"],"devDependencies":{"ava":"*","xo":"*"},"gitHead":"fb178b39412e3b63ef86bf6933089282d74d85c4","bugs":{"url":"https://github.com/sindresorhus/camelcase/issues"},"homepage":"https://github.com/sindresorhus/camelcase","_id":"camelcase@2.0.1","_shasum":"57568d687b8da56c4c1d17b4c74a3cee26d73aeb","_from":".","_npmVersion":"2.14.7","_nodeVersion":"4.2.1","_npmUser":{"name":"sindresorhus","email":"sindresorhus@gmail.com"},"dist":{"shasum":"57568d687b8da56c4c1d17b4c74a3cee26d73aeb","tarball":"https://registry.npmjs.org/camelcase/-/camelcase-2.0.1.tgz"},"maintainers":[{"name":"sindresorhus","email":"sindresorhus@gmail.com"}],"directories":{}},"2.1.0":{"name":"camelcase","version":"2.1.0","description":"Convert a dash/dot/underscore/space separated string to camelCase: foo-bar → fooBar","license":"MIT","repository":{"type":"git","url":"git+https://github.com/sindresorhus/camelcase.git"},"author":{"name":"Sindre Sorhus","email":"sindresorhus@gmail.com","url":"http://sindresorhus.com"},"engines":{"node":">=0.10.0"},"scripts":{"test":"xo && ava"},"files":["index.js"],"keywords":["camelcase","camel-case","camel","case","dash","hyphen","dot","underscore","separator","string","text","convert"],"devDependencies":{"ava":"*","xo":"*"},"gitHead":"9b73ccb3f48ab86eccb136c155f0eb2e67f40dc3","bugs":{"url":"https://github.com/sindresorhus/camelcase/issues"},"homepage":"https://github.com/sindresorhus/camelcase#readme","_id":"camelcase@2.1.0","_shasum":"533ad4cd7f8a1080ded31aba6c79b4bf437ff30c","_from":".","_npmVersion":"3.6.0","_nodeVersion":"4.2.4","_npmUser":{"name":"sindresorhus","email":"sindresorhus@gmail.com"},"dist":{"shasum":"533ad4cd7f8a1080ded31aba6c79b4bf437ff30c","tarball":"https://registry.npmjs.org/camelcase/-/camelcase-2.1.0.tgz"},"maintainers":[{"name":"sindresorhus","email":"sindresorhus@gmail.com"}],"directories":{}},"2.1.1":{"name":"camelcase","version":"2.1.1","description":"Convert a dash/dot/underscore/space separated string to camelCase: foo-bar → fooBar","license":"MIT","repository":{"type":"git","url":"https://github.com/sindresorhus/camelcase"},"author":{"name":"Sindre Sorhus","email":"sindresorhus@gmail.com","url":"http://sindresorhus.com"},"engines":{"node":">=0.10.0"},"scripts":{"test":"xo && ava"},"files":["index.js"],"keywords":["camelcase","camel-case","camel","case","dash","hyphen","dot","underscore","separator","string","text","convert"],"devDependencies":{"ava":"*","xo":"*"},"gitHead":"35c9c8abce5b9cc9defe534ab25823dc6383180f","bugs":{"url":"https://github.com/sindresorhus/camelcase/issues"},"homepage":"https://github.com/sindresorhus/camelcase","_id":"camelcase@2.1.1","_shasum":"7c1d16d679a1bbe59ca02cacecfb011e201f5a1f","_from":".","_npmVersion":"2.14.12","_nodeVersion":"4.3.0","_npmUser":{"name":"sindresorhus","email":"sindresorhus@gmail.com"},"dist":{"shasum":"7c1d16d679a1bbe59ca02cacecfb011e201f5a1f","tarball":"https://registry.npmjs.org/camelcase/-/camelcase-2.1.1.tgz"},"maintainers":[{"name":"sindresorhus","email":"sindresorhus@gmail.com"}],"_npmOperationalInternal":{"host":"packages-12-west.internal.npmjs.com","tmp":"tmp/camelcase-2.1.1.tgz_1457803836074_0.4515206723008305"},"directories":{}},"3.0.0":{"name":"camelcase","version":"3.0.0","description":"Convert a dash/dot/underscore/space separated string to camelCase: foo-bar → fooBar","license":"MIT","repository":{"type":"git","url":"git+https://github.com/sindresorhus/camelcase.git"},"author":{"name":"Sindre Sorhus","email":"sindresorhus@gmail.com","url":"http://sindresorhus.com"},"engines":{"node":">=0.10.0"},"scripts":{"test":"xo && ava"},"files":["index.js"],"keywords":["camelcase","camel-case","camel","case","dash","hyphen","dot","underscore","separator","string","text","convert"],"devDependencies":{"ava":"*","xo":"*"},"gitHead":"d4de0e37b625e38a880efc6517194917a5beda01","bugs":{"url":"https://github.com/sindresorhus/camelcase/issues"},"homepage":"https://github.com/sindresorhus/camelcase#readme","_id":"camelcase@3.0.0","_shasum":"32fc4b9fcdaf845fcdf7e73bb97cac2261f0ab0a","_from":".","_npmVersion":"3.8.9","_nodeVersion":"4.4.2","_npmUser":{"name":"sindresorhus","email":"sindresorhus@gmail.com"},"dist":{"shasum":"32fc4b9fcdaf845fcdf7e73bb97cac2261f0ab0a","tarball":"https://registry.npmjs.org/camelcase/-/camelcase-3.0.0.tgz"},"maintainers":[{"name":"sindresorhus","email":"sindresorhus@gmail.com"}],"_npmOperationalInternal":{"host":"packages-16-east.internal.npmjs.com","tmp":"tmp/camelcase-3.0.0.tgz_1462383205197_0.03801905922591686"},"directories":{}},"4.0.0":{"name":"camelcase","version":"4.0.0","description":"Convert a dash/dot/underscore/space separated string to camelCase: foo-bar → fooBar","license":"MIT","repository":{"type":"git","url":"git+https://github.com/sindresorhus/camelcase.git"},"author":{"name":"Sindre Sorhus","email":"sindresorhus@gmail.com","url":"sindresorhus.com"},"engines":{"node":">=4"},"scripts":{"test":"xo && ava"},"files":["index.js"],"keywords":["camelcase","camel-case","camel","case","dash","hyphen","dot","underscore","separator","string","text","convert"],"devDependencies":{"ava":"*","xo":"*"},"xo":{"esnext":true},"gitHead":"b1f77b8185bc99f32ba6fcf7a9ffd87a802f1152","bugs":{"url":"https://github.com/sindresorhus/camelcase/issues"},"homepage":"https://github.com/sindresorhus/camelcase#readme","_id":"camelcase@4.0.0","_shasum":"8b0f90d44be5e281b903b9887349b92595ef07f2","_from":".","_npmVersion":"2.15.9","_nodeVersion":"4.6.1","_npmUser":{"name":"sindresorhus","email":"sindresorhus@gmail.com"},"dist":{"shasum":"8b0f90d44be5e281b903b9887349b92595ef07f2","tarball":"https://registry.npmjs.org/camelcase/-/camelcase-4.0.0.tgz"},"maintainers":[{"name":"sindresorhus","email":"sindresorhus@gmail.com"}],"_npmOperationalInternal":{"host":"packages-12-west.internal.npmjs.com","tmp":"tmp/camelcase-4.0.0.tgz_1478620489451_0.9916922175325453"},"directories":{}},"4.1.0":{"name":"camelcase","version":"4.1.0","description":"Convert a dash/dot/underscore/space separated string to camelCase: foo-bar → fooBar","license":"MIT","repository":{"type":"git","url":"git+https://github.com/sindresorhus/camelcase.git"},"author":{"name":"Sindre Sorhus","email":"sindresorhus@gmail.com","url":"sindresorhus.com"},"engines":{"node":">=4"},"scripts":{"test":"xo && ava"},"files":["index.js"],"keywords":["camelcase","camel-case","camel","case","dash","hyphen","dot","underscore","separator","string","text","convert"],"devDependencies":{"ava":"*","xo":"*"},"xo":{"esnext":true},"gitHead":"0e6e4a2752aa013b8e9477145c7b8132c95a82ef","bugs":{"url":"https://github.com/sindresorhus/camelcase/issues"},"homepage":"https://github.com/sindresorhus/camelcase#readme","_id":"camelcase@4.1.0","_shasum":"d545635be1e33c542649c69173e5de6acfae34dd","_from":".","_npmVersion":"4.2.0","_nodeVersion":"7.8.0","_npmUser":{"name":"sindresorhus","email":"sindresorhus@gmail.com"},"dist":{"shasum":"d545635be1e33c542649c69173e5de6acfae34dd","tarball":"https://registry.npmjs.org/camelcase/-/camelcase-4.1.0.tgz"},"maintainers":[{"name":"sindresorhus","email":"sindresorhus@gmail.com"}],"_npmOperationalInternal":{"host":"packages-12-west.internal.npmjs.com","tmp":"tmp/camelcase-4.1.0.tgz_1490865362489_0.433825216954574"},"directories":{}},"5.0.0":{"name":"camelcase","version":"5.0.0","description":"Convert a dash/dot/underscore/space separated string to camelCase or PascalCase: `foo-bar` → `fooBar`","license":"MIT","repository":{"type":"git","url":"git+https://github.com/sindresorhus/camelcase.git"},"author":{"name":"Sindre Sorhus","email":"sindresorhus@gmail.com","url":"sindresorhus.com"},"engines":{"node":">=6"},"scripts":{"test":"xo && ava"},"files":["index.js"],"keywords":["camelcase","camel-case","camel","case","dash","hyphen","dot","underscore","separator","string","text","convert","pascalcase","pascal-case"],"devDependencies":{"ava":"*","xo":"*"},"gitHead":"a526ef0399f9a1310eaacafa0ae4a69da4a2f1ad","bugs":{"url":"https://github.com/sindresorhus/camelcase/issues"},"homepage":"https://github.com/sindresorhus/camelcase#readme","_id":"camelcase@5.0.0","_npmVersion":"5.6.0","_nodeVersion":"8.10.0","_npmUser":{"name":"sindresorhus","email":"sindresorhus@gmail.com"},"dist":{"integrity":"sha512-faqwZqnWxbxn+F1d399ygeamQNy3lPp/H9H6rNrqYh4FSVCtcY+3cub1MxA8o9mDd55mM8Aghuu/kuyYA6VTsA==","shasum":"03295527d58bd3cd4aa75363f35b2e8d97be2f42","tarball":"https://registry.npmjs.org/camelcase/-/camelcase-5.0.0.tgz","fileCount":4,"unpackedSize":5089},"maintainers":[{"name":"sindresorhus","email":"sindresorhus@gmail.com"}],"directories":{},"_npmOperationalInternal":{"host":"s3://npm-registry-packages","tmp":"tmp/camelcase_5.0.0_1522235314616_0.509666479685914"}}},"homepage":"https://github.com/sindresorhus/camelcase#readme","keywords":["camelcase","camel-case","camel","case","dash","hyphen","dot","underscore","separator","string","text","convert","pascalcase","pascal-case"],"repository":{"type":"git","url":"git+https://github.com/sindresorhus/camelcase.git"},"author":{"name":"Sindre Sorhus","email":"sindresorhus@gmail.com","url":"sindresorhus.com"},"bugs":{"url":"https://github.com/sindresorhus/camelcase/issues"},"license":"MIT","readmeFilename":"readme.md","users":{"andrebassi":true,"akiva":true,"gochomugo":true,"bret":true,"galenandrew":true,"xiechao06":true,"vwal":true,"docksteaderluke":true,"vzg03566":true,"ridermansb":true,"monolithed":true,"joaquin.briceno":true,"esenor":true,"jetthiago":true,"alanerzhao":true,"mehmetkose":true,"vonmauser":true,"quafoo":true,"domjtalbot":true,"ansonhorse":true,"terrychan":true,"xhou":true,"zhenguo.zhao":true,"vunb":true,"rocket0191":true,"justjavac":true,"shuoshubao":true,"dwqs":true},"_attachments":{},"_etag":"W/\"b4e6ffb382e6bdec405c9f5f9c9d1984\"","_lastModified":"Sat, 26 May 2018 19:19:00 GMT","_cached":true}