{"_id":"long","_rev":"96-343fe6b681da8f29fc80d84fc4614583","name":"long","description":"A Long class for representing a 64-bit two's-complement integer value.","dist-tags":{"latest":"4.0.0"},"versions":{"1.0.0":{"name":"long","version":"1.0.0","author":{"name":"Daniel Wirtz","email":"dcode@dcode.io"},"description":"Long.js: A Long class for representing a 64-bit two's-complement integer value derived from the Closure Library.","main":"Long.js","repository":{"type":"git","url":"https://github.com/dcodeIO/Long.js.git"},"keywords":["math"],"dependencies":{},"devDependencies":{"nodeunit":">=0.7","closurecompiler":">=1.1"},"license":"Apache License, Version 2.0","engines":{"node":">=0.6"},"scripts":{"make":"npm run-script compile && npm test && npm run-script jsdoc","compile":"ccjs Long.js --compilation_level=ADVANCED_OPTIMIZATIONS > Long.min.js","test":"nodeunit tests/suite.js","jsdoc":"jsdoc -c jsdoc.json"},"_id":"long@1.0.0","dist":{"shasum":"515e5217ea3a6f5bcf0412a673024706dbccab82","tarball":"https://registry.npmjs.org/long/-/long-1.0.0.tgz"},"_npmVersion":"1.2.0","_npmUser":{"name":"dcode","email":"dcode@dcode.io"},"maintainers":[{"name":"dcode","email":"dcode@dcode.io"}],"directories":{}},"1.0.1":{"name":"long","version":"1.0.1","author":{"name":"Daniel Wirtz","email":"dcode@dcode.io"},"description":"Long.js: A Long class for representing a 64-bit two's-complement integer value derived from the Closure Library.","main":"Long.js","repository":{"type":"git","url":"https://github.com/dcodeIO/Long.js.git"},"keywords":["math"],"dependencies":{},"devDependencies":{"nodeunit":">=0.7","closurecompiler":">=1.1"},"license":"Apache License, Version 2.0","engines":{"node":">=0.6"},"scripts":{"make":"npm run-script compile && npm test && npm run-script jsdoc","compile":"ccjs Long.js --compilation_level=ADVANCED_OPTIMIZATIONS > Long.min.js","test":"nodeunit tests/suite.js","jsdoc":"jsdoc -c jsdoc.json"},"_id":"long@1.0.1","dist":{"shasum":"239a6c6a6e0777d69aee13670f63cb0be2240b1a","tarball":"https://registry.npmjs.org/long/-/long-1.0.1.tgz"},"_npmVersion":"1.2.0","_npmUser":{"name":"dcode","email":"dcode@dcode.io"},"maintainers":[{"name":"dcode","email":"dcode@dcode.io"}],"directories":{}},"1.1.0":{"name":"long","version":"1.1.0","author":{"name":"Daniel Wirtz","email":"dcode@dcode.io"},"description":"Long.js: A Long class for representing a 64-bit two's-complement integer value derived from the Closure Library extended with unsigned support.","main":"Long.js","repository":{"type":"git","url":"https://github.com/dcodeIO/Long.js.git"},"keywords":["math"],"dependencies":{},"devDependencies":{"nodeunit":">=0.7","closurecompiler":">=1.1"},"license":"Apache License, Version 2.0","engines":{"node":">=0.6"},"scripts":{"make":"npm run-script compile && npm test && npm run-script jsdoc","compile":"ccjs Long.js --compilation_level=ADVANCED_OPTIMIZATIONS > Long.min.js","test":"nodeunit tests/suite.js","jsdoc":"jsdoc -c jsdoc.json"},"_id":"long@1.1.0","dist":{"shasum":"efb9bf3eb8bcd3252056c88e05dc359767e00bbf","tarball":"https://registry.npmjs.org/long/-/long-1.1.0.tgz"},"_npmVersion":"1.2.0","_npmUser":{"name":"dcode","email":"dcode@dcode.io"},"maintainers":[{"name":"dcode","email":"dcode@dcode.io"}],"directories":{}},"1.1.1":{"name":"long","version":"1.1.1","author":{"name":"Daniel Wirtz","email":"dcode@dcode.io"},"description":"Long.js: A Long class for representing a 64-bit two's-complement integer value derived from the Closure Library extended with unsigned support.","main":"Long.js","repository":{"type":"git","url":"https://github.com/dcodeIO/Long.js.git"},"keywords":["math"],"dependencies":{},"devDependencies":{"nodeunit":">=0.7","closurecompiler":">=1.1"},"license":"Apache License, Version 2.0","engines":{"node":">=0.6"},"scripts":{"make":"npm run-script compile && npm test && npm run-script jsdoc","compile":"ccjs Long.js --compilation_level=ADVANCED_OPTIMIZATIONS > Long.min.js","test":"nodeunit tests/suite.js","jsdoc":"jsdoc -c jsdoc.json"},"_id":"long@1.1.1","dist":{"shasum":"420fdff15142815e4404a9f63bfdf47829926f60","tarball":"https://registry.npmjs.org/long/-/long-1.1.1.tgz"},"_npmVersion":"1.2.0","_npmUser":{"name":"dcode","email":"dcode@dcode.io"},"maintainers":[{"name":"dcode","email":"dcode@dcode.io"}],"directories":{}},"1.1.2":{"name":"long","version":"1.1.2","author":{"name":"Daniel Wirtz","email":"dcode@dcode.io"},"description":"A Long class for representing a 64-bit two's-complement integer value.","main":"Long.js","repository":{"type":"git","url":"https://github.com/dcodeIO/Long.js.git"},"keywords":["math"],"dependencies":{},"devDependencies":{"testjs":"latest","closurecompiler":"latest"},"license":"Apache-2.0","engines":{"node":">=0.6"},"scripts":{"make":"npm run-script compile && npm test && npm run-script jsdoc","compile":"ccjs Long.js --compilation_level=ADVANCED_OPTIMIZATIONS > Long.min.js","test":"node node_modules/testjs/bin/testjs tests/suite.js","jsdoc":"jsdoc -c jsdoc.json"},"bugs":{"url":"https://github.com/dcodeIO/Long.js/issues"},"_id":"long@1.1.2","dist":{"shasum":"eaef5951ca7551d96926b82da242db9d6b28fb53","tarball":"https://registry.npmjs.org/long/-/long-1.1.2.tgz"},"_from":".","_npmVersion":"1.2.32","_npmUser":{"name":"dcode","email":"dcode@dcode.io"},"maintainers":[{"name":"dcode","email":"dcode@dcode.io"}],"directories":{}},"1.1.4":{"name":"long","version":"1.1.4","author":{"name":"Daniel Wirtz","email":"dcode@dcode.io"},"description":"A Long class for representing a 64-bit two's-complement integer value.","main":"index.js","repository":{"type":"git","url":"https://github.com/dcodeIO/Long.js.git"},"keywords":["math"],"dependencies":{},"devDependencies":{"testjs":"latest","closurecompiler":"latest"},"license":"Apache-2.0","engines":{"node":">=0.6"},"scripts":{"make":"cp src/Long.js dist/Long.js && npm run-script compile && npm test && npm run-script jsdoc","compile":"ccjs dist/Long.js --compilation_level=ADVANCED_OPTIMIZATIONS --output_wrapper=\"(function(){%output%})();\" > dist/Long.min.js","test":"node node_modules/testjs/bin/testjs tests/suite.js","jsdoc":"jsdoc -c jsdoc.json"},"bugs":{"url":"https://github.com/dcodeIO/Long.js/issues"},"homepage":"https://github.com/dcodeIO/Long.js","_id":"long@1.1.4","_shasum":"3f007fad2d15dce7d1238f5deef2f0a52c4c68c7","_from":".","_npmVersion":"1.4.9","_npmUser":{"name":"dcode","email":"dcode@dcode.io"},"maintainers":[{"name":"dcode","email":"dcode@dcode.io"}],"dist":{"shasum":"3f007fad2d15dce7d1238f5deef2f0a52c4c68c7","tarball":"https://registry.npmjs.org/long/-/long-1.1.4.tgz"},"directories":{}},"1.1.5":{"name":"long","version":"1.1.5","author":{"name":"Daniel Wirtz","email":"dcode@dcode.io"},"description":"A Long class for representing a 64-bit two's-complement integer value.","main":"index.js","repository":{"type":"git","url":"https://github.com/dcodeIO/Long.js.git"},"keywords":["math"],"dependencies":{},"devDependencies":{"testjs":"latest","closurecompiler":"latest"},"license":"Apache-2.0","engines":{"node":">=0.6"},"scripts":{"make":"cp src/Long.js dist/Long.js && npm run-script compile && npm test && npm run-script jsdoc","compile":"ccjs dist/Long.js --compilation_level=ADVANCED_OPTIMIZATIONS --output_wrapper=\"(function(){%output%})();\" > dist/Long.min.js","test":"node node_modules/testjs/bin/testjs tests/suite.js","jsdoc":"jsdoc -c jsdoc.json"},"bugs":{"url":"https://github.com/dcodeIO/Long.js/issues"},"homepage":"https://github.com/dcodeIO/Long.js","_id":"long@1.1.5","_shasum":"b5c2c10a3d83ee0ec0aaffb3e4e711d01f607e9a","_from":".","_npmVersion":"1.4.9","_npmUser":{"name":"dcode","email":"dcode@dcode.io"},"maintainers":[{"name":"dcode","email":"dcode@dcode.io"}],"dist":{"shasum":"b5c2c10a3d83ee0ec0aaffb3e4e711d01f607e9a","tarball":"https://registry.npmjs.org/long/-/long-1.1.5.tgz"},"directories":{}},"1.2.0":{"name":"long","version":"1.2.0","author":{"name":"Daniel Wirtz","email":"dcode@dcode.io"},"description":"A Long class for representing a 64-bit two's-complement integer value.","main":"index.js","repository":{"type":"git","url":"https://github.com/dcodeIO/Long.js.git"},"keywords":["math"],"dependencies":{},"devDependencies":{"testjs":"latest","closurecompiler":"latest"},"license":"Apache-2.0","engines":{"node":">=0.6"},"scripts":{"make":"cp src/Long.js dist/Long.js && npm run-script compile && npm test && npm run-script jsdoc","compile":"ccjs dist/Long.js --compilation_level=ADVANCED_OPTIMIZATIONS --output_wrapper=\"(function(){%output%})();\" > dist/Long.min.js","test":"node node_modules/testjs/bin/testjs tests/suite.js","jsdoc":"jsdoc -c jsdoc.json"},"gitHead":"9290c05acc052b717e09c985da9f5246f115d57d","bugs":{"url":"https://github.com/dcodeIO/Long.js/issues"},"homepage":"https://github.com/dcodeIO/Long.js","_id":"long@1.2.0","_shasum":"b39b2730b9c135f91a57bcd73e8617a9b648468b","_from":".","_npmVersion":"1.4.21","_npmUser":{"name":"dcode","email":"dcode@dcode.io"},"maintainers":[{"name":"dcode","email":"dcode@dcode.io"}],"dist":{"shasum":"b39b2730b9c135f91a57bcd73e8617a9b648468b","tarball":"https://registry.npmjs.org/long/-/long-1.2.0.tgz"},"directories":{}},"1.2.1":{"name":"long","version":"1.2.1","author":{"name":"Daniel Wirtz","email":"dcode@dcode.io"},"description":"A Long class for representing a 64-bit two's-complement integer value.","main":"index.js","repository":{"type":"git","url":"https://github.com/dcodeIO/Long.js.git"},"keywords":["math"],"dependencies":{},"devDependencies":{"intn":"~1","testjs":"latest","closurecompiler":"latest"},"license":"Apache-2.0","engines":{"node":">=0.6"},"scripts":{"make":"cp src/Long.js dist/Long.js && npm run-script compile && npm test && npm run-script jsdoc","compile":"ccjs dist/Long.js --compilation_level=ADVANCED_OPTIMIZATIONS --output_wrapper=\"(function(){%output%})();\" > dist/Long.min.js","test":"node node_modules/testjs/bin/testjs tests/suite.js","jsdoc":"jsdoc -c jsdoc.json"},"gitHead":"73572c8bd355f9dd4a7e9723b6e41385f1dacebb","bugs":{"url":"https://github.com/dcodeIO/Long.js/issues"},"homepage":"https://github.com/dcodeIO/Long.js","_id":"long@1.2.1","_shasum":"825acb89d4d025f74dc0f7e63d5f5625a0b617e8","_from":".","_npmVersion":"1.4.21","_npmUser":{"name":"dcode","email":"dcode@dcode.io"},"maintainers":[{"name":"dcode","email":"dcode@dcode.io"}],"dist":{"shasum":"825acb89d4d025f74dc0f7e63d5f5625a0b617e8","tarball":"https://registry.npmjs.org/long/-/long-1.2.1.tgz"},"directories":{}},"1.2.3":{"name":"long","version":"1.2.3","author":{"name":"Daniel Wirtz","email":"dcode@dcode.io"},"description":"A Long class for representing a 64-bit two's-complement integer value.","main":"index.js","repository":{"type":"git","url":"https://github.com/dcodeIO/Long.js.git"},"keywords":["math"],"dependencies":{},"devDependencies":{"intn":"~1","testjs":"latest","closurecompiler":"latest"},"license":"Apache-2.0","engines":{"node":">=0.6"},"scripts":{"make":"cp src/Long.js dist/Long.js && npm run-script compile && npm test && npm run-script jsdoc","compile":"ccjs dist/Long.js --compilation_level=ADVANCED_OPTIMIZATIONS --output_wrapper=\"(function(){%output%})();\" > dist/Long.min.js","test":"node node_modules/testjs/bin/testjs tests/suite.js","jsdoc":"jsdoc -c jsdoc.json"},"gitHead":"73572c8bd355f9dd4a7e9723b6e41385f1dacebb","bugs":{"url":"https://github.com/dcodeIO/Long.js/issues"},"homepage":"https://github.com/dcodeIO/Long.js","_id":"long@1.2.3","_shasum":"117fe2e2b1c453d83e322776c8d470639faa2b7f","_from":".","_npmVersion":"1.4.21","_npmUser":{"name":"dcode","email":"dcode@dcode.io"},"maintainers":[{"name":"dcode","email":"dcode@dcode.io"}],"dist":{"shasum":"117fe2e2b1c453d83e322776c8d470639faa2b7f","tarball":"https://registry.npmjs.org/long/-/long-1.2.3.tgz"},"directories":{}},"2.0.0":{"name":"long","version":"2.0.0","author":{"name":"Daniel Wirtz","email":"dcode@dcode.io"},"description":"A Long class for representing a 64-bit two's-complement integer value.","main":"index.js","repository":{"type":"git","url":"https://github.com/dcodeIO/Long.js.git"},"keywords":["math"],"dependencies":{},"devDependencies":{"testjs":"latest","closurecompiler":"latest","metascript":"~0"},"license":"Apache-2.0","engines":{"node":">=0.6"},"scripts":{"build":"node scripts/build.js","make":"npm run-script build && npm run-script compile && npm run-script compress && npm test","compile":"ccjs dist/Long.js --compilation_level=ADVANCED_OPTIMIZATIONS --output_wrapper=\"(function(){%output%})();\" --create_source_map=dist/Long.min.map > dist/Long.min.js","compress":"gzip -c -9 dist/Long.min.js > dist/Long.min.js.gz","test":"node node_modules/testjs/bin/testjs tests/suite.js"},"gitHead":"a4d3518f8afbfef0f6c2c02bd48374bc21ef0449","bugs":{"url":"https://github.com/dcodeIO/Long.js/issues"},"homepage":"https://github.com/dcodeIO/Long.js","_id":"long@2.0.0","_shasum":"cf1daa027ebbd412aec812219cdf8cddacc42b1a","_from":".","_npmVersion":"1.4.21","_npmUser":{"name":"dcode","email":"dcode@dcode.io"},"maintainers":[{"name":"dcode","email":"dcode@dcode.io"}],"dist":{"shasum":"cf1daa027ebbd412aec812219cdf8cddacc42b1a","tarball":"https://registry.npmjs.org/long/-/long-2.0.0.tgz"},"directories":{}},"2.0.1":{"name":"long","version":"2.0.1","author":{"name":"Daniel Wirtz","email":"dcode@dcode.io"},"description":"A Long class for representing a 64-bit two's-complement integer value.","main":"index.js","repository":{"type":"git","url":"https://github.com/dcodeIO/Long.js.git"},"keywords":["math"],"dependencies":{},"devDependencies":{"testjs":"latest","closurecompiler":"latest","metascript":"~0"},"license":"Apache-2.0","engines":{"node":">=0.6"},"scripts":{"build":"node scripts/build.js","make":"npm run-script build && npm run-script compile && npm run-script compress && npm test","compile":"ccjs dist/Long.js --compilation_level=ADVANCED_OPTIMIZATIONS --output_wrapper=\"(function(){%output%})();\" --create_source_map=dist/Long.min.map > dist/Long.min.js","compress":"gzip -c -9 dist/Long.min.js > dist/Long.min.js.gz","test":"node node_modules/testjs/bin/testjs tests/suite.js"},"gitHead":"f12773ac0835eb7ac23095f94700c8e20be2e8ae","bugs":{"url":"https://github.com/dcodeIO/Long.js/issues"},"homepage":"https://github.com/dcodeIO/Long.js","_id":"long@2.0.1","_shasum":"3afbab860b94c9f95f2fc4094da332db9e3274db","_from":".","_npmVersion":"1.4.21","_npmUser":{"name":"dcode","email":"dcode@dcode.io"},"maintainers":[{"name":"dcode","email":"dcode@dcode.io"}],"dist":{"shasum":"3afbab860b94c9f95f2fc4094da332db9e3274db","tarball":"https://registry.npmjs.org/long/-/long-2.0.1.tgz"},"directories":{}},"2.1.0":{"name":"long","version":"2.1.0","author":{"name":"Daniel Wirtz","email":"dcode@dcode.io"},"description":"A Long class for representing a 64-bit two's-complement integer value.","main":"index.js","repository":{"type":"git","url":"https://github.com/dcodeIO/Long.js.git"},"keywords":["math"],"dependencies":{},"devDependencies":{"testjs":"latest","closurecompiler":"latest","metascript":"~0"},"license":"Apache-2.0","engines":{"node":">=0.6"},"scripts":{"build":"node scripts/build.js","make":"npm run-script build && npm run-script compile && npm run-script compress && npm test","compile":"ccjs dist/Long.js --compilation_level=ADVANCED_OPTIMIZATIONS --output_wrapper=\"(function(){%output%})();\" --create_source_map=dist/Long.min.map > dist/Long.min.js","compress":"gzip -c -9 dist/Long.min.js > dist/Long.min.js.gz","test":"node node_modules/testjs/bin/testjs tests/suite.js"},"gitHead":"929a4fe2f4958b1f7ab447a1f5eff88e51a9d3d3","bugs":{"url":"https://github.com/dcodeIO/Long.js/issues"},"homepage":"https://github.com/dcodeIO/Long.js","_id":"long@2.1.0","_shasum":"e97939a21a656b7a88ba871ca34aaf32b25c0cb1","_from":".","_npmVersion":"1.4.21","_npmUser":{"name":"dcode","email":"dcode@dcode.io"},"maintainers":[{"name":"dcode","email":"dcode@dcode.io"}],"dist":{"shasum":"e97939a21a656b7a88ba871ca34aaf32b25c0cb1","tarball":"https://registry.npmjs.org/long/-/long-2.1.0.tgz"},"directories":{}},"2.2.0":{"name":"long","version":"2.2.0","author":{"name":"Daniel Wirtz","email":"dcode@dcode.io"},"description":"A Long class for representing a 64-bit two's-complement integer value.","main":"index.js","repository":{"type":"git","url":"https://github.com/dcodeIO/Long.js.git"},"keywords":["math"],"dependencies":{},"devDependencies":{"testjs":"latest","closurecompiler":"latest","metascript":"~0"},"license":"Apache-2.0","engines":{"node":">=0.6"},"scripts":{"build":"node scripts/build.js","make":"npm run-script build && npm run-script compile && npm run-script compress && npm test","compile":"ccjs dist/Long.js --compilation_level=ADVANCED_OPTIMIZATIONS --output_wrapper=\"(function(){%output%})();\" --create_source_map=dist/Long.min.map > dist/Long.min.js","compress":"gzip -c -9 dist/Long.min.js > dist/Long.min.js.gz","test":"node node_modules/testjs/bin/testjs tests/suite.js"},"gitHead":"0d0aea6cc4cf68829eada76fc44a63fa5699f8af","bugs":{"url":"https://github.com/dcodeIO/Long.js/issues"},"homepage":"https://github.com/dcodeIO/Long.js","_id":"long@2.2.0","_shasum":"dc01d1fd385cd7c705d00333b73811598d316763","_from":".","_npmVersion":"1.4.21","_npmUser":{"name":"dcode","email":"dcode@dcode.io"},"maintainers":[{"name":"dcode","email":"dcode@dcode.io"}],"dist":{"shasum":"dc01d1fd385cd7c705d00333b73811598d316763","tarball":"https://registry.npmjs.org/long/-/long-2.2.0.tgz"},"directories":{}},"2.2.1":{"name":"long","version":"2.2.1","author":{"name":"Daniel Wirtz","email":"dcode@dcode.io"},"description":"A Long class for representing a 64-bit two's-complement integer value.","main":"index.js","repository":{"type":"git","url":"https://github.com/dcodeIO/Long.js.git"},"keywords":["math"],"dependencies":{},"devDependencies":{"testjs":"latest","closurecompiler":"latest","metascript":"~0"},"license":"Apache-2.0","engines":{"node":">=0.6"},"scripts":{"build":"node scripts/build.js","make":"npm run-script build && npm run-script compile && npm run-script compress && npm test","compile":"ccjs dist/Long.js --compilation_level=ADVANCED_OPTIMIZATIONS --output_wrapper=\"(function(){%output%})();\" --create_source_map=dist/Long.min.map > dist/Long.min.js","compress":"gzip -c -9 dist/Long.min.js > dist/Long.min.js.gz","test":"node node_modules/testjs/bin/testjs tests/suite.js"},"gitHead":"282785dcd8329dcdc4b0654a9f2911d9fd474b98","bugs":{"url":"https://github.com/dcodeIO/Long.js/issues"},"homepage":"https://github.com/dcodeIO/Long.js","_id":"long@2.2.1","_shasum":"f386e04e3c290a78d5ca8d5146b8af4c5f446a90","_from":".","_npmVersion":"1.4.21","_npmUser":{"name":"dcode","email":"dcode@dcode.io"},"maintainers":[{"name":"dcode","email":"dcode@dcode.io"}],"dist":{"shasum":"f386e04e3c290a78d5ca8d5146b8af4c5f446a90","tarball":"https://registry.npmjs.org/long/-/long-2.2.1.tgz"},"directories":{}},"2.2.2":{"name":"long","version":"2.2.2","author":{"name":"Daniel Wirtz","email":"dcode@dcode.io"},"description":"A Long class for representing a 64-bit two's-complement integer value.","main":"index.js","repository":{"type":"git","url":"https://github.com/dcodeIO/Long.js.git"},"keywords":["math"],"dependencies":{},"devDependencies":{"testjs":"latest","closurecompiler":"latest","metascript":"~0"},"license":"Apache-2.0","engines":{"node":">=0.6"},"scripts":{"build":"node scripts/build.js","make":"npm run-script build && npm run-script compile && npm run-script compress && npm test","compile":"ccjs dist/Long.js --compilation_level=ADVANCED_OPTIMIZATIONS --output_wrapper=\"(function(){%output%})();\" --create_source_map=dist/Long.min.map > dist/Long.min.js","compress":"gzip -c -9 dist/Long.min.js > dist/Long.min.js.gz","test":"node node_modules/testjs/bin/testjs tests/suite.js"},"gitHead":"f71f9fcc47a51bf7bc197a2780a19ea1e6b4f0a6","bugs":{"url":"https://github.com/dcodeIO/Long.js/issues"},"homepage":"https://github.com/dcodeIO/Long.js","_id":"long@2.2.2","_shasum":"6c2d4bfa181e65194c2f8d8d54636033d4e6a9d9","_from":".","_npmVersion":"1.4.21","_npmUser":{"name":"dcode","email":"dcode@dcode.io"},"maintainers":[{"name":"dcode","email":"dcode@dcode.io"}],"dist":{"shasum":"6c2d4bfa181e65194c2f8d8d54636033d4e6a9d9","tarball":"https://registry.npmjs.org/long/-/long-2.2.2.tgz"},"directories":{}},"2.2.3":{"name":"long","version":"2.2.3","author":{"name":"Daniel Wirtz","email":"dcode@dcode.io"},"description":"A Long class for representing a 64-bit two's-complement integer value.","main":"index.js","repository":{"type":"git","url":"https://github.com/dcodeIO/Long.js.git"},"keywords":["math"],"dependencies":{},"devDependencies":{"testjs":"latest","closurecompiler":"latest","metascript":"~0"},"license":"Apache-2.0","engines":{"node":">=0.6"},"scripts":{"build":"node scripts/build.js","make":"npm run-script build && npm run-script compile && npm run-script compress && npm test","compile":"ccjs dist/Long.js --compilation_level=ADVANCED_OPTIMIZATIONS --output_wrapper=\"(function(){%output%})();\" --create_source_map=dist/Long.min.map > dist/Long.min.js","compress":"gzip -c -9 dist/Long.min.js > dist/Long.min.js.gz","test":"node node_modules/testjs/bin/testjs tests/suite.js"},"gitHead":"da00464b3ad428843931bfa000a2f98fde95d5f7","bugs":{"url":"https://github.com/dcodeIO/Long.js/issues"},"homepage":"https://github.com/dcodeIO/Long.js","_id":"long@2.2.3","_shasum":"635f5b530b3bd3ecb000a2ffb11281583c7f1e07","_from":".","_npmVersion":"1.4.21","_npmUser":{"name":"dcode","email":"dcode@dcode.io"},"maintainers":[{"name":"dcode","email":"dcode@dcode.io"}],"dist":{"shasum":"635f5b530b3bd3ecb000a2ffb11281583c7f1e07","tarball":"https://registry.npmjs.org/long/-/long-2.2.3.tgz"},"directories":{}},"2.2.4":{"name":"long","version":"2.2.4","author":{"name":"Daniel Wirtz","email":"dcode@dcode.io"},"description":"A Long class for representing a 64-bit two's-complement integer value.","main":"dist/Long.js","repository":{"type":"git","url":"https://github.com/dcodeIO/Long.js.git"},"keywords":["math"],"dependencies":{},"devDependencies":{"testjs":"latest","closurecompiler":"latest","metascript":"~0"},"license":"Apache-2.0","engines":{"node":">=0.6"},"scripts":{"build":"node scripts/build.js","make":"npm run-script build && npm run-script compile && npm run-script compress && npm test","compile":"ccjs dist/Long.js --compilation_level=ADVANCED_OPTIMIZATIONS --output_wrapper=\"(function(){%output%})();\" --create_source_map=dist/Long.min.map > dist/Long.min.js","compress":"gzip -c -9 dist/Long.min.js > dist/Long.min.js.gz","test":"node node_modules/testjs/bin/testjs tests/suite.js"},"gitHead":"add49caa7456d1bc0898b42927672cfca11c8228","bugs":{"url":"https://github.com/dcodeIO/Long.js/issues"},"homepage":"https://github.com/dcodeIO/Long.js","_id":"long@2.2.4","_shasum":"b04914750cfdce369bfeb68c1eba61f57b431c8d","_from":".","_npmVersion":"1.4.28","_npmUser":{"name":"dcode","email":"dcode@dcode.io"},"maintainers":[{"name":"dcode","email":"dcode@dcode.io"}],"dist":{"shasum":"b04914750cfdce369bfeb68c1eba61f57b431c8d","tarball":"https://registry.npmjs.org/long/-/long-2.2.4.tgz"},"directories":{}},"2.2.5":{"name":"long","version":"2.2.5","author":{"name":"Daniel Wirtz","email":"dcode@dcode.io"},"description":"A Long class for representing a 64-bit two's-complement integer value.","main":"dist/Long.js","repository":{"type":"git","url":"https://github.com/dcodeIO/Long.js.git"},"keywords":["math"],"dependencies":{},"devDependencies":{"testjs":"latest","closurecompiler":"latest","metascript":"~0"},"license":"Apache-2.0","engines":{"node":">=0.6"},"scripts":{"build":"node scripts/build.js","make":"npm run-script build && npm run-script compile && npm run-script compress && npm test","compile":"ccjs dist/Long.js --compilation_level=ADVANCED_OPTIMIZATIONS --output_wrapper=\"(function(){%output%})();\" --create_source_map=dist/Long.min.map > dist/Long.min.js","compress":"gzip -c -9 dist/Long.min.js > dist/Long.min.js.gz","test":"node node_modules/testjs/bin/testjs tests/suite.js"},"gitHead":"59ed8d33ff4a8fadf4eb3a56ac2242f4fef3b9a4","bugs":{"url":"https://github.com/dcodeIO/Long.js/issues"},"homepage":"https://github.com/dcodeIO/Long.js","_id":"long@2.2.5","_shasum":"5a286b6f86ea81a28720d2702948fddc7d61310e","_from":".","_npmVersion":"1.4.28","_npmUser":{"name":"dcode","email":"dcode@dcode.io"},"maintainers":[{"name":"dcode","email":"dcode@dcode.io"}],"dist":{"shasum":"5a286b6f86ea81a28720d2702948fddc7d61310e","tarball":"https://registry.npmjs.org/long/-/long-2.2.5.tgz"},"directories":{}},"2.3.0":{"name":"long","version":"2.3.0","author":{"name":"Daniel Wirtz","email":"dcode@dcode.io"},"description":"A Long class for representing a 64-bit two's-complement integer value.","main":"dist/Long.js","repository":{"type":"git","url":"git+https://github.com/dcodeIO/Long.js.git"},"keywords":["math"],"dependencies":{},"devDependencies":{"testjs":"latest","closurecompiler":"latest","metascript":"~0"},"license":"Apache-2.0","engines":{"node":">=0.6"},"scripts":{"build":"node scripts/build.js","make":"npm run-script build && npm run-script compile && npm run-script compress && npm test","compile":"ccjs dist/Long.js --compilation_level=ADVANCED_OPTIMIZATIONS --create_source_map=dist/Long.min.map > dist/Long.min.js","compress":"gzip -c -9 dist/Long.min.js > dist/Long.min.js.gz","test":"node node_modules/testjs/bin/testjs tests/suite.js"},"gitHead":"3ee947dad4b9d2b8b68237ee286421ac772e2ed9","bugs":{"url":"https://github.com/dcodeIO/Long.js/issues"},"homepage":"https://github.com/dcodeIO/Long.js#readme","_id":"long@2.3.0","_shasum":"f40cd708a0fecba4254302b213b3a180a1e1557d","_from":".","_npmVersion":"2.11.3","_nodeVersion":"0.12.7","_npmUser":{"name":"dcode","email":"dcode@dcode.io"},"maintainers":[{"name":"dcode","email":"dcode@dcode.io"}],"dist":{"shasum":"f40cd708a0fecba4254302b213b3a180a1e1557d","tarball":"https://registry.npmjs.org/long/-/long-2.3.0.tgz"},"directories":{}},"2.4.0":{"name":"long","version":"2.4.0","author":{"name":"Daniel Wirtz","email":"dcode@dcode.io"},"description":"A Long class for representing a 64-bit two's-complement integer value.","main":"dist/Long.js","repository":{"type":"git","url":"git+https://github.com/dcodeIO/Long.js.git"},"keywords":["math"],"dependencies":{},"devDependencies":{"testjs":"latest","closurecompiler":"latest","metascript":"~0"},"license":"Apache-2.0","engines":{"node":">=0.6"},"scripts":{"build":"node scripts/build.js","make":"npm run-script build && npm run-script compile && npm run-script compress && npm test","compile":"ccjs dist/Long.js --compilation_level=ADVANCED_OPTIMIZATIONS --create_source_map=dist/Long.min.map > dist/Long.min.js","compress":"gzip -c -9 dist/Long.min.js > dist/Long.min.js.gz","test":"node node_modules/testjs/bin/testjs tests/suite.js"},"gitHead":"38baa953414256fb08177581c79ecdedf076c2de","bugs":{"url":"https://github.com/dcodeIO/Long.js/issues"},"homepage":"https://github.com/dcodeIO/Long.js#readme","_id":"long@2.4.0","_shasum":"9fa180bb1d9500cdc29c4156766a1995e1f4524f","_from":".","_npmVersion":"2.11.3","_nodeVersion":"0.12.7","_npmUser":{"name":"dcode","email":"dcode@dcode.io"},"maintainers":[{"name":"dcode","email":"dcode@dcode.io"}],"dist":{"shasum":"9fa180bb1d9500cdc29c4156766a1995e1f4524f","tarball":"https://registry.npmjs.org/long/-/long-2.4.0.tgz"},"directories":{}},"3.0.0":{"name":"long","version":"3.0.0","author":{"name":"Daniel Wirtz","email":"dcode@dcode.io"},"description":"A Long class for representing a 64-bit two's-complement integer value.","main":"dist/long.js","repository":{"type":"git","url":"git+https://github.com/dcodeIO/long.js.git"},"bugs":{"url":"https://github.com/dcodeIO/long.js/issues"},"keywords":["math"],"dependencies":{},"devDependencies":{"testjs":"latest","closurecompiler":"latest","metascript":"~0"},"license":"Apache-2.0","engines":{"node":">=0.6"},"scripts":{"build":"node scripts/build.js","make":"npm run-script build && npm run-script compile && npm run-script compress && npm test","compile":"ccjs dist/long.js --compilation_level=ADVANCED_OPTIMIZATIONS --create_source_map=dist/long.min.map > dist/long.min.js","compress":"gzip -c -9 dist/long.min.js > dist/long.min.js.gz","test":"node node_modules/testjs/bin/testjs tests/suite.js"},"gitHead":"4d479f3f0fb6be59b7bab83386837ff21737cc20","homepage":"https://github.com/dcodeIO/long.js#readme","_id":"long@3.0.0","_shasum":"c914833463ee9efa55c9b88ac32106fd667ee20f","_from":".","_npmVersion":"2.11.3","_nodeVersion":"0.12.7","_npmUser":{"name":"dcode","email":"dcode@dcode.io"},"maintainers":[{"name":"dcode","email":"dcode@dcode.io"}],"dist":{"shasum":"c914833463ee9efa55c9b88ac32106fd667ee20f","tarball":"https://registry.npmjs.org/long/-/long-3.0.0.tgz"},"directories":{}},"3.0.1":{"name":"long","version":"3.0.1","author":{"name":"Daniel Wirtz","email":"dcode@dcode.io"},"description":"A Long class for representing a 64-bit two's-complement integer value.","main":"dist/long.js","repository":{"type":"git","url":"git+https://github.com/dcodeIO/long.js.git"},"bugs":{"url":"https://github.com/dcodeIO/long.js/issues"},"keywords":["math"],"dependencies":{},"devDependencies":{"testjs":"latest","closurecompiler":"latest","metascript":"~0"},"license":"Apache-2.0","engines":{"node":">=0.6"},"scripts":{"build":"node scripts/build.js","make":"npm run-script build && npm run-script compile && npm run-script compress && npm test","compile":"ccjs dist/long.js --compilation_level=ADVANCED_OPTIMIZATIONS --create_source_map=dist/long.min.map > dist/long.min.js","compress":"gzip -c -9 dist/long.min.js > dist/long.min.js.gz","test":"node node_modules/testjs/bin/testjs tests/suite.js"},"gitHead":"6156cb45b16f62d88e686a76de002a42344957fb","homepage":"https://github.com/dcodeIO/long.js#readme","_id":"long@3.0.1","_shasum":"b99281fe798fa64ea3b7a74c8fe13151b3310b05","_from":".","_npmVersion":"2.11.3","_nodeVersion":"0.12.7","_npmUser":{"name":"dcode","email":"dcode@dcode.io"},"maintainers":[{"name":"dcode","email":"dcode@dcode.io"}],"dist":{"shasum":"b99281fe798fa64ea3b7a74c8fe13151b3310b05","tarball":"https://registry.npmjs.org/long/-/long-3.0.1.tgz"},"directories":{}},"3.0.3":{"name":"long","version":"3.0.3","author":{"name":"Daniel Wirtz","email":"dcode@dcode.io"},"description":"A Long class for representing a 64-bit two's-complement integer value.","main":"dist/long.js","repository":{"type":"git","url":"git+https://github.com/dcodeIO/long.js.git"},"bugs":{"url":"https://github.com/dcodeIO/long.js/issues"},"keywords":["math"],"dependencies":{},"devDependencies":{"testjs":"latest","closurecompiler":"latest","metascript":"~0"},"license":"Apache-2.0","engines":{"node":">=0.6"},"scripts":{"build":"node scripts/build.js","make":"npm run-script build && npm run-script compile && npm run-script compress && npm test","compile":"ccjs dist/long.js --compilation_level=SIMPLE_OPTIMIZATIONS --create_source_map=dist/long.min.map > dist/long.min.js","compress":"gzip -c -9 dist/long.min.js > dist/long.min.js.gz","test":"node node_modules/testjs/bin/testjs tests/suite.js"},"gitHead":"27b43e5300285b61a6748f65cab34ff97eeae611","homepage":"https://github.com/dcodeIO/long.js#readme","_id":"long@3.0.3","_shasum":"f1e6e21714f0945a9165f1b0636d0786df045ed7","_from":".","_npmVersion":"2.11.3","_nodeVersion":"0.12.7","_npmUser":{"name":"dcode","email":"dcode@dcode.io"},"maintainers":[{"name":"dcode","email":"dcode@dcode.io"}],"dist":{"shasum":"f1e6e21714f0945a9165f1b0636d0786df045ed7","tarball":"https://registry.npmjs.org/long/-/long-3.0.3.tgz"},"directories":{}},"3.1.0":{"name":"long","version":"3.1.0","author":{"name":"Daniel Wirtz","email":"dcode@dcode.io"},"description":"A Long class for representing a 64-bit two's-complement integer value.","main":"dist/long.js","repository":{"type":"git","url":"git+https://github.com/dcodeIO/long.js.git"},"bugs":{"url":"https://github.com/dcodeIO/long.js/issues"},"keywords":["math"],"dependencies":{},"devDependencies":{"testjs":"latest","closurecompiler":"latest","metascript":"~0"},"license":"Apache-2.0","engines":{"node":">=0.6"},"scripts":{"build":"node scripts/build.js","make":"npm run-script build && npm run-script compile && npm run-script compress && npm test","compile":"ccjs dist/long.js --compilation_level=SIMPLE_OPTIMIZATIONS --create_source_map=dist/long.min.map > dist/long.min.js","compress":"gzip -c -9 dist/long.min.js > dist/long.min.js.gz","test":"node node_modules/testjs/bin/testjs tests/suite.js"},"gitHead":"9d7bc2f3c31b2faebacf4b60dcd03caf33f54a65","homepage":"https://github.com/dcodeIO/long.js#readme","_id":"long@3.1.0","_shasum":"e465c877d6235da66d446c59ad814801e8739d42","_from":".","_npmVersion":"3.6.0","_nodeVersion":"5.6.0","_npmUser":{"name":"dcode","email":"dcode@dcode.io"},"dist":{"shasum":"e465c877d6235da66d446c59ad814801e8739d42","tarball":"https://registry.npmjs.org/long/-/long-3.1.0.tgz"},"maintainers":[{"name":"dcode","email":"dcode@dcode.io"}],"_npmOperationalInternal":{"host":"packages-12-west.internal.npmjs.com","tmp":"tmp/long-3.1.0.tgz_1459552967445_0.7434808942489326"},"directories":{}},"3.2.0":{"name":"long","version":"3.2.0","author":{"name":"Daniel Wirtz","email":"dcode@dcode.io"},"description":"A Long class for representing a 64-bit two's-complement integer value.","main":"dist/long.js","repository":{"type":"git","url":"git+https://github.com/dcodeIO/long.js.git"},"bugs":{"url":"https://github.com/dcodeIO/long.js/issues"},"keywords":["math"],"dependencies":{},"devDependencies":{"testjs":"latest","closurecompiler":"^1.6","metascript":"~0"},"license":"Apache-2.0","engines":{"node":">=0.6"},"scripts":{"build":"node scripts/build.js","make":"npm run-script build && npm run-script compile && npm run-script compress && npm test","compile":"ccjs dist/long.js --compilation_level=SIMPLE_OPTIMIZATIONS --create_source_map=dist/long.min.map > dist/long.min.js","compress":"gzip -c -9 dist/long.min.js > dist/long.min.js.gz","test":"node node_modules/testjs/bin/testjs tests/suite.js"},"gitHead":"8cdc1f74ced4f771aa844f1cbc565b1d4c4451b8","homepage":"https://github.com/dcodeIO/long.js#readme","_id":"long@3.2.0","_shasum":"d821b7138ca1cb581c172990ef14db200b5c474b","_from":".","_npmVersion":"3.8.6","_nodeVersion":"5.6.0","_npmUser":{"name":"dcode","email":"dcode@dcode.io"},"dist":{"shasum":"d821b7138ca1cb581c172990ef14db200b5c474b","tarball":"https://registry.npmjs.org/long/-/long-3.2.0.tgz"},"maintainers":[{"name":"dcode","email":"dcode@dcode.io"}],"_npmOperationalInternal":{"host":"packages-16-east.internal.npmjs.com","tmp":"tmp/long-3.2.0.tgz_1469205534720_0.04028846975415945"},"directories":{}},"4.0.0":{"name":"long","version":"4.0.0","author":{"name":"Daniel Wirtz","email":"dcode@dcode.io"},"description":"A Long class for representing a 64-bit two's-complement integer value.","main":"src/long.js","repository":{"type":"git","url":"git+https://github.com/dcodeIO/long.js.git"},"bugs":{"url":"https://github.com/dcodeIO/long.js/issues"},"keywords":["math"],"dependencies":{},"devDependencies":{"webpack":"^3.10.0"},"license":"Apache-2.0","scripts":{"build":"webpack","test":"node tests"},"files":["index.js","LICENSE","README.md","src/long.js","dist/long.js","dist/long.js.map"],"gitHead":"941c5c62471168b5d18153755c2a7b38d2560e58","homepage":"https://github.com/dcodeIO/long.js#readme","_id":"long@4.0.0","_npmVersion":"5.6.0","_nodeVersion":"8.8.1","_npmUser":{"name":"dcode","email":"dcode+npm@dcode.io"},"dist":{"integrity":"sha512-XsP+KhQif4bjX1kbuSiySJFNAehNxgLb6hPRGJ9QsUr8ajHkuXGdrHmFUTUUXhDwVX2R5bY4JNZEwbUiMhV+MA==","shasum":"9a7b71cfb7d361a194ea555241c92f7468d5bf28","tarball":"https://registry.npmjs.org/long/-/long-4.0.0.tgz"},"maintainers":[{"name":"dcode","email":"dcode@dcode.io"}],"_npmOperationalInternal":{"host":"s3://npm-registry-packages","tmp":"tmp/long-4.0.0.tgz_1517693730072_0.12624454963952303"},"directories":{}}},"readme":"long.js\r\n=======\r\n\r\nA Long class for representing a 64 bit two's-complement integer value derived from the [Closure Library](https://github.com/google/closure-library)\r\nfor stand-alone use and extended with unsigned support.\r\n\r\n[![Build Status](https://travis-ci.org/dcodeIO/long.js.svg)](https://travis-ci.org/dcodeIO/long.js)\r\n\r\nBackground\r\n----------\r\n\r\nAs of [ECMA-262 5th Edition](http://ecma262-5.com/ELS5_HTML.htm#Section_8.5), \"all the positive and negative integers\r\nwhose magnitude is no greater than 2<sup>53</sup> are representable in the Number type\", which is \"representing the\r\ndoubleprecision 64-bit format IEEE 754 values as specified in the IEEE Standard for Binary Floating-Point Arithmetic\".\r\nThe [maximum safe integer](https://developer.mozilla.org/en-US/docs/Web/JavaScript/Reference/Global_Objects/Number/MAX_SAFE_INTEGER)\r\nin JavaScript is 2<sup>53</sup>-1.\r\n\r\nExample: 2<sup>64</sup>-1 is 1844674407370955**1615** but in JavaScript it evaluates to 1844674407370955**2000**.\r\n\r\nFurthermore, bitwise operators in JavaScript \"deal only with integers in the range −2<sup>31</sup> through\r\n2<sup>31</sup>−1, inclusive, or in the range 0 through 2<sup>32</sup>−1, inclusive. These operators accept any value of\r\nthe Number type but first convert each such value to one of 2<sup>32</sup> integer values.\"\r\n\r\nIn some use cases, however, it is required to be able to reliably work with and perform bitwise operations on the full\r\n64 bits. This is where long.js comes into play.\r\n\r\nUsage\r\n-----\r\n\r\nThe class is compatible with CommonJS and AMD loaders and is exposed globally as `Long` if neither is available.\r\n\r\n```javascript\r\nvar Long = require(\"long\");\r\n\r\nvar longVal = new Long(0xFFFFFFFF, 0x7FFFFFFF);\r\n\r\nconsole.log(longVal.toString());\r\n...\r\n```\r\n\r\nAPI\r\n---\r\n\r\n### Constructor\r\n\r\n* new **Long**(low: `number`, high: `number`, unsigned?: `boolean`)<br />\r\n  Constructs a 64 bit two's-complement integer, given its low and high 32 bit values as *signed* integers. See the from* functions below for more convenient ways of constructing Longs.\r\n\r\n### Fields\r\n\r\n* Long#**low**: `number`<br />\r\n  The low 32 bits as a signed value.\r\n\r\n* Long#**high**: `number`<br />\r\n  The high 32 bits as a signed value.\r\n\r\n* Long#**unsigned**: `boolean`<br />\r\n  Whether unsigned or not.\r\n\r\n### Constants\r\n\r\n* Long.**ZERO**: `Long`<br />\r\n  Signed zero.\r\n\r\n* Long.**ONE**: `Long`<br />\r\n  Signed one.\r\n\r\n* Long.**NEG_ONE**: `Long`<br />\r\n  Signed negative one.\r\n\r\n* Long.**UZERO**: `Long`<br />\r\n  Unsigned zero.\r\n\r\n* Long.**UONE**: `Long`<br />\r\n  Unsigned one.\r\n\r\n* Long.**MAX_VALUE**: `Long`<br />\r\n  Maximum signed value.\r\n\r\n* Long.**MIN_VALUE**: `Long`<br />\r\n  Minimum signed value.\r\n\r\n* Long.**MAX_UNSIGNED_VALUE**: `Long`<br />\r\n  Maximum unsigned value.\r\n\r\n### Utility\r\n\r\n* Long.**isLong**(obj: `*`): `boolean`<br />\r\n  Tests if the specified object is a Long.\r\n\r\n* Long.**fromBits**(lowBits: `number`, highBits: `number`, unsigned?: `boolean`): `Long`<br />\r\n  Returns a Long representing the 64 bit integer that comes by concatenating the given low and high bits. Each is assumed to use 32 bits.\r\n\r\n* Long.**fromBytes**(bytes: `number[]`, unsigned?: `boolean`, le?: `boolean`): `Long`<br />\r\n  Creates a Long from its byte representation.\r\n\r\n* Long.**fromBytesLE**(bytes: `number[]`, unsigned?: `boolean`): `Long`<br />\r\n  Creates a Long from its little endian byte representation.\r\n\r\n* Long.**fromBytesBE**(bytes: `number[]`, unsigned?: `boolean`): `Long`<br />\r\n  Creates a Long from its big endian byte representation.\r\n\r\n* Long.**fromInt**(value: `number`, unsigned?: `boolean`): `Long`<br />\r\n  Returns a Long representing the given 32 bit integer value.\r\n\r\n* Long.**fromNumber**(value: `number`, unsigned?: `boolean`): `Long`<br />\r\n  Returns a Long representing the given value, provided that it is a finite number. Otherwise, zero is returned.\r\n\r\n* Long.**fromString**(str: `string`, unsigned?: `boolean`, radix?: `number`)<br />\r\n  Long.**fromString**(str: `string`, radix: `number`)<br />\r\n  Returns a Long representation of the given string, written using the specified radix.\r\n\r\n* Long.**fromValue**(val: `*`, unsigned?: `boolean`): `Long`<br />\r\n  Converts the specified value to a Long using the appropriate from* function for its type.\r\n\r\n### Methods\r\n\r\n* Long#**add**(addend: `Long | number | string`): `Long`<br />\r\n  Returns the sum of this and the specified Long.\r\n\r\n* Long#**and**(other: `Long | number | string`): `Long`<br />\r\n  Returns the bitwise AND of this Long and the specified.\r\n\r\n* Long#**compare**/**comp**(other: `Long | number | string`): `number`<br />\r\n  Compares this Long's value with the specified's. Returns `0` if they are the same, `1` if the this is greater and `-1` if the given one is greater.\r\n\r\n* Long#**divide**/**div**(divisor: `Long | number | string`): `Long`<br />\r\n  Returns this Long divided by the specified.\r\n\r\n* Long#**equals**/**eq**(other: `Long | number | string`): `boolean`<br />\r\n  Tests if this Long's value equals the specified's.\r\n\r\n* Long#**getHighBits**(): `number`<br />\r\n  Gets the high 32 bits as a signed integer.\r\n\r\n* Long#**getHighBitsUnsigned**(): `number`<br />\r\n  Gets the high 32 bits as an unsigned integer.\r\n\r\n* Long#**getLowBits**(): `number`<br />\r\n  Gets the low 32 bits as a signed integer.\r\n\r\n* Long#**getLowBitsUnsigned**(): `number`<br />\r\n  Gets the low 32 bits as an unsigned integer.\r\n\r\n* Long#**getNumBitsAbs**(): `number`<br />\r\n  Gets the number of bits needed to represent the absolute value of this Long.\r\n\r\n* Long#**greaterThan**/**gt**(other: `Long | number | string`): `boolean`<br />\r\n  Tests if this Long's value is greater than the specified's.\r\n\r\n* Long#**greaterThanOrEqual**/**gte**/**ge**(other: `Long | number | string`): `boolean`<br />\r\n  Tests if this Long's value is greater than or equal the specified's.\r\n\r\n* Long#**isEven**(): `boolean`<br />\r\n  Tests if this Long's value is even.\r\n\r\n* Long#**isNegative**(): `boolean`<br />\r\n  Tests if this Long's value is negative.\r\n\r\n* Long#**isOdd**(): `boolean`<br />\r\n  Tests if this Long's value is odd.\r\n\r\n* Long#**isPositive**(): `boolean`<br />\r\n  Tests if this Long's value is positive.\r\n\r\n* Long#**isZero**/**eqz**(): `boolean`<br />\r\n  Tests if this Long's value equals zero.\r\n\r\n* Long#**lessThan**/**lt**(other: `Long | number | string`): `boolean`<br />\r\n  Tests if this Long's value is less than the specified's.\r\n\r\n* Long#**lessThanOrEqual**/**lte**/**le**(other: `Long | number | string`): `boolean`<br />\r\n  Tests if this Long's value is less than or equal the specified's.\r\n\r\n* Long#**modulo**/**mod**/**rem**(divisor: `Long | number | string`): `Long`<br />\r\n  Returns this Long modulo the specified.\r\n\r\n* Long#**multiply**/**mul**(multiplier: `Long | number | string`): `Long`<br />\r\n  Returns the product of this and the specified Long.\r\n\r\n* Long#**negate**/**neg**(): `Long`<br />\r\n  Negates this Long's value.\r\n\r\n* Long#**not**(): `Long`<br />\r\n  Returns the bitwise NOT of this Long.\r\n\r\n* Long#**notEquals**/**neq**/**ne**(other: `Long | number | string`): `boolean`<br />\r\n  Tests if this Long's value differs from the specified's.\r\n\r\n* Long#**or**(other: `Long | number | string`): `Long`<br />\r\n  Returns the bitwise OR of this Long and the specified.\r\n\r\n* Long#**shiftLeft**/**shl**(numBits: `Long | number | string`): `Long`<br />\r\n  Returns this Long with bits shifted to the left by the given amount.\r\n\r\n* Long#**shiftRight**/**shr**(numBits: `Long | number | string`): `Long`<br />\r\n  Returns this Long with bits arithmetically shifted to the right by the given amount.\r\n\r\n* Long#**shiftRightUnsigned**/**shru**/**shr_u**(numBits: `Long | number | string`): `Long`<br />\r\n  Returns this Long with bits logically shifted to the right by the given amount.\r\n\r\n* Long#**subtract**/**sub**(subtrahend: `Long | number | string`): `Long`<br />\r\n  Returns the difference of this and the specified Long.\r\n\r\n* Long#**toBytes**(le?: `boolean`): `number[]`<br />\r\n  Converts this Long to its byte representation.\r\n\r\n* Long#**toBytesLE**(): `number[]`<br />\r\n  Converts this Long to its little endian byte representation.\r\n\r\n* Long#**toBytesBE**(): `number[]`<br />\r\n  Converts this Long to its big endian byte representation.\r\n\r\n* Long#**toInt**(): `number`<br />\r\n  Converts the Long to a 32 bit integer, assuming it is a 32 bit integer.\r\n\r\n* Long#**toNumber**(): `number`<br />\r\n  Converts the Long to a the nearest floating-point representation of this value (double, 53 bit mantissa).\r\n\r\n* Long#**toSigned**(): `Long`<br />\r\n  Converts this Long to signed.\r\n\r\n* Long#**toString**(radix?: `number`): `string`<br />\r\n  Converts the Long to a string written in the specified radix.\r\n\r\n* Long#**toUnsigned**(): `Long`<br />\r\n  Converts this Long to unsigned.\r\n\r\n* Long#**xor**(other: `Long | number | string`): `Long`<br />\r\n  Returns the bitwise XOR of this Long and the given one.\r\n\r\nBuilding\r\n--------\r\n\r\nTo build an UMD bundle to `dist/long.js`, run:\r\n\r\n```\r\n$> npm install\r\n$> npm run build\r\n```\r\n\r\nRunning the [tests](./tests):\r\n\r\n```\r\n$> npm test\r\n```\r\n","maintainers":[{"name":"dcode","email":"dcode@dcode.io"}],"time":{"modified":"2018-03-20T11:17:27.007Z","created":"2013-03-12T13:25:34.140Z","1.0.0":"2013-03-12T13:25:37.003Z","1.0.1":"2013-03-18T21:29:06.807Z","1.1.0":"2013-03-19T13:09:06.977Z","1.1.1":"2013-03-19T15:42:48.062Z","1.1.2":"2013-12-09T18:31:38.448Z","1.1.4":"2014-06-18T14:09:50.780Z","1.1.5":"2014-06-26T14:17:59.850Z","1.2.0":"2014-08-07T14:36:20.538Z","1.2.1":"2014-08-07T20:48:17.517Z","1.2.2":"2014-08-11T21:51:22.189Z","1.2.3":"2014-08-11T21:56:38.242Z","2.0.0":"2014-08-11T22:03:39.433Z","2.0.1":"2014-08-14T14:31:42.075Z","2.1.0":"2014-08-22T20:34:33.755Z","2.2.0":"2014-10-14T14:40:19.384Z","2.2.1":"2014-10-22T13:36:30.641Z","2.2.2":"2014-10-22T14:58:37.433Z","2.2.3":"2014-10-23T15:28:34.219Z","2.2.4":"2015-06-11T14:38:06.914Z","2.2.5":"2015-06-12T13:46:09.657Z","2.3.0":"2015-09-26T16:06:38.853Z","2.4.0":"2015-10-14T23:33:40.103Z","3.0.0":"2015-10-23T18:58:31.047Z","3.0.1":"2015-10-26T22:46:55.792Z","3.0.3":"2016-01-07T17:49:48.013Z","3.1.0":"2016-04-01T23:22:50.080Z","3.2.0":"2016-07-22T16:38:56.823Z","4.0.0":"2018-02-03T21:35:31.149Z"},"author":{"name":"Daniel Wirtz","email":"dcode@dcode.io"},"repository":{"type":"git","url":"git+https://github.com/dcodeIO/long.js.git"},"users":{"asilvas":true,"hartsantler":true,"pid":true,"mikend":true,"acollins-ts":true,"gfilip":true,"456wyc":true,"johanliebert":true,"nickeltobias":true,"princetoad":true,"guscaplan":true,"antixrist":true,"liunian":true,"asaupup":true,"maycon_ribeiro":true,"nuwaio":true,"akiva":true,"ik_make":true,"cognivator":true,"wolfram77":true,"leodutra":true,"gugadev":true,"kwpeters":true},"homepage":"https://github.com/dcodeIO/long.js#readme","keywords":["math"],"bugs":{"url":"https://github.com/dcodeIO/long.js/issues"},"license":"Apache-2.0","readmeFilename":"README.md","_attachments":{},"_etag":"W/\"5866d7e0bef99ecf0d3dfaa7901ebb86\"","_lastModified":"Sun, 27 May 2018 07:02:59 GMT"}