{"_id":"for-in","_rev":"20-87d108172394c1d9ffb65916aa4a8d8d","name":"for-in","description":"Iterate over the own and inherited enumerable properties of an object, and return an object with properties that evaluate to true from the callback. Exit early by returning `false`. JavaScript/Node.js","dist-tags":{"latest":"1.0.2"},"versions":{"0.1.0":{"name":"for-in","description":"Iterate over the enumerable properties of an object, and return an object with properties that evalute to true from the callback. Exit early by returning `false`.","version":"0.1.0","homepage":"https://github.com/jonschlinkert/for-in","author":{"name":"Jon Schlinkert","url":"https://github.com/jonschlinkert"},"repository":{"type":"git","url":"git://github.com/jonschlinkert/for-in.git"},"bugs":{"url":"https://github.com/jonschlinkert/for-in/issues"},"licenses":[{"type":"MIT","url":"https://github.com/jonschlinkert/for-in/blob/master/LICENSE-MIT"}],"main":"index.js","engines":{"node":">=0.10.0"},"scripts":{"test":"mocha -R spec"},"devDependencies":{"mocha":"*","should":"^4.0.4"},"keywords":["find","for-in","for-own","has","has-own","hasOwn","javascript","js","key","keys","loop","node.js","object","own","properties","property","util","utilities","utility","utils","value"],"_id":"for-in@0.1.0","_shasum":"9c9e1dfe0429054fa01d90dc34743ad79b50cd6d","_from":".","_npmVersion":"1.4.9","_npmUser":{"name":"jonschlinkert","email":"github@sellside.com"},"maintainers":[{"name":"jonschlinkert","email":"github@sellside.com"}],"dist":{"shasum":"9c9e1dfe0429054fa01d90dc34743ad79b50cd6d","tarball":"https://registry.npmjs.org/for-in/-/for-in-0.1.0.tgz"},"directories":{}},"0.1.1":{"name":"for-in","description":"Iterate over the enumerable properties of an object, and return an object with properties that evaluate to true from the callback. Exit early by returning `false`.","version":"0.1.1","homepage":"https://github.com/jonschlinkert/for-in","author":{"name":"Jon Schlinkert","url":"https://github.com/jonschlinkert"},"repository":{"type":"git","url":"git://github.com/jonschlinkert/for-in.git"},"bugs":{"url":"https://github.com/jonschlinkert/for-in/issues"},"licenses":[{"type":"MIT","url":"https://github.com/jonschlinkert/for-in/blob/master/LICENSE-MIT"}],"main":"index.js","engines":{"node":">=0.10.0"},"scripts":{"test":"mocha -R spec"},"devDependencies":{"mocha":"*","should":"^4.0.4"},"keywords":["find","for-in","for-own","has","has-own","hasOwn","javascript","js","key","keys","loop","node.js","object","own","properties","property","util","utilities","utility","utils","value"],"_id":"for-in@0.1.1","_shasum":"5312f3ac23c2799de8153dd8b4c63c26b15f9aea","_from":".","_npmVersion":"1.4.9","_npmUser":{"name":"jonschlinkert","email":"github@sellside.com"},"maintainers":[{"name":"jonschlinkert","email":"github@sellside.com"}],"dist":{"shasum":"5312f3ac23c2799de8153dd8b4c63c26b15f9aea","tarball":"https://registry.npmjs.org/for-in/-/for-in-0.1.1.tgz"},"directories":{}},"0.1.2":{"name":"for-in","description":"Iterate over the own and inherited enumerable properties of an objecte, and return an object with properties that evaluate to true from the callback. Exit early by returning `false`.","version":"0.1.2","homepage":"https://github.com/jonschlinkert/for-in","author":{"name":"Jon Schlinkert","url":"https://github.com/jonschlinkert"},"repository":{"type":"git","url":"git://github.com/jonschlinkert/for-in.git"},"bugs":{"url":"https://github.com/jonschlinkert/for-in/issues"},"licenses":[{"type":"MIT","url":"https://github.com/jonschlinkert/for-in/blob/master/LICENSE-MIT"}],"main":"index.js","engines":{"node":">=0.10.0"},"scripts":{"test":"mocha -R spec"},"devDependencies":{"mocha":"*","should":"^4.0.4"},"keywords":["find","for-in","for-own","has","has-own","hasOwn","javascript","js","key","keys","loop","node.js","object","own","properties","property","util","utilities","utility","utils","value"],"_id":"for-in@0.1.2","_shasum":"49db1c74a8a2f241d74c6316515a5a1254982041","_from":".","_npmVersion":"1.4.9","_npmUser":{"name":"jonschlinkert","email":"github@sellside.com"},"maintainers":[{"name":"jonschlinkert","email":"github@sellside.com"}],"dist":{"shasum":"49db1c74a8a2f241d74c6316515a5a1254982041","tarball":"https://registry.npmjs.org/for-in/-/for-in-0.1.2.tgz"},"directories":{}},"0.1.3":{"name":"for-in","description":"Iterate over the own and inherited enumerable properties of an objecte, and return an object with properties that evaluate to true from the callback. Exit early by returning `false`. JavaScript/Node.js","version":"0.1.3","homepage":"https://github.com/jonschlinkert/for-in","author":{"name":"Jon Schlinkert","url":"https://github.com/jonschlinkert"},"repository":{"type":"git","url":"git://github.com/jonschlinkert/for-in.git"},"bugs":{"url":"https://github.com/jonschlinkert/for-in/issues"},"licenses":[{"type":"MIT","url":"https://github.com/jonschlinkert/for-in/blob/master/LICENSE-MIT"}],"main":"index.js","engines":{"node":">=0.10.0"},"scripts":{"test":"mocha -R spec"},"devDependencies":{"mocha":"*","should":"^4.0.4"},"keywords":["find","for-in","for-own","has","has-own","hasOwn","javascript","js","key","keys","loop","node.js","object","own","properties","property","util","utilities","utility","utils","value"],"_id":"for-in@0.1.3","_shasum":"9e53e7b70ac05ede6fdf038d30cc5709e19125b7","_from":".","_npmVersion":"1.4.9","_npmUser":{"name":"jonschlinkert","email":"github@sellside.com"},"maintainers":[{"name":"jonschlinkert","email":"github@sellside.com"}],"dist":{"shasum":"9e53e7b70ac05ede6fdf038d30cc5709e19125b7","tarball":"https://registry.npmjs.org/for-in/-/for-in-0.1.3.tgz"},"directories":{}},"0.1.4":{"name":"for-in","description":"Iterate over the own and inherited enumerable properties of an objecte, and return an object with properties that evaluate to true from the callback. Exit early by returning `false`. JavaScript/Node.js","version":"0.1.4","homepage":"https://github.com/jonschlinkert/for-in","author":{"name":"Jon Schlinkert","url":"https://github.com/jonschlinkert"},"repository":{"type":"git","url":"git://github.com/jonschlinkert/for-in.git"},"bugs":{"url":"https://github.com/jonschlinkert/for-in/issues"},"license":{"type":"MIT","url":"https://github.com/jonschlinkert/for-in/blob/master/LICENSE"},"files":["index.js"],"main":"index.js","engines":{"node":">=0.10.0"},"scripts":{"test":"mocha"},"devDependencies":{"mocha":"*","should":"^4.0.4"},"keywords":["for-in","for-own","has","has-own","hasOwn","key","keys","object","own","value"],"gitHead":"fb09612d3e4137486c652a328888872eba5c1548","_id":"for-in@0.1.4","_shasum":"9f5cf7b4ffc7e1ae6591a4e97b177aa59d70fb2e","_from":".","_npmVersion":"2.7.1","_nodeVersion":"1.6.2","_npmUser":{"name":"jonschlinkert","email":"github@sellside.com"},"maintainers":[{"name":"jonschlinkert","email":"github@sellside.com"}],"dist":{"shasum":"9f5cf7b4ffc7e1ae6591a4e97b177aa59d70fb2e","tarball":"https://registry.npmjs.org/for-in/-/for-in-0.1.4.tgz"},"directories":{}},"0.1.5":{"name":"for-in","description":"Iterate over the own and inherited enumerable properties of an objecte, and return an object with properties that evaluate to true from the callback. Exit early by returning `false`. JavaScript/Node.js","version":"0.1.5","homepage":"https://github.com/jonschlinkert/for-in","author":{"name":"Jon Schlinkert","url":"https://github.com/jonschlinkert"},"repository":{"type":"git","url":"git+https://github.com/jonschlinkert/for-in.git"},"bugs":{"url":"https://github.com/jonschlinkert/for-in/issues"},"license":"MIT","files":["index.js"],"main":"index.js","engines":{"node":">=0.10.0"},"scripts":{"test":"mocha"},"devDependencies":{"gulp-format-md":"^0.1.7","mocha":"^2.4.5","should":"^8.3.0"},"keywords":["for-in","for-own","has","has-own","hasOwn","key","keys","object","own","value"],"verb":{"run":true,"toc":false,"layout":"default","tasks":["readme"],"plugins":["gulp-format-md"],"reflinks":["verb"],"lint":{"reflinks":true}},"gitHead":"5240e873e512aec30b0e0fe9790bd8f0e2136806","_id":"for-in@0.1.5","_shasum":"007374e2b6d5c67420a1479bdb75a04872b738c4","_from":".","_npmVersion":"3.6.0","_nodeVersion":"5.5.0","_npmUser":{"name":"jonschlinkert","email":"github@sellside.com"},"maintainers":[{"name":"jonschlinkert","email":"github@sellside.com"},{"name":"doowb","email":"brian.woodward@gmail.com"}],"dist":{"shasum":"007374e2b6d5c67420a1479bdb75a04872b738c4","tarball":"https://registry.npmjs.org/for-in/-/for-in-0.1.5.tgz"},"_npmOperationalInternal":{"host":"packages-16-east.internal.npmjs.com","tmp":"tmp/for-in-0.1.5.tgz_1459090695716_0.8974318646360189"},"directories":{}},"0.1.6":{"name":"for-in","description":"Iterate over the own and inherited enumerable properties of an object, and return an object with properties that evaluate to true from the callback. Exit early by returning `false`. JavaScript/Node.js","version":"0.1.6","homepage":"https://github.com/jonschlinkert/for-in","author":{"name":"Jon Schlinkert","url":"https://github.com/jonschlinkert"},"repository":{"type":"git","url":"git+https://github.com/jonschlinkert/for-in.git"},"bugs":{"url":"https://github.com/jonschlinkert/for-in/issues"},"license":"MIT","files":["index.js"],"main":"index.js","engines":{"node":">=0.10.0"},"scripts":{"test":"mocha"},"devDependencies":{"gulp-format-md":"^0.1.7","mocha":"^2.4.5","should":"^8.3.0"},"keywords":["for-in","for-own","has","has-own","hasOwn","key","keys","object","own","value"],"verb":{"run":true,"toc":false,"layout":"default","tasks":["readme"],"plugins":["gulp-format-md"],"reflinks":["verb"],"lint":{"reflinks":true}},"gitHead":"c903a9c0e06747c31bed8634c7c8645c6dbf8da1","_id":"for-in@0.1.6","_shasum":"c9f96e89bfad18a545af5ec3ed352a1d9e5b4dc8","_from":".","_npmVersion":"3.10.3","_nodeVersion":"6.3.0","_npmUser":{"name":"jonschlinkert","email":"github@sellside.com"},"maintainers":[{"name":"jonschlinkert","email":"github@sellside.com"},{"name":"doowb","email":"brian.woodward@gmail.com"}],"dist":{"shasum":"c9f96e89bfad18a545af5ec3ed352a1d9e5b4dc8","tarball":"https://registry.npmjs.org/for-in/-/for-in-0.1.6.tgz"},"_npmOperationalInternal":{"host":"packages-16-east.internal.npmjs.com","tmp":"tmp/for-in-0.1.6.tgz_1473858422358_0.2992941744159907"},"directories":{}},"0.1.7":{"name":"for-in","description":"Iterate over the own and inherited enumerable properties of an object, and return an object with properties that evaluate to true from the callback. Exit early by returning `false`. JavaScript/Node.js","version":"0.1.7","homepage":"https://github.com/jonschlinkert/for-in","author":{"name":"Jon Schlinkert","url":"https://github.com/jonschlinkert"},"contributors":[{"name":"Jon Schlinkert","email":"jon.schlinkert@sellside.com","url":"http://twitter.com/jonschlinkert"},{"name":"Paul Irish","url":"http://paulirish.com"}],"repository":{"type":"git","url":"git+https://github.com/jonschlinkert/for-in.git"},"bugs":{"url":"https://github.com/jonschlinkert/for-in/issues"},"license":"MIT","files":["index.js"],"main":"index.js","engines":{"node":">=0.10.0"},"scripts":{"test":"mocha"},"keywords":["for","for-in","for-own","has","has-own","hasOwn","in","key","keys","object","own","value"],"verb":{"run":true,"toc":false,"layout":"default","tasks":["readme"],"plugins":["gulp-format-md"],"related":{"list":["arr-flatten","for-own","collection-map"]},"reflinks":["verb"],"lint":{"reflinks":true}},"gitHead":"eccc38987ab59ad598a28fb59b10d51432e00922","_id":"for-in@0.1.7","_shasum":"7e4bae7334726f4a04d2cb547955fe8e56d1dffd","_from":".","_npmVersion":"4.1.2","_nodeVersion":"7.5.0","_npmUser":{"name":"jonschlinkert","email":"github@sellside.com"},"maintainers":[{"name":"jonschlinkert","email":"github@sellside.com"},{"name":"doowb","email":"brian.woodward@gmail.com"}],"dist":{"shasum":"7e4bae7334726f4a04d2cb547955fe8e56d1dffd","tarball":"https://registry.npmjs.org/for-in/-/for-in-0.1.7.tgz"},"_npmOperationalInternal":{"host":"packages-18-east.internal.npmjs.com","tmp":"tmp/for-in-0.1.7.tgz_1488158799176_0.22074293834157288"},"directories":{}},"1.0.0":{"name":"for-in","description":"Iterate over the own and inherited enumerable properties of an object, and return an object with properties that evaluate to true from the callback. Exit early by returning `false`. JavaScript/Node.js","version":"1.0.0","homepage":"https://github.com/jonschlinkert/for-in","author":{"name":"Jon Schlinkert","url":"https://github.com/jonschlinkert"},"contributors":[{"name":"Jon Schlinkert","email":"jon.schlinkert@sellside.com","url":"http://twitter.com/jonschlinkert"},{"name":"Paul Irish","url":"http://paulirish.com"}],"repository":{"type":"git","url":"git+https://github.com/jonschlinkert/for-in.git"},"bugs":{"url":"https://github.com/jonschlinkert/for-in/issues"},"license":"MIT","files":["index.js"],"main":"index.js","engines":{"node":">=0.10.0"},"scripts":{"test":"mocha"},"keywords":["for","for-in","for-own","has","has-own","hasOwn","in","key","keys","object","own","value"],"verb":{"run":true,"toc":false,"layout":"default","tasks":["readme"],"plugins":["gulp-format-md"],"related":{"list":["arr-flatten","for-own","collection-map"]},"reflinks":["verb"],"lint":{"reflinks":true}},"gitHead":"867142377f4752777475c700ba875dcc86c4e30c","_id":"for-in@1.0.0","_shasum":"727ca924466a54739c0ed5c1b23e5bc0745dfe19","_from":".","_npmVersion":"4.1.2","_nodeVersion":"7.5.0","_npmUser":{"name":"jonschlinkert","email":"github@sellside.com"},"maintainers":[{"name":"jonschlinkert","email":"github@sellside.com"},{"name":"doowb","email":"brian.woodward@gmail.com"}],"dist":{"shasum":"727ca924466a54739c0ed5c1b23e5bc0745dfe19","tarball":"https://registry.npmjs.org/for-in/-/for-in-1.0.0.tgz"},"_npmOperationalInternal":{"host":"packages-12-west.internal.npmjs.com","tmp":"tmp/for-in-1.0.0.tgz_1488158832104_0.09414635552093387"},"directories":{}},"1.0.1":{"name":"for-in","description":"Iterate over the own and inherited enumerable properties of an object, and return an object with properties that evaluate to true from the callback. Exit early by returning `false`. JavaScript/Node.js","version":"1.0.1","homepage":"https://github.com/jonschlinkert/for-in","author":{"name":"Jon Schlinkert","url":"https://github.com/jonschlinkert"},"contributors":[{"name":"Jon Schlinkert","email":"jon.schlinkert@sellside.com","url":"http://twitter.com/jonschlinkert"},{"name":"Paul Irish","url":"http://paulirish.com"}],"repository":{"type":"git","url":"git+https://github.com/jonschlinkert/for-in.git"},"bugs":{"url":"https://github.com/jonschlinkert/for-in/issues"},"license":"MIT","files":["index.js"],"main":"index.js","engines":{"node":">=0.10.0"},"scripts":{"test":"mocha"},"keywords":["for","for-in","for-own","has","has-own","hasOwn","in","key","keys","object","own","value"],"verb":{"run":true,"toc":false,"layout":"default","tasks":["readme"],"plugins":["gulp-format-md"],"related":{"list":["arr-flatten","for-own","collection-map"]},"reflinks":["verb"],"lint":{"reflinks":true}},"gitHead":"de5cee7b25d69b0579141b832c58d7c7760368fc","_id":"for-in@1.0.1","_shasum":"d6c3e3798ceaaa301047b109dedf1b1ae37a0efa","_from":".","_npmVersion":"4.1.2","_nodeVersion":"7.5.0","_npmUser":{"name":"jonschlinkert","email":"github@sellside.com"},"maintainers":[{"name":"jonschlinkert","email":"github@sellside.com"},{"name":"doowb","email":"brian.woodward@gmail.com"}],"dist":{"shasum":"d6c3e3798ceaaa301047b109dedf1b1ae37a0efa","tarball":"https://registry.npmjs.org/for-in/-/for-in-1.0.1.tgz"},"_npmOperationalInternal":{"host":"packages-18-east.internal.npmjs.com","tmp":"tmp/for-in-1.0.1.tgz_1488158999094_0.8222580477595329"},"directories":{}},"0.1.8":{"name":"for-in","description":"Iterate over the own and inherited enumerable properties of an object, and return an object with properties that evaluate to true from the callback. Exit early by returning `false`. JavaScript/Node.js","version":"0.1.8","homepage":"https://github.com/jonschlinkert/for-in","author":{"name":"Jon Schlinkert","url":"https://github.com/jonschlinkert"},"contributors":[{"name":"Jon Schlinkert","email":"jon.schlinkert@sellside.com","url":"http://twitter.com/jonschlinkert"},{"name":"Paul Irish","url":"http://paulirish.com"}],"repository":{"type":"git","url":"git+https://github.com/jonschlinkert/for-in.git"},"bugs":{"url":"https://github.com/jonschlinkert/for-in/issues"},"license":"MIT","files":["index.js"],"main":"index.js","engines":{"node":">=0.10.0"},"scripts":{"test":"mocha"},"keywords":["for","for-in","for-own","has","has-own","hasOwn","in","key","keys","object","own","value"],"verb":{"run":true,"toc":false,"layout":"default","tasks":["readme"],"plugins":["gulp-format-md"],"related":{"list":["arr-flatten","for-own","collection-map"]},"reflinks":["verb"],"lint":{"reflinks":true}},"gitHead":"243e4877c0d9421c05353f03e9f019e157f807dd","_id":"for-in@0.1.8","_shasum":"d8773908e31256109952b1fdb9b3fa867d2775e1","_from":".","_npmVersion":"4.1.2","_nodeVersion":"7.5.0","_npmUser":{"name":"jonschlinkert","email":"github@sellside.com"},"maintainers":[{"name":"jonschlinkert","email":"github@sellside.com"},{"name":"doowb","email":"brian.woodward@gmail.com"}],"dist":{"shasum":"d8773908e31256109952b1fdb9b3fa867d2775e1","tarball":"https://registry.npmjs.org/for-in/-/for-in-0.1.8.tgz"},"_npmOperationalInternal":{"host":"packages-18-east.internal.npmjs.com","tmp":"tmp/for-in-0.1.8.tgz_1488163817403_0.749103807611391"},"directories":{}},"1.0.2":{"name":"for-in","description":"Iterate over the own and inherited enumerable properties of an object, and return an object with properties that evaluate to true from the callback. Exit early by returning `false`. JavaScript/Node.js","version":"1.0.2","homepage":"https://github.com/jonschlinkert/for-in","author":{"name":"Jon Schlinkert","url":"https://github.com/jonschlinkert"},"contributors":[{"name":"Jon Schlinkert","email":"jon.schlinkert@sellside.com","url":"http://twitter.com/jonschlinkert"},{"name":"Paul Irish","url":"http://paulirish.com"}],"repository":{"type":"git","url":"git+https://github.com/jonschlinkert/for-in.git"},"bugs":{"url":"https://github.com/jonschlinkert/for-in/issues"},"license":"MIT","files":["index.js"],"main":"index.js","engines":{"node":">=0.10.0"},"scripts":{"test":"mocha"},"devDependencies":{"gulp-format-md":"^0.1.11","mocha":"^3.2.0"},"keywords":["for","for-in","for-own","has","has-own","hasOwn","in","key","keys","object","own","value"],"verb":{"run":true,"toc":false,"layout":"default","tasks":["readme"],"plugins":["gulp-format-md"],"related":{"list":["arr-flatten","collection-map","for-own"]},"reflinks":["verb"],"lint":{"reflinks":true}},"gitHead":"5f97ad4f6556e938d9b71614259ddd8044a081e3","_id":"for-in@1.0.2","_shasum":"81068d295a8142ec0ac726c6e2200c30fb6d5e80","_from":".","_npmVersion":"4.1.2","_nodeVersion":"7.5.0","_npmUser":{"name":"jonschlinkert","email":"github@sellside.com"},"maintainers":[{"name":"jonschlinkert","email":"github@sellside.com"},{"name":"doowb","email":"brian.woodward@gmail.com"}],"dist":{"shasum":"81068d295a8142ec0ac726c6e2200c30fb6d5e80","tarball":"https://registry.npmjs.org/for-in/-/for-in-1.0.2.tgz"},"_npmOperationalInternal":{"host":"packages-18-east.internal.npmjs.com","tmp":"tmp/for-in-1.0.2.tgz_1488298375632_0.9562143329530954"},"directories":{}}},"readme":"# for-in [![NPM version](https://img.shields.io/npm/v/for-in.svg?style=flat)](https://www.npmjs.com/package/for-in) [![NPM monthly downloads](https://img.shields.io/npm/dm/for-in.svg?style=flat)](https://npmjs.org/package/for-in)  [![NPM total downloads](https://img.shields.io/npm/dt/for-in.svg?style=flat)](https://npmjs.org/package/for-in) [![Linux Build Status](https://img.shields.io/travis/jonschlinkert/for-in.svg?style=flat&label=Travis)](https://travis-ci.org/jonschlinkert/for-in)\n\n> Iterate over the own and inherited enumerable properties of an object, and return an object with properties that evaluate to true from the callback. Exit early by returning `false`. JavaScript/Node.js\n\n## Install\n\nInstall with [npm](https://www.npmjs.com/):\n\n```sh\n$ npm install --save for-in\n```\n\n## Usage\n\n```js\nvar forIn = require('for-in');\n\nvar obj = {a: 'foo', b: 'bar', c: 'baz'};\nvar values = [];\nvar keys = [];\n\nforIn(obj, function (value, key, o) {\n  keys.push(key);\n  values.push(value);\n});\n\nconsole.log(keys);\n//=> ['a', 'b', 'c'];\n\nconsole.log(values);\n//=> ['foo', 'bar', 'baz'];\n```\n\n## About\n\n### Related projects\n\n* [arr-flatten](https://www.npmjs.com/package/arr-flatten): Recursively flatten an array or arrays. This is the fastest implementation of array flatten. | [homepage](https://github.com/jonschlinkert/arr-flatten \"Recursively flatten an array or arrays. This is the fastest implementation of array flatten.\")\n* [collection-map](https://www.npmjs.com/package/collection-map): Returns an array of mapped values from an array or object. | [homepage](https://github.com/jonschlinkert/collection-map \"Returns an array of mapped values from an array or object.\")\n* [for-own](https://www.npmjs.com/package/for-own): Iterate over the own enumerable properties of an object, and return an object with properties… [more](https://github.com/jonschlinkert/for-own) | [homepage](https://github.com/jonschlinkert/for-own \"Iterate over the own enumerable properties of an object, and return an object with properties that evaluate to true from the callback. Exit early by returning `false`. JavaScript/Node.js.\")\n\n### Contributing\n\nPull requests and stars are always welcome. For bugs and feature requests, [please create an issue](../../issues/new).\n\n### Contributors\n\n| **Commits** | **Contributor** | \n| --- | --- |\n| 16 | [jonschlinkert](https://github.com/jonschlinkert) |\n| 2 | [paulirish](https://github.com/paulirish) |\n\n### Building docs\n\n_(This project's readme.md is generated by [verb](https://github.com/verbose/verb-generate-readme), please don't edit the readme directly. Any changes to the readme must be made in the [.verb.md](.verb.md) readme template.)_\n\nTo generate the readme, run the following command:\n\n```sh\n$ npm install -g verbose/verb#dev verb-generate-readme && verb\n```\n\n### Running tests\n\nRunning and reviewing unit tests is a great way to get familiarized with a library and its API. You can install dependencies and run tests with the following command:\n\n```sh\n$ npm install && npm test\n```\n\n### Author\n\n**Jon Schlinkert**\n\n* [github/jonschlinkert](https://github.com/jonschlinkert)\n* [twitter/jonschlinkert](https://twitter.com/jonschlinkert)\n\n### License\n\nCopyright © 2017, [Jon Schlinkert](https://github.com/jonschlinkert).\nReleased under the [MIT License](LICENSE).\n\n***\n\n_This file was generated by [verb-generate-readme](https://github.com/verbose/verb-generate-readme), v0.4.2, on February 28, 2017._","maintainers":[{"email":"brian.woodward@gmail.com","name":"doowb"},{"email":"github@sellside.com","name":"jonschlinkert"}],"time":{"modified":"2017-10-21T06:41:48.069Z","created":"2014-09-20T23:24:21.373Z","0.1.0":"2014-09-20T23:24:21.373Z","0.1.1":"2014-09-20T23:26:01.423Z","0.1.2":"2014-09-20T23:30:31.957Z","0.1.3":"2014-10-06T02:36:49.650Z","0.1.4":"2015-03-24T06:25:12.152Z","0.1.5":"2016-03-27T14:58:16.722Z","0.1.6":"2016-09-14T13:07:03.225Z","0.1.7":"2017-02-27T01:26:39.739Z","1.0.0":"2017-02-27T01:27:14.051Z","1.0.1":"2017-02-27T01:29:59.650Z","0.1.8":"2017-02-27T02:50:17.988Z","1.0.2":"2017-02-28T16:12:56.286Z"},"homepage":"https://github.com/jonschlinkert/for-in","keywords":["for","for-in","for-own","has","has-own","hasOwn","in","key","keys","object","own","value"],"repository":{"type":"git","url":"git+https://github.com/jonschlinkert/for-in.git"},"author":{"name":"Jon Schlinkert","url":"https://github.com/jonschlinkert"},"bugs":{"url":"https://github.com/jonschlinkert/for-in/issues"},"readmeFilename":"README.md","license":"MIT","contributors":[{"name":"Jon Schlinkert","email":"jon.schlinkert@sellside.com","url":"http://twitter.com/jonschlinkert"},{"name":"Paul Irish","url":"http://paulirish.com"}],"users":{"shuoshubao":true,"rocket0191":true},"_attachments":{},"_etag":"W/\"08635e3d5a29b1500338930e09986dbf\"","_lastModified":"Sun, 27 May 2018 01:04:24 GMT"}